number,value,datetime_start,datetime_complete,duration,duration_s,params_fusion.early.reduction_dim,params_fusion.early.reduction_method,params_fusion.key_pooling,params_method.target_transform,params_rewrite.count_feature_window_days,params_rewrite.count_features_after_simplify,params_sampling.context_tables_sample_size,params_sampling.train.anchor_budget_fraction,params_sampling.train.sample_size,params_tabicl.outlier_threshold,params_vectorizer.relative_time,user_attrs_effective_context_tables_dropped,user_attrs_effective_context_tables_used,user_attrs_effective_restrict_to_test_keys_batches,user_attrs_trial_timeout_s,user_attrs_val_explained_variance,user_attrs_val_mae,user_attrs_val_mae_sem,user_attrs_val_mae_std,user_attrs_val_mae_var,user_attrs_val_max_error,user_attrs_val_mean_residual,user_attrs_val_median_ae,user_attrs_val_median_residual,user_attrs_val_mse,user_attrs_val_n,user_attrs_val_r2,user_attrs_val_rmse,user_attrs_val_spearman,state,test_value,test_mae,test_mae_var,test_mae_std,test_mae_sem,test_mse,test_rmse,test_median_ae,test_max_error,test_r2,test_explained_variance,test_mean_residual,test_median_residual,test_spearman,test_n
46,0.030293544754385948,2026-08-24 18:23:40.161829,2026-08-24 18:24:22.979552,0 days 00:00:42.817723,42.817723,64,gaussian_random_projection,mean,none,"[1,3,7,28]",True,32768,0.25,32768,4.0,False,"PhoneRequestsStream*UserInfo,VisitStream*UserInfo",1,1,195.579816,0.2866672873497009,0.030293544754385948,0.0019046924962718011,0.08004242181777954,0.006406789645552635,0.9558246731758118,-0.017350774258375168,0.006799017079174519,-0.0014828996500000358,0.007320859935134649,1766,0.25607556104660034,0.08556202390742432,0.8037357935827156,COMPLETE,0.0315609090030193,0.0315609090030193,0.0077487239614129,0.0880268365144729,0.0020656520696568,0.0087405480444431,0.0934908981903753,0.0071549238637089,0.949219048023224,0.2743858695030212,0.3021466732025146,-0.0182865969836711,-0.0008300658082589,0.791329951172307,1816.0
44,0.030419792979955673,2026-08-24 18:21:56.207285,2026-08-24 18:22:37.878121,0 days 00:00:41.670836,41.670836,64,gaussian_random_projection,mean,log1p,"[1,3,7,28]",True,32768,0.75,32768,4.0,False,"PhoneRequestsStream*UserInfo,VisitStream*UserInfo",1,1,195.579816,0.24637067317962646,0.030419792979955673,0.001985193503988159,0.0834253802895546,0.0069597940891981125,0.9634757041931152,-0.02156042866408825,0.0068505569361150265,-0.0026344023644924164,0.007881216704845428,1766,0.1991337537765503,0.08877621700008076,0.8154351000906578,COMPLETE,,,,,,,,,,,,,,,
54,0.03099025972187519,2026-08-24 18:31:02.113446,2026-08-24 18:31:39.685227,0 days 00:00:37.571781,37.571781,64,first_k,mean,log1p,"[1,7,28]",True,32768,0.25,65536,8.0,True,"PhoneRequestsStream*UserInfo,VisitStream*UserInfo",1,1,196.50319000000002,0.2755141258239746,0.03099025972187519,0.001887588383497697,0.07932364195585251,0.00629224069416523,0.963709831237793,-0.01093186903744936,0.00733520183712244,0.001145906513556838,0.0072490740567445755,1766,0.26337021589279175,0.08514149432999503,0.7962787975694479,COMPLETE,,,,,,,,,,,,,,,
10,0.031209459528326988,2026-08-24 17:52:21.347802,2026-08-24 17:53:02.475012,0 days 00:00:41.127210,41.12721,64,gaussian_random_projection,mean,none,"[1,7,28]",True,32768,0.25,32768,4.0,False,"PhoneRequestsStream*UserInfo,VisitStream*UserInfo",1,1,195.803584,0.26625674962997437,0.031209459528326988,0.0018928100551511432,0.07954307645559311,0.006327101029455662,0.964701235294342,-0.008768186904489994,0.007224576082080603,0.0019076004391536117,0.007297549396753311,1766,0.25844430923461914,0.08542569517863645,0.8096062365595393,COMPLETE,,,,,,,,,,,,,,,
26,0.03161858022212982,2026-08-24 18:07:17.647995,2026-08-24 18:07:58.489832,0 days 00:00:40.841837,40.841837,32,gaussian_random_projection,mean,none,"[1,7,28]",True,32768,0.25,65536,8.0,True,"PhoneRequestsStream*UserInfo,VisitStream*UserInfo",1,1,202.949234,0.2819679379463196,0.03161858022212982,0.00187749448725141,0.07889945805072784,0.006225124467164278,0.951266884803772,-0.012461087666451931,0.007201788946986198,-0.001372416503727436,0.007221334148198366,1766,0.2661890387535095,0.0849784334298907,0.7909801896240819,COMPLETE,,,,,,,,,,,,,,,
22,0.03193959221243858,2026-08-24 18:03:58.314138,2026-08-24 18:04:46.220624,0 days 00:00:47.906486,47.906486,64,pca,mean,log1p,null,True,32768,0.75,16384,8.0,True,"PhoneRequestsStream*UserInfo,VisitStream*UserInfo",1,1,217.367208,0.2266385555267334,0.03193959221243858,0.001979277547865241,0.08317676931619644,0.006918374914675951,0.9681261777877808,-0.018001358956098557,0.007730403915047646,-0.0014718025922775269,0.007934595458209515,1766,0.19370955228805542,0.08907634623293388,0.7613457164507631,COMPLETE,,,,,,,,,,,,,,,
5,0.032024264335632324,2026-08-24 17:47:11.088382,2026-08-24 17:47:57.189787,0 days 00:00:46.101405,46.101405,32,pca,mean,log1p,"[1,7,28]",True,32768,0.25,65536,8.0,False,"PhoneRequestsStream*UserInfo,VisitStream*UserInfo",1,1,168.483856,0.2634740471839905,0.032024264335632324,0.00188972956673003,0.07941362261772156,0.006306523457169533,0.958819568157196,-0.008969629183411598,0.007494515739381313,0.000712365610525012,0.007328505627810955,1766,0.2552986145019531,0.08560669148968995,0.7961515209775512,COMPLETE,,,,,,,,,,,,,,,
65,0.032580770552158356,2026-08-24 18:40:56.077572,2026-08-24 18:41:37.128707,0 days 00:00:41.051135,41.051135,64,gaussian_random_projection,mean,log1p,"[1,7,28]",True,32768,0.25,16384,8.0,True,"PhoneRequestsStream*UserInfo,VisitStream*UserInfo",1,1,196.3582,0.28658485412597656,0.032580770552158356,0.001842624422090194,0.07743408530950546,0.005996037274599075,0.9469125270843506,-0.0057901558466255665,0.007411233615130186,0.00045203836634755135,0.007054148707538843,1766,0.2831779718399048,0.0839889796791153,0.7932526836828907,COMPLETE,,,,,,,,,,,,,,,
37,0.03265925124287605,2026-08-24 18:16:12.735834,2026-08-24 18:16:47.908688,0 days 00:00:35.172854,35.172854,32,first_k,mean,none,"[1,7,28]",True,32768,0.75,65536,4.0,True,"PhoneRequestsStream*UserInfo,VisitStream*UserInfo",1,1,195.910664,0.2875792980194092,0.03265925124287605,0.001839801364989222,0.07731544971466064,0.005977679044008255,0.9423352479934692,-0.005484999157488346,0.0077032651752233505,0.001613093540072441,0.0070409211330115795,1766,0.2845221161842346,0.08391019683573374,0.7820988405017943,COMPLETE,,,,,,,,,,,,,,,
75,0.03330737352371216,2026-08-24 18:50:43.297522,2026-08-24 18:51:19.206243,0 days 00:00:35.908721,35.908721,32,first_k,max,log1p,"[1,3,7,28]",True,32768,0.75,32768,4.0,True,"PhoneRequestsStream*UserInfo,VisitStream*UserInfo",1,1,199.865448,0.2998543381690979,0.03330737352371216,0.00181402880212168,0.07623238861560822,0.005811377428472042,0.9378746747970581,-0.005237238015979528,0.007996814325451851,0.0015609252732247114,0.006917467340826988,1766,0.2970671057701111,0.0831713132085035,0.768271942691044,COMPLETE,,,,,,,,,,,,,,,
8,0.03397636115550995,2026-08-24 17:50:10.551122,2026-08-24 17:50:59.640672,0 days 00:00:49.089550,49.08955,64,pca,max,none,"[1,3,7,28]",True,32768,0.75,16384,4.0,False,"PhoneRequestsStream*UserInfo,VisitStream*UserInfo",1,1,189.827294,0.2674263119697571,0.03397636115550995,0.0018537517667972965,0.0779016986489296,0.006068674381822348,0.9440173506736755,-0.003236088901758194,0.008178483694791794,0.0006133462302386761,0.007219631224870682,1766,0.26636213064193726,0.0849684131008146,0.7796767375665321,COMPLETE,,,,,,,,,,,,,,,
4,0.03405920788645744,2026-08-24 17:46:35.746131,2026-08-24 17:47:11.038541,0 days 00:00:35.292410,35.29241,32,first_k,mean,none,"[1,7,28]",True,32768,0.75,16384,8.0,True,"PhoneRequestsStream*UserInfo,VisitStream*UserInfo",1,1,207.609586,0.26756179332733154,0.03405920788645744,0.0018517006490681536,0.07781550288200378,0.006055252160876989,0.928493082523346,-0.002007078845053911,0.007989817298948765,0.0020364646334201097,0.007211852818727493,1766,0.2671525478363037,0.08492262842568812,0.7868168896627892,COMPLETE,,,,,,,,,,,,,,,
93,0.03426945209503174,2026-08-24 19:07:37.609443,2026-08-24 19:08:23.235916,0 days 00:00:45.626473,45.626473,32,pca,sum,log1p,"[1,3,7,28]",True,32768,0.75,32768,8.0,True,"PhoneRequestsStream*UserInfo,VisitStream*UserInfo",1,1,211.16818,0.21910715103149414,0.03426945209503174,0.0019223497672544733,0.08078444749116898,0.006526127457618713,0.9450033903121948,-0.0034880749881267548,0.007556833792477846,0.0003737408551387489,0.007696827407926321,1766,0.217870831489563,0.08773156449036071,0.7912962077912538,COMPLETE,,,,,,,,,,,,,,,
31,0.03485502675175667,2026-08-24 18:11:28.949505,2026-08-24 18:12:09.272934,0 days 00:00:40.323429,40.323429,32,gaussian_random_projection,mean,none,"[1,3,7,28]",True,32768,0.25,16384,4.0,True,"PhoneRequestsStream*UserInfo,VisitStream*UserInfo",1,1,196.3582,0.27814680337905884,0.03485502675175667,0.0018266401000998455,0.0767623633146286,0.005892460700124502,0.9508826732635498,-0.0005802841624245048,0.008037702180445194,0.0018272745655849576,0.007103996817022562,1766,0.27811259031295776,0.08428521114064176,0.7754857107122376,COMPLETE,,,,,,,,,,,,,,,
42,0.035125214606523514,2026-08-24 18:20:34.826254,2026-08-24 18:21:15.177792,0 days 00:00:40.351538,40.351538,32,gaussian_random_projection,mean,none,null,True,32768,0.75,32768,4.0,True,"PhoneRequestsStream*UserInfo,VisitStream*UserInfo",1,1,196.134432,0.21516966819763184,0.035125214606523514,0.001920966162555862,0.08072630316019058,0.006516736466437578,0.9525647759437561,-0.004839222878217697,0.008127739652991295,1.0736635886132717e-05,0.007746827322989702,1766,0.21279001235961914,0.08801606286917009,0.7597058317400384,COMPLETE,,,,,,,,,,,,,,,
49,0.0352267250418663,2026-08-24 18:26:08.066786,2026-08-24 18:26:58.033148,0 days 00:00:49.966362,49.966362,64,pca,sum,none,"[1,3,7,28]",True,32768,0.25,65536,4.0,False,"PhoneRequestsStream*UserInfo,VisitStream*UserInfo",1,1,195.248968,0.2022724151611328,0.0352267250418663,0.0019357713001727532,0.0813484713435173,0.00661757355555892,0.9537163376808167,-0.002102205529808998,0.00774789322167635,0.0003431562799960375,0.007854748517274857,1766,0.20182329416275024,0.08862701911536265,0.7833160393392671,COMPLETE,,,,,,,,,,,,,,,
27,0.035528626292943954,2026-08-24 18:07:58.544931,2026-08-24 18:08:47.522597,0 days 00:00:48.977666,48.977666,64,pca,mean,log1p,"[1,7,28]",True,32768,0.75,65536,8.0,False,"PhoneRequestsStream*UserInfo,VisitStream*UserInfo",1,1,196.64818,0.21510636806488037,0.035528626292943954,0.001913391263690132,0.08040797710418701,0.006465442944318056,0.9647068977355957,0.000180902992724441,0.008300288580358028,0.00211931299418211,0.007724065333604813,1766,0.21510297060012817,0.08788666186404404,0.793554792649613,COMPLETE,,,,,,,,,,,,,,,
36,0.03638317063450813,2026-08-24 18:15:24.163576,2026-08-24 18:16:12.678234,0 days 00:00:48.514658,48.514658,64,pca,sum,log1p,"[1,7,28]",True,32768,0.25,32768,8.0,False,"PhoneRequestsStream*UserInfo,VisitStream*UserInfo",1,1,196.134432,0.07121747732162476,0.03638317063450813,0.0021044712567137467,0.08843788504600525,0.007821259088814259,0.9642148613929749,-0.0007361042662523687,0.007958796806633472,0.001305210404098034,0.009140565060079098,1766,0.0711624026298523,0.09560630240773407,0.79082864600922,COMPLETE,,,,,,,,,,,,,,,
99,0.036706142127513885,2026-08-24 19:14:04.274630,2026-08-24 19:14:53.564499,0 days 00:00:49.289869,49.289869,64,pca,mean,none,null,True,32768,0.25,16384,4.0,False,"PhoneRequestsStream*UserInfo,VisitStream*UserInfo",1,1,211.968316,0.17333579063415527,0.036706142127513885,0.0019611502696995835,0.08241499215364456,0.006792230531573296,0.946978747844696,-0.0007962621166370809,0.0087113743647933,0.0007300912402570248,0.008135724812746048,1766,0.17327135801315308,0.0901982528253516,0.7494855063772808,COMPLETE,,,,,,,,,,,,,,,
1,0.037463270127773285,2026-08-24 17:44:11.259261,2026-08-24 17:44:51.786199,0 days 00:00:40.526938,40.526938,64,gaussian_random_projection,mean,none,null,True,32768,0.75,16384,8.0,True,"PhoneRequestsStream*UserInfo,VisitStream*UserInfo",1,1,170917.27851494798,0.14276820421218872,0.037463270127773285,0.001996110400363989,0.08388414978981018,0.007036549970507622,0.9570631384849548,-0.00039972399827092886,0.008184477686882019,0.0002316432073712349,0.008436061441898346,1766,0.14275199174880981,0.0918480345020967,0.7648804704503813,COMPLETE,,,,,,,,,,,,,,,
17,0.0375632718205452,2026-08-24 17:59:06.732863,2026-08-24 17:59:51.692877,0 days 00:00:44.960014,44.960014,32,pca,sum,none,null,True,32768,0.25,65536,4.0,True,"PhoneRequestsStream*UserInfo,VisitStream*UserInfo",1,1,196.64818,0.10388493537902832,0.0375632718205452,0.0020498486565606088,0.08614243566989899,0.007420519832521677,0.9643016457557678,-0.0029612798243761063,0.008040666580200195,7.927417755126953e-06,0.00882731657475233,1766,0.10299384593963623,0.09395380021453273,0.7494218800645095,COMPLETE,,,,,,,,,,,,,,,
29,0.03838840872049332,2026-08-24 18:09:28.913700,2026-08-24 18:10:16.331274,0 days 00:00:47.417574,47.417574,32,gaussian_random_projection,max,log1p,"[1,3,7,28]",True,65536,0.75,16384,8.0,True,"PhoneRequestsStream*UserInfo,VisitStream*UserInfo",1,1,196.3582,0.1773313283920288,0.03838840872049332,0.0019403905258028931,0.08154258877038956,0.006649193819612265,0.9440410137176514,0.004829843528568745,0.009933218359947205,0.003258852753788233,0.008119098842144012,1766,0.17496085166931152,0.09010604220663569,0.776465069629803,COMPLETE,,,,,,,,,,,,,,,
61,0.03954378142952919,2026-08-24 18:37:39.546603,2026-08-24 18:38:14.634718,0 days 00:00:35.088115,35.088115,32,first_k,max,none,null,True,32768,0.25,16384,8.0,True,"PhoneRequestsStream*UserInfo,VisitStream*UserInfo",1,1,196.64818,0.09636402130126953,0.03954378142952919,0.0020397246202837264,0.08571698516607285,0.0073474012315273285,0.9609737992286682,0.003793687094002962,0.009414458647370338,0.0017333831638097763,0.008906951174139977,1766,0.09490156173706055,0.0943766452791154,0.7489814155139909,COMPLETE,,,,,,,,,,,,,,,
34,0.03954734280705452,2026-08-24 18:13:44.286022,2026-08-24 18:14:25.381427,0 days 00:00:41.095405,41.095405,64,gaussian_random_projection,sum,none,"[1,7,28]",True,32768,0.25,16384,8.0,True,"PhoneRequestsStream*UserInfo,VisitStream*UserInfo",1,1,196.134432,0.03110450506210327,0.03954734280705452,0.002127089754026664,0.0893884003162384,0.007990285754203796,0.9460567235946655,0.0038708129432052374,0.008001746609807014,8.999858982861042e-05,0.009549751877784729,1766,0.02958202362060547,0.09772283191652158,0.7758831469420041,COMPLETE,,,,,,,,,,,,,,,
59,0.040632348507642746,2026-08-24 18:35:33.071305,2026-08-24 18:36:30.062492,0 days 00:00:56.991187,56.991187,64,pca,sum,log1p,"[1,7,28]",True,65536,0.75,32768,8.0,True,"PhoneRequestsStream*UserInfo,VisitStream*UserInfo",1,1,196.3582,0.09287393093109131,0.040632348507642746,0.0020389392065452783,0.08568397909402847,0.007341744378209114,0.9233106970787048,0.00785308238118887,0.009446506388485432,0.003085176460444927,0.008988576009869576,1766,0.08660709857940674,0.09480810097175017,0.7758784168551971,COMPLETE,,,,,,,,,,,,,,,
55,0.04104037210345268,2026-08-24 18:31:39.736158,2026-08-24 18:32:19.258730,0 days 00:00:39.522572,39.522572,32,gaussian_random_projection,max,log1p,null,True,32768,0.25,65536,8.0,False,"PhoneRequestsStream*UserInfo,VisitStream*UserInfo",1,1,196.3582,0.0682418942451477,0.04104037210345268,0.0020669671301728194,0.08686181902885437,0.007544976193457842,0.9413498044013977,0.007463898975402117,0.008927406743168831,0.0016862611519172788,0.00922501552850008,1766,0.06258076429367065,0.09604694439960118,0.7522852754788886,COMPLETE,,,,,,,,,,,,,,,
12,0.04127700254321098,2026-08-24 17:54:13.953336,2026-08-24 17:55:11.104580,0 days 00:00:57.151244,57.151244,64,pca,mean,log1p,"[1,3,7,28]",True,65536,0.75,16384,4.0,False,"PhoneRequestsStream*UserInfo,VisitStream*UserInfo",1,1,195.803584,0.11492788791656494,0.04127700254321098,0.0020046935719002733,0.08424484729766846,0.007097194436937571,0.9622387290000916,0.009332244284451008,0.010500114411115646,0.003181968815624714,0.008796966634690762,1766,0.10607784986495972,0.09379214591153548,0.7898917641862612,COMPLETE,,,,,,,,,,,,,,,
23,0.041864197701215744,2026-08-24 18:04:46.266948,2026-08-24 18:05:27.887395,0 days 00:00:41.620447,41.620447,32,first_k,sum,log1p,"[1,7,28]",True,65536,0.75,65536,8.0,True,"PhoneRequestsStream*UserInfo,VisitStream*UserInfo",1,1,209.250288,0.0996924638748169,0.041864197701215744,0.0020244547943127785,0.08507528901100159,0.007237804587930441,0.9231298565864563,0.01124775130301714,0.009876331314444542,0.004260597750544548,0.008986317552626133,1766,0.08683657646179199,0.09479618954697563,0.7753404506396842,COMPLETE,,,,,,,,,,,,,,,
64,0.04327051341533661,2026-08-24 18:40:13.527771,2026-08-24 18:40:56.023989,0 days 00:00:42.496218,42.496218,64,first_k,sum,none,"[1,7,28]",True,65536,0.25,32768,8.0,True,"PhoneRequestsStream*UserInfo,VisitStream*UserInfo",1,1,196.50319000000002,0.04323822259902954,0.04327051341533661,0.0020869272767872525,0.08770062029361725,0.0076913982629776,0.9258498549461365,0.012000746093690395,0.010216765105724335,0.003107106313109398,0.009559380821883678,1766,0.02860361337661743,0.09777208610786454,0.7659293317950058,COMPLETE,,,,,,,,,,,,,,,
88,0.04342731460928917,2026-08-24 19:03:13.369092,2026-08-24 19:03:49.100079,0 days 00:00:35.730987,35.730987,32,first_k,max,none,"[1,7,28]",True,32768,0.75,16384,8.0,False,"PhoneRequestsStream*UserInfo,VisitStream*UserInfo",1,1,210.209234,0.01620352268218994,0.04342731460928917,0.0021302874339785027,0.08952277898788452,0.008014327846467495,0.9363857507705688,0.014639412052929401,0.009611259214580059,0.00352176814340055,0.009895721450448036,1766,-0.005574345588684082,0.09947724086668285,0.7856633171380878,COMPLETE,,,,,,,,,,,,,,,
78,0.0435190349817276,2026-08-24 18:53:20.143947,2026-08-24 18:54:16.639036,0 days 00:00:56.495089,56.495089,64,pca,max,none,"[1,7,28]",True,65536,0.25,32768,4.0,True,"PhoneRequestsStream*UserInfo,VisitStream*UserInfo",1,1,202.733522,0.11317121982574463,0.0435190349817276,0.0019968821624415205,0.08391658216714859,0.007041992619633675,0.8962802886962891,0.01430907379835844,0.010499142110347748,0.003600721014663577,0.008931911550462246,1766,0.09236514568328857,0.09450879086340194,0.7673475320872853,COMPLETE,,,,,,,,,,,,,,,
91,0.043838657438755035,2026-08-24 19:05:51.599486,2026-08-24 19:06:48.586618,0 days 00:00:56.987132,56.987132,64,pca,sum,log1p,"[1,7,28]",True,65536,0.25,65536,8.0,False,"PhoneRequestsStream*UserInfo,VisitStream*UserInfo",1,1,211.16818,-0.008771300315856934,0.043838657438755035,0.0021507025177606234,0.0903806984424591,0.00816867034882307,0.9654605388641357,0.012597272172570229,0.010282202623784542,0.0034707295708358288,0.010085874237120152,1766,-0.024897098541259766,0.10042845332434505,0.7825277118731786,COMPLETE,,,,,,,,,,,,,,,
63,0.045154862105846405,2026-08-24 18:39:31.520769,2026-08-24 18:40:13.482653,0 days 00:00:41.961884,41.961884,64,first_k,sum,none,"[1,7,28]",True,65536,0.75,65536,4.0,True,"PhoneRequestsStream*UserInfo,VisitStream*UserInfo",1,1,196.64818,0.04078173637390137,0.045154862105846405,0.0020830659842794295,0.08753835409879684,0.007662964053452015,0.8991588950157166,0.016063909977674484,0.01104387454688549,0.003472245065495372,0.009697587229311466,1766,0.014559507369995117,0.09847632826883558,0.7577804445672637,COMPLETE,,,,,,,,,,,,,,,
56,0.045238569378852844,2026-08-24 18:32:19.309300,2026-08-24 18:33:07.066799,0 days 00:00:47.757499,47.757499,64,pca,max,log1p,null,True,32768,0.75,65536,8.0,False,"PhoneRequestsStream*UserInfo,VisitStream*UserInfo",1,1,196.134432,-0.08497095108032227,0.045238569378852844,0.0022357596343371695,0.09395512193441391,0.008827565237879753,0.9679798483848572,0.013857920654118061,0.010821972042322159,0.0027130423113703728,0.010869094170629978,1766,-0.10448563098907471,0.1042549479431551,0.7358122437904824,COMPLETE,,,,,,,,,,,,,,,
33,0.04673701524734497,2026-08-24 18:12:50.954225,2026-08-24 18:13:44.241649,0 days 00:00:53.287424,53.287424,32,pca,max,log1p,"[1,7,28]",True,65536,0.75,16384,4.0,True,"PhoneRequestsStream*UserInfo,VisitStream*UserInfo",1,1,195.910664,-0.009572625160217285,0.04673701524734497,0.0021389794642135244,0.08988805115222931,0.008079861290752888,0.935068666934967,0.018015792593359947,0.011479003354907036,0.0054504480212926865,0.01025963481515646,1766,-0.04255414009094238,0.10128985544049542,0.7702206142662633,COMPLETE,,,,,,,,,,,,,,,
47,0.050775036215782166,2026-08-24 18:24:23.036306,2026-08-24 18:24:58.500907,0 days 00:00:35.464601,35.464601,32,first_k,max,none,"[1,3,7,28]",True,32768,0.25,16384,4.0,False,"PhoneRequestsStream*UserInfo,VisitStream*UserInfo",1,1,195.248968,-0.2600746154785156,0.050775036215782166,0.002427490120138745,0.10201236605644226,0.010406522080302238,0.9162532091140747,0.02405223622918129,0.008752672001719475,0.001872763503342867,0.012978735379874706,1766,-0.3188612461090088,0.11392425281683749,0.7649758783275261,COMPLETE,,,,,,,,,,,,,,,
15,0.05340694636106491,2026-08-24 17:57:25.466503,2026-08-24 17:58:01.324277,0 days 00:00:35.857774,35.857774,32,first_k,sum,log1p,"[1,3,7,28]",True,32768,0.75,32768,8.0,False,"PhoneRequestsStream*UserInfo,VisitStream*UserInfo",1,1,196.64818,-0.701492428779602,0.05340694636106491,0.002865812507313925,0.12043233960866928,0.014503948390483856,0.961764931678772,0.02457398734986782,0.009056721813976765,0.0017540475819259882,0.017348038032650948,1766,-0.7628570795059204,0.131711950986427,0.7738628268616489,COMPLETE,,,,,,,,,,,,,,,
83,0.05406554415822029,2026-08-24 18:58:32.115046,2026-08-24 18:59:14.447612,0 days 00:00:42.332566,42.332566,64,first_k,max,none,"[1,7,28]",True,65536,0.75,32768,4.0,False,"PhoneRequestsStream*UserInfo,VisitStream*UserInfo",1,1,209.250288,-0.23267900943756104,0.05406554415822029,0.002399183667169646,0.1008228212594986,0.010165240615606308,0.877689003944397,0.03085353970527649,0.011907210573554039,0.005437904037535191,0.013082567602396011,1766,-0.32941246032714844,0.11437905228841518,0.7610313432469904,COMPLETE,,,,,,,,,,,,,,,
70,0.05549068748950958,2026-08-24 18:46:15.361583,2026-08-24 18:46:51.359745,0 days 00:00:35.998162,35.998162,32,first_k,sum,log1p,"[1,3,7,28]",True,32768,0.25,32768,8.0,False,"PhoneRequestsStream*UserInfo,VisitStream*UserInfo",1,1,198.256814,-0.6087713241577148,0.05549068748950958,0.0027824060006482027,0.11692728102207184,0.013671989552676678,0.952201247215271,0.03019537962973118,0.011389369145035744,0.005493053235113621,0.016743462532758713,1766,-0.7014219760894775,0.12939653215120842,0.7680935327931706,COMPLETE,,,,,,,,,,,,,,,
18,0.05723985657095909,2026-08-24 17:59:51.744952,2026-08-24 18:00:48.115984,0 days 00:00:56.371032,56.371032,64,pca,max,none,"[1,7,28]",True,65536,0.25,32768,8.0,False,"PhoneRequestsStream*UserInfo,VisitStream*UserInfo",1,1,196.50319000000002,-0.2312227487564087,0.05723985657095909,0.002390555817470362,0.1004602462053299,0.010092261247336864,0.8547652363777161,0.035307954996824265,0.01286922488361597,0.006488886196166277,0.013362947851419449,1766,-0.3579038381576538,0.11559821733668495,0.7681462435210027,COMPLETE,,,,,,,,,,,,,,,
20,0.05761026591062546,2026-08-24 18:01:50.237901,2026-08-24 18:02:42.550473,0 days 00:00:52.312572,52.312572,32,pca,mean,none,null,True,65536,0.25,32768,4.0,True,"PhoneRequestsStream*UserInfo,VisitStream*UserInfo",1,1,211.06615399999998,-0.4015960693359375,0.05761026591062546,0.0025260136250908685,0.10615269839763641,0.01126839593052864,0.9564613699913025,0.02807207591831684,0.01344880647957325,0.005593347828835249,0.014580958522856236,1766,-0.48167455196380615,0.12075163983506078,0.7207265873053894,COMPLETE,,,,,,,,,,,,,,,
40,0.058610979467630386,2026-08-24 18:18:33.151655,2026-08-24 18:19:26.143734,0 days 00:00:52.992079,52.992079,32,pca,max,none,null,True,65536,0.75,32768,8.0,True,"PhoneRequestsStream*UserInfo,VisitStream*UserInfo",1,1,195.579816,-0.35832858085632324,0.058610979467630386,0.002478463117175416,0.10415444523096085,0.010848147794604301,0.9520942568778992,0.030168266966938972,0.014891409315168858,0.007808486931025982,0.014277252368628979,1766,-0.4508126974105835,0.1194874569510498,0.720852334408139,COMPLETE,,,,,,,,,,,,,,,
32,0.06027572974562645,2026-08-24 18:12:09.327873,2026-08-24 18:12:50.904635,0 days 00:00:41.576762,41.576762,32,first_k,mean,log1p,"[1,3,7,28]",True,65536,0.25,65536,4.0,False,"PhoneRequestsStream*UserInfo,VisitStream*UserInfo",1,1,196.134432,-0.6096838712692261,0.06027572974562645,0.0027575388797585958,0.1158822700381279,0.013428700156509876,0.9505610466003418,0.034836459904909134,0.01248739380389452,0.005793025251477957,0.017054259777069092,1766,-0.7330042123794556,0.13059195908274404,0.7670948548153943,COMPLETE,,,,,,,,,,,,,,,
43,0.06602023541927338,2026-08-24 18:21:15.222092,2026-08-24 18:21:56.156677,0 days 00:00:40.934585,40.934585,32,first_k,sum,log1p,null,True,65536,0.25,65536,8.0,False,"PhoneRequestsStream*UserInfo,VisitStream*UserInfo",1,1,195.910664,-0.7121745347976685,0.06602023541927338,0.0028421368041043112,0.11943739652633667,0.014265292324125767,0.9506909251213074,0.04203103482723236,0.015111112967133522,0.008163521997630596,0.018615886569023132,1766,-0.8916921615600586,0.13644004752646172,0.7441132454680675,COMPLETE,,,,,,,,,,,,,,,
2,0.06998617947101593,2026-08-24 17:44:51.847397,2026-08-24 17:45:33.968361,0 days 00:00:42.120964,42.120964,32,first_k,max,none,"[1,7,28]",True,65536,0.25,65536,4.0,False,"PhoneRequestsStream*UserInfo,VisitStream*UserInfo",1,1,170876.6813420069,-0.8673547506332397,0.06998617947101593,0.0030003159397303534,0.12608468532562256,0.015897348523139954,0.8516210317611694,0.04909200593829155,0.013624109327793121,0.006755628623068333,0.020786410197615623,1766,-1.1122543811798096,0.14417492915765773,0.7661856780978424,COMPLETE,,,,,,,,,,,,,,,
28,0.07487662136554718,2026-08-24 18:08:47.569836,2026-08-24 18:09:28.858214,0 days 00:00:41.288378,41.288378,64,first_k,max,none,null,True,65536,0.25,16384,8.0,False,"PhoneRequestsStream*UserInfo,VisitStream*UserInfo",1,1,196.50319000000002,-0.9598190784454346,0.07487662136554718,0.0030746093422042114,0.12920677661895752,0.016694391146302223,0.8996318578720093,0.05481906980276108,0.015387342311441898,0.007660985924303532,0.02229144424200058,1766,-1.2651915550231934,0.14930319568582778,0.7212326325159231,COMPLETE,,,,,,,,,,,,,,,
82,0.08147956430912018,2026-08-24 18:57:45.713181,2026-08-24 18:58:32.066704,0 days 00:00:46.353523,46.353523,32,gaussian_random_projection,mean,none,null,False,32768,0.75,65536,8.0,True,"PhoneRequestsStream*UserInfo,VisitStream*UserInfo",1,1,210.209234,-3.4233384132385254,0.08147956430912018,0.004731435191102534,0.1988328993320465,0.039534520357847214,0.9972634315490723,0.05120135098695755,0.008778074756264687,0.0010992190800607204,0.0461510494351387,1766,-3.6897354125976562,0.21482795310466166,0.7203748331254081,COMPLETE,,,,,,,,,,,,,,,
39,0.08171505481004715,2026-08-24 18:17:51.744305,2026-08-24 18:18:33.101449,0 days 00:00:41.357144,41.357144,32,first_k,mean,log1p,null,False,32768,0.75,65536,8.0,True,"PhoneRequestsStream*UserInfo,VisitStream*UserInfo",1,1,195.910664,-3.0809946060180664,0.08171505481004715,0.004549601095699699,0.19119153916835785,0.036554206162691116,0.9757698774337769,0.05522988364100456,0.009699136018753052,0.002587938215583563,0.04321086034178734,1766,-3.3909616470336914,0.20787222118837173,0.7283391619960555,COMPLETE,,,,,,,,,,,,,,,
50,0.08394390344619751,2026-08-24 18:26:58.080420,2026-08-24 18:27:49.480819,0 days 00:00:51.400399,51.400399,32,pca,mean,log1p,null,False,32768,0.25,32768,8.0,True,"PhoneRequestsStream*UserInfo,VisitStream*UserInfo",1,1,195.579816,-3.4208154678344727,0.08394390344619751,0.004743043712533372,0.1993207335472107,0.03972875699400902,0.9687193632125854,0.056992899626493454,0.009298784658312798,0.0021612225100398064,0.04675283282995224,1766,-3.750886917114258,0.216224033886042,0.718476545362908,COMPLETE,,,,,,,,,,,,,,,
68,0.09059716761112213,2026-08-24 18:44:00.360707,2026-08-24 18:45:04.206204,0 days 00:01:03.845497,63.845497,32,gaussian_random_projection,max,log1p,"[1,3,7,28]",False,32768,0.25,16384,4.0,True,"PhoneRequestsStream*UserInfo,VisitStream*UserInfo",1,1,196.50319000000002,-4.831395626068115,0.09059716761112213,0.005499793572708136,0.2311222404241562,0.05341748893260956,1.016439437866211,0.0648777037858963,0.007884761318564415,0.00109819695353508,0.06159508228302002,1766,-5.25911283493042,0.2481835656988996,0.7477636218751832,COMPLETE,,,,,,,,,,,,,,,
19,0.09064079821109772,2026-08-24 18:00:48.163691,2026-08-24 18:01:50.196466,0 days 00:01:02.032775,62.032775,64,first_k,sum,log1p,"[1,3,7,28]",False,32768,0.25,16384,8.0,True,"PhoneRequestsStream*UserInfo,VisitStream*UserInfo",1,1,196.64818,-4.809361934661865,0.09064079821109772,0.005491546905748731,0.23077568411827087,0.05325741693377495,1.0177993774414062,0.06537482887506485,0.00810699537396431,0.001041490351781249,0.061443012207746506,1766,-5.243659973144531,0.247877010244489,0.754927672784055,COMPLETE,,,,,,,,,,,,,,,
57,0.09193582832813263,2026-08-24 18:33:07.116030,2026-08-24 18:34:08.181013,0 days 00:01:01.064983,61.064983,32,first_k,mean,none,"[1,3,7,28]",False,32768,0.75,32768,4.0,True,"PhoneRequestsStream*UserInfo,VisitStream*UserInfo",1,1,195.910664,-4.829220771789551,0.09193582832813263,0.005493157092559698,0.23084335029125214,0.05328865349292755,1.0188733339309692,0.06592497229576111,0.008104401640594006,0.0013056306634098291,0.061710674315690994,1766,-5.2708587646484375,0.24841633262668336,0.744586182249711,COMPLETE,,,,,,,,,,,,,,,
45,0.09242039173841476,2026-08-24 18:22:37.929996,2026-08-24 18:23:40.119991,0 days 00:01:02.189995,62.189995,64,first_k,sum,log1p,"[1,3,7,28]",False,32768,0.75,65536,8.0,True,"PhoneRequestsStream*UserInfo,VisitStream*UserInfo",1,1,195.248968,-4.897449016571045,0.09242039173841476,0.0055399000249495,0.23280766606330872,0.05419940873980522,1.0210013389587402,0.06836850941181183,0.007884949445724487,0.0011490494944155216,0.06271025538444519,1766,-5.372433185577393,0.2504201577038981,0.7542274783172446,COMPLETE,,,,,,,,,,,,,,,
90,0.09272132813930511,2026-08-24 19:04:43.991252,2026-08-24 19:05:51.550213,0 days 00:01:07.558961,67.558961,32,pca,sum,log1p,"[1,3,7,28]",False,32768,0.75,65536,8.0,True,"PhoneRequestsStream*UserInfo,VisitStream*UserInfo",1,1,210.209234,-4.914772033691406,0.09272132813930511,0.005545098648344257,0.23302613198757172,0.0543011799454689,1.018925666809082,0.06827302277088165,0.00852222926914692,0.0013216098304837942,0.0628676787018776,1766,-5.388430595397949,0.2507342790722433,0.7511932245853115,COMPLETE,,,,,,,,,,,,,,,
86,0.09449928998947144,2026-08-24 19:01:06.212937,2026-08-24 19:02:10.092227,0 days 00:01:03.879290,63.87929,32,gaussian_random_projection,mean,log1p,"[1,3,7,28]",False,32768,0.75,65536,4.0,False,"PhoneRequestsStream*UserInfo,VisitStream*UserInfo",1,1,207.42594200000002,-5.060844898223877,0.09449928998947144,0.0056178456899542905,0.2360832393169403,0.05573529750108719,1.020127534866333,0.07063925266265869,0.008354752324521542,0.0017103804275393486,0.06463386118412018,1766,-5.567904472351074,0.25423190433956194,0.7515368519924737,COMPLETE,,,,,,,,,,,,,,,
24,0.0962805226445198,2026-08-24 18:05:27.931016,2026-08-24 18:06:29.341142,0 days 00:01:01.410126,61.410126,64,first_k,mean,none,"[1,3,7,28]",False,32768,0.25,16384,4.0,True,"PhoneRequestsStream*UserInfo,VisitStream*UserInfo",1,1,202.949234,-4.921295642852783,0.0962805226445198,0.005542704111560628,0.23292550444602966,0.05425428971648216,1.0149495601654053,0.07226918637752533,0.008300059475004673,0.0015642396174371243,0.0634935051202774,1766,-5.452024936676025,0.2519791759655496,0.7317600540258272,COMPLETE,,,,,,,,,,,,,,,
69,0.0978100448846817,2026-08-24 18:45:04.252030,2026-08-24 18:46:15.318267,0 days 00:01:11.066237,71.066237,64,first_k,mean,log1p,"[1,3,7,28]",False,65536,0.75,65536,4.0,True,"PhoneRequestsStream*UserInfo,VisitStream*UserInfo",1,1,196.64818,-4.778454303741455,0.0978100448846817,0.005494260217679478,0.2308897078037262,0.05331005901098251,1.0141669511795044,0.07734134793281555,0.009642789140343666,0.0020874175243079662,0.06284667551517487,1766,-5.386295795440674,0.2506923922163871,0.7323246228944558,COMPLETE,,,,,,,,,,,,,,,
94,0.09792240709066391,2026-08-24 19:08:23.293181,2026-08-24 19:09:43.927598,0 days 00:01:20.634417,80.634417,64,pca,mean,none,"[1,7,28]",False,65536,0.75,16384,8.0,True,"PhoneRequestsStream*UserInfo,VisitStream*UserInfo",1,1,210.209234,-4.966427803039551,0.09792240709066391,0.005575535824182129,0.2343052178621292,0.0548989363014698,1.0173784494400024,0.0757749080657959,0.008565345779061317,0.0025182359386235476,0.06445664167404175,1766,-5.549896240234375,0.2538831260128206,0.7423789049980858,COMPLETE,,,,,,,,,,,,,,,
3,0.09994757920503616,2026-08-24 17:45:34.013214,2026-08-24 17:46:35.697043,0 days 00:01:01.683829,61.683829,64,first_k,max,log1p,"[1,3,7,28]",False,32768,0.25,32768,4.0,False,"PhoneRequestsStream*UserInfo,VisitStream*UserInfo",1,1,168.483856,-5.347067832946777,0.09994757920503616,0.005763570964938452,0.24220716953277588,0.05866431072354317,1.0205645561218262,0.07848551124334335,0.008602241054177284,0.002056024270132184,0.06862060725688934,1766,-5.973026275634766,0.2619553535564588,0.7471018476528479,COMPLETE,,,,,,,,,,,,,,,
71,0.10050193965435028,2026-08-24 18:46:51.417397,2026-08-24 18:47:55.032563,0 days 00:01:03.615166,63.615166,32,gaussian_random_projection,sum,none,"[1,3,7,28]",False,32768,0.75,32768,4.0,True,"PhoneRequestsStream*UserInfo,VisitStream*UserInfo",1,1,196.64818,-5.051586151123047,0.10050193965435028,0.0056211497464847,0.23622208833694458,0.05580087751150131,1.0174429416656494,0.07948005199432373,0.008935920894145966,0.002286122180521488,0.06586991995573044,1766,-5.693509101867676,0.25665135876462924,0.7313544561630899,COMPLETE,,,,,,,,,,,,,,,
72,0.10061235725879669,2026-08-24 18:47:55.083350,2026-08-24 18:48:43.845116,0 days 00:00:48.761766,48.761766,64,first_k,max,log1p,null,False,65536,0.25,32768,8.0,True,"PhoneRequestsStream*UserInfo,VisitStream*UserInfo",1,1,198.256814,-3.9519028663635254,0.10061235725879669,0.005068207482370953,0.2129853516817093,0.04536276310682297,1.002720832824707,0.08202999085187912,0.012846585363149643,0.006312038749456406,0.055459924042224884,1766,-4.635675430297852,0.2354993079442589,0.7078199996730772,COMPLETE,,,,,,,,,,,,,,,
98,0.10173692554235458,2026-08-24 19:13:16.684368,2026-08-24 19:14:04.219783,0 days 00:00:47.535415,47.535415,64,gaussian_random_projection,mean,none,null,False,32768,0.75,32768,8.0,False,"PhoneRequestsStream*UserInfo,VisitStream*UserInfo",1,1,212.559006,-5.752372741699219,0.10173692554235458,0.005917059602626711,0.24865734577178955,0.06183047220110893,1.0326019525527954,0.0754762589931488,0.008449895307421684,0.0009660818614065647,0.07214585691690445,1766,-6.331251621246338,0.2685998081103269,0.731492308453449,COMPLETE,,,,,,,,,,,,,,,
16,0.10176150500774384,2026-08-24 17:58:01.373625,2026-08-24 17:59:06.692210,0 days 00:01:05.318585,65.318585,64,pca,max,log1p,"[1,7,28]",False,32768,0.25,65536,4.0,True,"PhoneRequestsStream*UserInfo,VisitStream*UserInfo",1,1,196.50319000000002,-5.264739990234375,0.10176150500774384,0.0057248523724588414,0.24058006703853607,0.0578787662088871,1.017072319984436,0.08093788474798203,0.008869028650224209,0.002388004446402192,0.06820139288902283,1766,-5.930427074432373,0.2611539639542598,0.7400187180494118,COMPLETE,,,,,,,,,,,,,,,
76,0.10190223902463913,2026-08-24 18:51:19.261978,2026-08-24 18:52:24.693285,0 days 00:01:05.431307,65.431307,64,pca,mean,none,"[1,7,28]",False,32768,0.75,65536,4.0,False,"PhoneRequestsStream*UserInfo,VisitStream*UserInfo",1,1,198.256814,-5.534237861633301,0.10190223902463913,0.005840183731413749,0.2454267293214798,0.06023428216576576,1.0216760635375977,0.07925716042518616,0.008420049212872982,0.0022475002333521843,0.0705842450261116,1766,-6.17256498336792,0.26567695614432124,0.7395988057369636,COMPLETE,,,,,,,,,,,,,,,
9,0.1020956039428711,2026-08-24 17:50:59.691654,2026-08-24 17:52:21.304452,0 days 00:01:21.612798,81.612798,64,pca,max,none,"[1,7,28]",False,65536,0.75,32768,8.0,True,"PhoneRequestsStream*UserInfo,VisitStream*UserInfo",1,1,195.248968,-5.167212009429932,0.1020956039428711,0.0056725597739649995,0.23838253319263458,0.05682623013854027,1.0162572860717773,0.08078905194997787,0.008577031083405018,0.0016809800872579217,0.06721756607294083,1766,-5.830453395843506,0.25926350702121737,0.7394602431710177,COMPLETE,,,,,,,,,,,,,,,
79,0.10282772779464722,2026-08-24 18:54:16.694699,2026-08-24 18:55:23.068982,0 days 00:01:06.374283,66.374283,32,first_k,sum,log1p,"[1,7,28]",False,65536,0.25,32768,4.0,True,"PhoneRequestsStream*UserInfo,VisitStream*UserInfo",1,1,205.601596,-5.063255786895752,0.10282772779464722,0.005639384819583309,0.2369883954524994,0.05616350099444389,1.019607663154602,0.08389014005661011,0.009252693504095078,0.003293550107628107,0.06670524179935455,1766,-5.7783918380737305,0.258273579367605,0.7511268922532797,COMPLETE,,,,,,,,,,,,,,,
41,0.10362304747104645,2026-08-24 18:19:26.190515,2026-08-24 18:20:34.770868,0 days 00:01:08.580353,68.580353,64,pca,sum,none,"[1,3,7,28]",False,32768,0.75,16384,4.0,True,"PhoneRequestsStream*UserInfo,VisitStream*UserInfo",1,1,195.910664,-5.3423614501953125,0.10362304747104645,0.005753899206414793,0.2418007254600525,0.05846758931875229,1.020554780960083,0.08220641314983368,0.008970387279987335,0.002078360877931118,0.0691722184419632,1766,-6.029078960418701,0.26300611863978224,0.7354598163738252,COMPLETE,,,,,,,,,,,,,,,
13,0.10364070534706116,2026-08-24 17:55:11.153561,2026-08-24 17:56:36.210327,0 days 00:01:25.056766,85.056766,64,pca,sum,none,"[1,3,7,28]",False,65536,0.25,65536,8.0,True,"PhoneRequestsStream*UserInfo,VisitStream*UserInfo",1,1,196.3582,-5.359041213989258,0.10364070534706116,0.0057629238407521455,0.2421799749135971,0.058651138097047806,1.018686294555664,0.08234596252441406,0.008695220574736595,0.002237202599644661,0.06935931742191315,1766,-6.048091888427734,0.2633615716499147,0.736769037296228,COMPLETE,,,,,,,,,,,,,,,
7,0.10386618971824646,2026-08-24 17:48:46.105586,2026-08-24 17:50:10.502733,0 days 00:01:24.397147,84.397147,64,pca,mean,none,"[1,3,7,28]",False,65536,0.25,16384,8.0,True,"PhoneRequestsStream*UserInfo,VisitStream*UserInfo",1,1,184.40562,-5.019270896911621,0.10386618971824646,0.005608806517484533,0.23570337891578674,0.05555608123540878,1.0168178081512451,0.08413068950176239,0.010143685154616833,0.0024729997385293245,0.06631280481815338,1766,-5.738513946533203,0.25751272748769793,0.7276880833039533,COMPLETE,,,,,,,,,,,,,,,
0,0.10454122722148895,2026-08-24 17:42:48.681280,2026-08-24 17:44:11.191242,0 days 00:01:22.509962,82.509962,64,pca,max,log1p,"[1,7,28]",False,32768,0.75,16384,8.0,False,"PhoneRequestsStream*UserInfo,VisitStream*UserInfo",1,1,170999.8212166489,-5.560633659362793,0.10454122722148895,0.005865771553623173,0.24650202691555023,0.060763247311115265,1.0180904865264893,0.08423423767089844,0.008945882320404053,0.002766384743154049,0.07165771722793579,1766,-6.281648635864258,0.26768959118339997,0.7410769938137013,COMPLETE,,,,,,,,,,,,,,,
35,0.10492852330207825,2026-08-24 18:14:25.428465,2026-08-24 18:15:24.111983,0 days 00:00:58.683518,58.683518,64,first_k,max,log1p,"[1,7,28]",False,32768,0.25,16384,4.0,False,"PhoneRequestsStream*UserInfo,VisitStream*UserInfo",1,1,195.910664,-5.691566467285156,0.10492852330207825,0.0059184552633375605,0.24871599674224854,0.061859648674726486,1.0249381065368652,0.0835692286491394,0.008228294551372528,0.0015972214750945568,0.07283460348844528,1766,-6.401240348815918,0.2698788681769013,0.7514166912290025,COMPLETE,,,,,,,,,,,,,,,
96,0.1050054207444191,2026-08-24 19:10:52.865489,2026-08-24 19:12:03.508617,0 days 00:01:10.643128,70.643128,32,first_k,max,none,"[1,3,7,28]",False,65536,0.75,65536,8.0,False,"PhoneRequestsStream*UserInfo,VisitStream*UserInfo",1,1,211.56824799999998,-5.457475185394287,0.1050054207444191,0.005809582735644877,0.24414075911045074,0.059604711830616,1.0251885652542114,0.08396407216787338,0.00841453205794096,0.0013969219289720058,0.0705971047282219,1766,-6.173871994018555,0.2657011568063299,0.7415405357845148,COMPLETE,,,,,,,,,,,,,,,
11,0.10598921030759811,2026-08-24 17:53:02.525015,2026-08-24 17:54:13.906164,0 days 00:01:11.381149,71.381149,32,first_k,mean,none,"[1,3,7,28]",False,65536,0.25,32768,4.0,True,"PhoneRequestsStream*UserInfo,VisitStream*UserInfo",1,1,195.248968,-4.9241251945495605,0.10598921030759811,0.005564046444519291,0.23382239043712616,0.054672908037900925,1.0126136541366577,0.08704683184623718,0.010084188543260098,0.003169488161802292,0.06587566435337067,1766,-5.694093227386475,0.25666254957311296,0.7209581066440776,COMPLETE,,,,,,,,,,,,,,,
51,0.10739655792713165,2026-08-24 18:27:49.529797,2026-08-24 18:29:11.049155,0 days 00:01:21.519358,81.519358,64,pca,mean,log1p,"[1,7,28]",False,65536,0.25,32768,8.0,False,"PhoneRequestsStream*UserInfo,VisitStream*UserInfo",1,1,195.910664,-5.368045330047607,0.10739655792713165,0.005780097630185214,0.24290168285369873,0.05900122597813606,1.0147106647491455,0.08851421624422073,0.009747806005179882,0.003107240190729499,0.07050183415412903,1766,-6.164190769195557,0.2655218148366138,0.7373505547347656,COMPLETE,,,,,,,,,,,,,,,
87,0.10887973010540009,2026-08-24 19:02:10.136328,2026-08-24 19:03:13.322256,0 days 00:01:03.185928,63.185928,32,pca,max,log1p,"[1,7,28]",False,32768,0.25,32768,8.0,False,"PhoneRequestsStream*UserInfo,VisitStream*UserInfo",1,1,209.250288,-5.836086750030518,0.10887973010540009,0.0059950676752242625,0.25193554162979126,0.06347151100635529,1.0216771364212036,0.08953972905874252,0.00937977060675621,0.002426504623144865,0.07529037445783615,1766,-6.650788307189941,0.27439091540689925,0.7432166053324998,COMPLETE,,,,,,,,,,,,,,,
30,0.10894187539815903,2026-08-24 18:10:16.383534,2026-08-24 18:11:28.902081,0 days 00:01:12.518547,72.518547,32,gaussian_random_projection,sum,none,"[1,7,28]",False,65536,0.75,16384,4.0,True,"PhoneRequestsStream*UserInfo,VisitStream*UserInfo",1,1,196.134432,-5.2326154708862305,0.10894187539815903,0.005723620886267587,0.24052831530570984,0.05785387009382248,1.017349362373352,0.09140631556510925,0.010342119261622429,0.003497965168207884,0.06968944519758224,1766,-6.081637859344482,0.263987585309579,0.7415648943153775,COMPLETE,,,,,,,,,,,,,,,
6,0.109874427318573,2026-08-24 17:47:57.239334,2026-08-24 17:48:46.051576,0 days 00:00:48.812242,48.812242,32,first_k,sum,log1p,null,False,65536,0.25,65536,4.0,True,"PhoneRequestsStream*UserInfo,VisitStream*UserInfo",1,1,176.444738,-4.203075408935547,0.109874427318573,0.005226158262941663,0.21962304413318634,0.048234280198812485,1.0314518213272095,0.09527117758989334,0.017523903399705887,0.011920899152755737,0.06027936190366745,1766,-5.125412940979004,0.24551855714724996,0.7161529920759444,COMPLETE,,,,,,,,,,,,,,,
67,0.11018827557563782,2026-08-24 18:42:38.876938,2026-08-24 18:44:00.303419,0 days 00:01:21.426481,81.426481,64,pca,mean,log1p,"[1,7,28]",False,65536,0.75,16384,8.0,False,"PhoneRequestsStream*UserInfo,VisitStream*UserInfo",1,1,196.3582,-5.610983848571777,0.11018827557563782,0.0059016240064874905,0.24800868332386017,0.061508309096097946,1.018672227859497,0.09250478446483612,0.010334898717701435,0.0035677673295140266,0.0736149325966835,1766,-6.480534553527832,0.2713207190700399,0.7405736001534414,COMPLETE,,,,,,,,,,,,,,,
66,0.11046893894672394,2026-08-24 18:41:37.187943,2026-08-24 18:42:38.819223,0 days 00:01:01.631280,61.63128,64,gaussian_random_projection,sum,log1p,"[1,7,28]",False,32768,0.75,65536,4.0,False,"PhoneRequestsStream*UserInfo,VisitStream*UserInfo",1,1,196.134432,-6.019296169281006,0.11046893894672394,0.0060759131657608925,0.25533297657966614,0.06519493460655212,1.0234793424606323,0.09102453291416168,0.008657016791403294,0.0026961956173181534,0.07736140489578247,1766,-6.861240386962891,0.2781391825970992,0.7492567104879289,COMPLETE,,,,,,,,,,,,,,,
74,0.11098727583885193,2026-08-24 18:49:50.451817,2026-08-24 18:50:43.243862,0 days 00:00:52.792045,52.792045,32,pca,mean,log1p,null,False,32768,0.25,65536,8.0,False,"PhoneRequestsStream*UserInfo,VisitStream*UserInfo",1,1,198.256814,-6.076125144958496,0.11098727583885193,0.006091767531031087,0.25599923729896545,0.06553560495376587,1.0367941856384277,0.09045152366161346,0.010096298530697823,0.0035952567122876644,0.0778166800737381,1766,-6.907504081726074,0.27895641249797093,0.7270880899851192,COMPLETE,,,,,,,,,,,,,,,
48,0.1111895963549614,2026-08-24 18:24:58.550602,2026-08-24 18:26:08.013019,0 days 00:01:09.462417,69.462417,64,pca,max,none,"[1,3,7,28]",False,32768,0.25,16384,4.0,False,"PhoneRequestsStream*UserInfo,VisitStream*UserInfo",1,1,194.6538,-5.669516563415527,0.1111895963549614,0.005918716595132249,0.2487269788980484,0.06186511367559433,1.021489143371582,0.09251702576875687,0.009735891595482826,0.0035024068783968687,0.07419320940971375,1766,-6.539297580718994,0.27238430463173485,0.730641729471814,COMPLETE,,,,,,,,,,,,,,,
81,0.11167487502098083,2026-08-24 18:56:36.002609,2026-08-24 18:57:45.664421,0 days 00:01:09.661812,69.661812,32,first_k,sum,log1p,"[1,3,7,28]",False,65536,0.75,16384,4.0,False,"PhoneRequestsStream*UserInfo,VisitStream*UserInfo",1,1,209.250288,-5.529848098754883,0.11167487502098083,0.0058630610784011885,0.24638812243938446,0.060707103461027145,1.0226970911026,0.09425850212574005,0.009501714259386063,0.0022962410002946854,0.07314401119947433,1766,-6.432681083679199,0.2704514950956536,0.744381354893277,COMPLETE,,,,,,,,,,,,,,,
62,0.11168540269136429,2026-08-24 18:38:14.683760,2026-08-24 18:39:31.470671,0 days 00:01:16.786911,76.786911,32,gaussian_random_projection,mean,none,"[1,3,7,28]",False,65536,0.75,65536,8.0,False,"PhoneRequestsStream*UserInfo,VisitStream*UserInfo",1,1,196.50319000000002,-5.5380449295043945,0.11168540269136429,0.005852929063880913,0.24596233665943146,0.0604974702000618,1.0219560861587524,0.09271905571222305,0.008982650004327297,0.002047163899987936,0.07293684035539627,1766,-6.4116291999816895,0.27006821426335287,0.7346273123807447,COMPLETE,,,,,,,,,,,,,,,
58,0.11205973476171494,2026-08-24 18:34:08.229945,2026-08-24 18:35:33.021360,0 days 00:01:24.791415,84.791415,64,pca,sum,none,"[1,3,7,28]",False,65536,0.25,65536,8.0,False,"PhoneRequestsStream*UserInfo,VisitStream*UserInfo",1,1,196.134432,-5.774237155914307,0.11205973476171494,0.005954035392160737,0.2502112090587616,0.06260564178228378,1.0250390768051147,0.0919957384467125,0.009737474843859673,0.0027574438136070967,0.07512756437063217,1766,-6.634243965148926,0.2740940794155032,0.7179144275986817,COMPLETE,,,,,,,,,,,,,,,
38,0.11224503815174103,2026-08-24 18:16:47.958605,2026-08-24 18:17:51.696355,0 days 00:01:03.737750,63.73775,64,pca,sum,log1p,null,False,65536,0.75,32768,4.0,True,"PhoneRequestsStream*UserInfo,VisitStream*UserInfo",1,1,195.579816,-5.614124298095703,0.11224503815174103,0.005878847008072502,0.24705150723457336,0.061034444719552994,1.0242338180541992,0.092250294983387,0.012235254049301147,0.00611080601811409,0.07359882444143295,1766,-6.478898048400879,0.2712910327331756,0.696608563164179,COMPLETE,,,,,,,,,,,,,,,
80,0.11247752606868744,2026-08-24 18:55:23.119506,2026-08-24 18:56:35.950478,0 days 00:01:12.830972,72.830972,32,gaussian_random_projection,mean,none,"[1,7,28]",False,65536,0.25,16384,4.0,False,"PhoneRequestsStream*UserInfo,VisitStream*UserInfo",1,1,207.42594200000002,-5.830201148986816,0.11247752606868744,0.005993767753434127,0.2518809139728546,0.06344398856163025,1.0245347023010254,0.09404347091913223,0.0091166403144598,0.002780528739094734,0.0760592594742775,1766,-6.728919982910156,0.2757884324519023,0.7433772256593092,COMPLETE,,,,,,,,,,,,,,,
77,0.11521679162979126,2026-08-24 18:52:24.751772,2026-08-24 18:53:20.078062,0 days 00:00:55.326290,55.32629,64,pca,sum,none,null,False,32768,0.25,16384,4.0,False,"PhoneRequestsStream*UserInfo,VisitStream*UserInfo",1,1,199.865448,-6.451597690582275,0.11521679162979126,0.006251026743518218,0.2626919150352478,0.06900704652070999,1.0311945676803589,0.09440721571445465,0.009918175637722015,0.003439313964918256,0.08224286884069443,1766,-7.357280731201172,0.28678017511797155,0.7188820647903043,COMPLETE,,,,,,,,,,,,,,,
53,0.11573676019906998,2026-08-24 18:30:06.135319,2026-08-24 18:31:02.062932,0 days 00:00:55.927613,55.927613,64,gaussian_random_projection,mean,log1p,null,False,65536,0.75,65536,8.0,False,"PhoneRequestsStream*UserInfo,VisitStream*UserInfo",1,1,196.3582,-5.896188259124756,0.11573676019906998,0.006037261590525781,0.25370869040489197,0.0643680989742279,1.0375282764434814,0.09930858761072159,0.01253693737089634,0.005196491256356239,0.07772664725780487,1766,-6.898355484008789,0.2787949914503574,0.731183379969589,COMPLETE,,,,,,,,,,,,,,,
95,0.11575274914503098,2026-08-24 19:09:43.971981,2026-08-24 19:10:52.811956,0 days 00:01:08.839975,68.839975,64,pca,max,none,"[1,3,7,28]",False,32768,0.75,16384,4.0,False,"PhoneRequestsStream*UserInfo,VisitStream*UserInfo",1,1,211.16818,-5.740883827209473,0.11575274914503098,0.005942048524698782,0.24970747530460358,0.062353819608688354,1.018779993057251,0.09685596823692322,0.009563148953020573,0.0025817924179136753,0.07571720331907272,1766,-6.694161415100098,0.2751675913313062,0.7222843044602623,COMPLETE,,,,,,,,,,,,,,,
60,0.11624939739704132,2026-08-24 18:36:30.108545,2026-08-24 18:37:39.497973,0 days 00:01:09.389428,69.389428,64,pca,sum,none,"[1,3,7,28]",False,32768,0.75,65536,8.0,False,"PhoneRequestsStream*UserInfo,VisitStream*UserInfo",1,1,196.50319000000002,-6.0779595375061035,0.11624939739704132,0.0061044419457792045,0.25653186440467834,0.06580860167741776,1.0269076824188232,0.09814281761646271,0.009613347239792347,0.0028239113744348288,0.07928525656461716,1766,-7.056736946105957,0.28157637785264794,0.7310957393699511,COMPLETE,,,,,,,,,,,,,,,
73,0.11802265793085098,2026-08-24 18:48:43.894724,2026-08-24 18:49:50.400284,0 days 00:01:06.505560,66.50556,32,first_k,mean,none,"[1,7,28]",False,65536,0.75,16384,8.0,False,"PhoneRequestsStream*UserInfo,VisitStream*UserInfo",1,1,196.64818,-5.815310478210449,0.11802265793085098,0.006000315586433756,0.2521560788154602,0.06358268857002258,1.0220495462417603,0.1020171269774437,0.010313725098967552,0.0034999758936464787,0.07747603207826614,1766,-6.872889041900635,0.27834516715449925,0.7373658343749212,COMPLETE,,,,,,,,,,,,,,,
21,0.11935355514287949,2026-08-24 18:02:42.598569,2026-08-24 18:03:58.273069,0 days 00:01:15.674500,75.6745,32,gaussian_random_projection,sum,none,"[1,3,7,28]",False,65536,0.75,65536,8.0,False,"PhoneRequestsStream*UserInfo,VisitStream*UserInfo",1,1,209.250288,-5.832234859466553,0.11935355514287949,0.005987412816630306,0.2516138553619385,0.06330952793359756,1.0247588157653809,0.10140933841466904,0.009772274643182755,0.001860953401774168,0.07751895487308502,1766,-6.877249717712402,0.27842226001719944,0.7195911224506343,COMPLETE,,,,,,,,,,,,,,,
84,0.12166479974985123,2026-08-24 18:59:14.498140,2026-08-24 19:00:17.474671,0 days 00:01:02.976531,62.976531,64,pca,mean,none,null,False,65536,0.25,65536,8.0,False,"PhoneRequestsStream*UserInfo,VisitStream*UserInfo",1,1,207.42594200000002,-5.804546356201172,0.12166479974985123,0.005997667518804533,0.25204479694366455,0.06352657824754715,1.0249238014221191,0.1064438745379448,0.015454676002264023,0.009285412728786469,0.07829293608665466,1766,-6.955899715423584,0.2798087491245666,0.7067988630426952,COMPLETE,,,,,,,,,,,,,,,
97,0.12208038568496704,2026-08-24 19:12:03.556255,2026-08-24 19:13:16.637907,0 days 00:01:13.081652,73.081652,32,gaussian_random_projection,sum,none,"[1,7,28]",False,65536,0.25,65536,8.0,False,"PhoneRequestsStream*UserInfo,VisitStream*UserInfo",1,1,211.968316,-6.178399562835693,0.12208038568496704,0.006154163067780395,0.25862133502960205,0.06688499450683594,1.026066780090332,0.10539959371089935,0.010417308658361435,0.003777171019464731,0.08175073564052582,1766,-7.3072710037231445,0.2859208555536406,0.7362251927876678,COMPLETE,,,,,,,,,,,,,,,
89,0.13006076216697693,2026-08-24 19:03:49.152440,2026-08-24 19:04:43.939538,0 days 00:00:54.787098,54.787098,32,gaussian_random_projection,max,log1p,null,False,65536,0.25,16384,4.0,False,"PhoneRequestsStream*UserInfo,VisitStream*UserInfo",1,1,209.250288,-6.23969030380249,0.13006076216697693,0.006203190614489303,0.2606816589832306,0.06795492768287659,1.043263554573059,0.11656519025564194,0.015500003471970558,0.00939197838306427,0.08483225107192993,1766,-7.620406150817871,0.291259765625,0.7138900605924449,COMPLETE,,,,,,,,,,,,,,,
85,0.14316067099571228,2026-08-24 19:00:17.529539,2026-08-24 19:01:06.160298,0 days 00:00:48.630759,48.630759,32,first_k,mean,none,null,False,65536,0.25,16384,8.0,False,"PhoneRequestsStream*UserInfo,VisitStream*UserInfo",1,1,209.250288,-6.865372180938721,0.14316067099571228,0.006482120641159841,0.272403359413147,0.07420359551906586,1.0337170362472534,0.1313563585281372,0.016065429896116257,0.010385707020759583,0.0946565568447113,1766,-8.61872386932373,0.3076630573284861,0.7141277654292651,COMPLETE,,,,,,,,,,,,,,,
92,0.15065881609916687,2026-08-24 19:06:48.645851,2026-08-24 19:07:37.553053,0 days 00:00:48.907202,48.907202,64,first_k,max,none,null,False,65536,0.25,16384,4.0,False,"PhoneRequestsStream*UserInfo,VisitStream*UserInfo",1,1,211.56824799999998,-7.144741058349609,0.15065881609916687,0.006604637383408611,0.2775519788265228,0.0770350992679596,1.0370802879333496,0.13977934420108795,0.020721985027194023,0.015256892889738083,0.0996895581483841,1766,-9.130162239074707,0.31573653280604713,0.6954519425549804,COMPLETE,,,,,,,,,,,,,,,
25,0.1521175503730774,2026-08-24 18:06:29.382137,2026-08-24 18:07:17.601215,0 days 00:00:48.219078,48.219078,32,first_k,mean,none,null,False,65536,0.75,65536,4.0,False,"PhoneRequestsStream*UserInfo,VisitStream*UserInfo",1,1,209.250288,-7.210274696350098,0.1521175503730774,0.006631797451449313,0.2786933481693268,0.07766998559236526,1.0390419960021973,0.14131365716457367,0.01899317093193531,0.01322378683835268,0.10076575726270676,1766,-9.239522933959961,0.3174362255047567,0.7107376788796249,COMPLETE,,,,,,,,,,,,,,,
52,0.15672259032726288,2026-08-24 18:29:11.094042,2026-08-24 18:30:06.086990,0 days 00:00:54.992948,54.992948,32,gaussian_random_projection,max,log1p,null,False,65536,0.75,16384,8.0,False,"PhoneRequestsStream*UserInfo,VisitStream*UserInfo",1,1,196.134432,-7.618157386779785,0.15672259032726288,0.006804361537206891,0.2859451472759247,0.08176462352275848,1.0494580268859863,0.14652705192565918,0.02060210332274437,0.015683680772781372,0.10628029704093933,1766,-9.799894332885742,0.32600659048697056,0.7042424526587298,COMPLETE,,,,,,,,,,,,,,,
14,0.17728862166404724,2026-08-24 17:56:36.255719,2026-08-24 17:57:25.417764,0 days 00:00:49.162045,49.162045,64,first_k,sum,none,null,False,65536,0.25,65536,4.0,False,"PhoneRequestsStream*UserInfo,VisitStream*UserInfo",1,1,212.481588,-8.329119682312012,0.17728862166404724,0.007080500951632921,0.2975495755672455,0.08853574842214584,1.0448343753814697,0.1676611602306366,0.024626707658171654,0.019169095903635025,0.1199168711900711,1766,-11.185603141784668,0.3462901546248046,0.6865639024623637,COMPLETE,,,,,,,,,,,,,,,
