number,value,datetime_start,datetime_complete,duration,duration_s,params_fusion.early.reduction_dim,params_fusion.early.reduction_method,params_fusion.key_pooling,params_method.target_transform,params_rewrite.count_feature_window_days,params_rewrite.count_features_after_simplify,params_sampling.context_tables_sample_size,params_sampling.train.anchor_budget_fraction,params_sampling.train.sample_size,params_tabicl.outlier_threshold,params_vectorizer.relative_time,user_attrs_effective_context_tables_used,user_attrs_effective_restrict_to_test_keys_batches,user_attrs_trial_timeout_s,user_attrs_val_explained_variance,user_attrs_val_mae,user_attrs_val_mae_sem,user_attrs_val_mae_std,user_attrs_val_mae_var,user_attrs_val_max_error,user_attrs_val_mean_residual,user_attrs_val_median_ae,user_attrs_val_median_residual,user_attrs_val_mse,user_attrs_val_n,user_attrs_val_r2,user_attrs_val_rmse,user_attrs_val_spearman,state,test_value,test_mae,test_mae_var,test_mae_std,test_mae_sem,test_mse,test_rmse,test_median_ae,test_max_error,test_r2,test_explained_variance,test_mean_residual,test_median_residual,test_spearman,test_n
49,0.23953627049922943,2026-08-24 19:34:54.811516,2026-08-24 19:37:22.808466,0 days 00:02:27.996950,147.99695,64,pca,sum,none,"[1,3,7,28]",True,32768,0.25,65536,4.0,False,7,1,496.72152,0.11624652147293091,0.23953627049922943,0.010099524688506698,0.45313000679016113,0.20532681047916412,3.959144353866577,-0.14074279367923737,0.002003222703933716,1.621246337890625e-05,0.26260247826576233,2013,0.04414469003677368,0.5124475370862488,0.2045243549131482,COMPLETE,0.2538702189922333,0.2538702189922333,0.3228287696838379,0.5681802034378052,0.0128404355167084,0.3871139585971832,0.6221848267172571,0.0031427256762981,8.00139331817627,0.0619384050369262,0.0974913835525512,-0.1211271211504936,0.000360345293302,0.2195927038379582,1958.0
12,0.2396169751882553,2026-08-24 18:10:36.367704,2026-08-24 18:13:53.043546,0 days 00:03:16.675842,196.675842,64,pca,mean,log1p,"[1,3,7,28]",True,65536,0.75,16384,4.0,False,7,1,504.25583,0.10053861141204834,0.2396169751882553,0.010143208753583375,0.4550899565219879,0.20710687339305878,3.1749680042266846,-0.1315709948539734,0.0012047046329826117,0.0004563640395645052,0.2644203007221222,2013,0.03752791881561279,0.5142181450728107,0.16389862048081,COMPLETE,,,,,,,,,,,,,,,
27,0.2400767207145691,2026-08-24 18:46:32.547120,2026-08-24 18:48:58.916967,0 days 00:02:26.369847,146.369847,64,pca,mean,log1p,"[1,7,28]",True,32768,0.75,65536,8.0,False,7,1,503.505616,0.1081993579864502,0.2400767207145691,0.010229992348235057,0.4589836299419403,0.2106659859418869,3.778903007507324,-0.15229402482509613,0.0012736632488667965,0.0005075145163573325,0.268198162317276,2013,0.0237768292427063,0.5178785208108906,0.20901991899736042,COMPLETE,,,,,,,,,,,,,,,
67,0.24012567102909088,2026-08-24 20:17:35.115430,2026-08-24 20:21:04.251959,0 days 00:03:29.136529,209.136529,64,pca,mean,log1p,"[1,7,28]",False,65536,0.75,16384,8.0,False,7,1,506.96698,0.11448854207992554,0.24012567102909088,0.010085431404712403,0.4524976909160614,0.20475417375564575,3.164307117462158,-0.13797056674957275,0.001306503196246922,0.0005127178155817091,0.26231279969215393,2013,0.04519915580749512,0.5121648169214222,0.17649080160040087,COMPLETE,,,,,,,,,,,,,,,
31,0.24024543166160583,2026-08-24 18:55:59.364701,2026-08-24 18:57:49.827916,0 days 00:01:50.463215,110.463215,32,gaussian_random_projection,mean,none,"[1,3,7,28]",True,32768,0.25,16384,4.0,True,7,1,521.178712,0.13533860445022583,0.24024543166160583,0.009982270852340573,0.4478692412376404,0.20058685541152954,3.0422749519348145,-0.14372316002845764,0.0032265856862068176,0.001271173357963562,0.2582050859928131,2013,0.060150861740112305,0.5081388451917577,0.2583128130551747,COMPLETE,,,,,,,,,,,,,,,
36,0.24106357991695404,2026-08-24 19:06:32.871734,2026-08-24 19:08:59.978937,0 days 00:02:27.107203,147.107203,64,pca,sum,log1p,"[1,7,28]",True,32768,0.25,32768,8.0,False,7,1,499.31157399999995,0.11127161979675293,0.24106357991695404,0.01014549508448878,0.45519253611564636,0.20720024406909943,3.8257229328155518,-0.14508040249347687,0.001134322490543127,0.0002986688050441444,0.2652089595794678,2013,0.03465723991394043,0.5149844265407137,0.21534529233080466,COMPLETE,,,,,,,,,,,,,,,
16,0.24153700470924377,2026-08-24 18:20:58.558585,2026-08-24 18:23:33.960872,0 days 00:02:35.402287,155.402287,64,pca,max,log1p,"[1,7,28]",False,32768,0.25,65536,4.0,True,7,1,508.148122,0.1133197546005249,0.24153700470924377,0.010121359082228823,0.45410963892936707,0.20621556043624878,3.899742364883423,-0.14441345632076263,0.0015756437787786126,0.0003218715137336403,0.2644532322883606,2013,0.03740805387496948,0.5142501650834549,0.22313957962341577,COMPLETE,,,,,,,,,,,,,,,
30,0.2417028546333313,2026-08-24 18:53:23.250061,2026-08-24 18:55:59.317631,0 days 00:02:36.067570,156.06757,32,gaussian_random_projection,sum,none,"[1,7,28]",False,65536,0.75,16384,4.0,True,7,1,512.342164,0.16237390041351318,0.2417028546333313,0.009957597475966008,0.44676223397254944,0.19959649443626404,3.4354145526885986,-0.16672219336032867,0.0033127032220363617,0.0003150328993797302,0.257917582988739,2013,0.06119734048843384,0.5078558683216519,0.28788169580556905,COMPLETE,,,,,,,,,,,,,,,
74,0.24203401803970337,2026-08-24 20:33:20.991335,2026-08-24 20:35:25.782642,0 days 00:02:04.791307,124.791307,32,pca,mean,log1p,null,False,32768,0.25,65536,8.0,False,7,1,505.248858,0.11979115009307861,0.24203401803970337,0.010156297034861728,0.45567718148231506,0.20764169096946716,3.1971211433410645,-0.15588107705116272,0.001389800920151174,0.0004611009790096432,0.26611897349357605,2013,0.031344830989837646,0.5158672052898653,0.20288637026599532,COMPLETE,,,,,,,,,,,,,,,
77,0.24253320693969727,2026-08-24 20:39:36.325658,2026-08-24 20:41:54.745451,0 days 00:02:18.419793,138.419793,64,pca,sum,none,null,False,32768,0.25,16384,4.0,False,7,1,504.500864,0.10513001680374146,0.24253320693969727,0.010092453801671128,0.4528127610683441,0.2050393968820572,3.984614372253418,-0.13383562862873077,0.0031438618898391724,0.0008712075650691986,0.26375991106033325,2013,0.039931654930114746,0.513575613771072,0.25814985342680874,COMPLETE,,,,,,,,,,,,,,,
44,0.24256384372711182,2026-08-24 19:24:35.388044,2026-08-24 19:26:41.064615,0 days 00:02:05.676571,125.676571,64,gaussian_random_projection,mean,log1p,"[1,3,7,28]",True,32768,0.75,32768,4.0,False,7,1,499.31157399999995,0.10613882541656494,0.24256384372711182,0.01021644308100425,0.4583757221698761,0.21010829508304596,3.923126459121704,-0.15254616737365723,0.0006467717466875911,0.0,0.2688411474227905,2013,0.021436333656311035,0.5184989367614851,0.16759855078854427,COMPLETE,,,,,,,,,,,,,,,
59,0.24261556565761566,2026-08-24 19:59:06.236814,2026-08-24 20:02:27.024359,0 days 00:03:20.787545,200.787545,64,pca,sum,log1p,"[1,7,28]",True,65536,0.75,32768,8.0,True,7,1,503.505616,0.09788042306900024,0.24261556565761566,0.010116678148501226,0.453899621963501,0.2060248702764511,3.9799959659576416,-0.1301737278699875,0.0009485632763244212,0.00018265769176650792,0.2647848427295685,2013,0.03620100021362305,0.5145724853988682,0.18611753145873897,COMPLETE,,,,,,,,,,,,,,,
53,0.2427455186843872,2026-08-24 19:45:22.308752,2026-08-24 19:47:57.594856,0 days 00:02:35.286104,155.286104,64,gaussian_random_projection,mean,log1p,null,False,65536,0.75,65536,8.0,False,7,1,503.505616,0.11810725927352905,0.2427455186843872,0.010164192913848522,0.4560314416885376,0.2079646736383438,3.3767247200012207,-0.15653768181800842,0.0008324768859893084,6.666382978437468e-05,0.26678675413131714,2013,0.028914213180541992,0.5165140405945584,0.14960637317435369,COMPLETE,,,,,,,,,,,,,,,
65,0.2428162544965744,2026-08-24 20:13:28.013624,2026-08-24 20:15:25.766490,0 days 00:01:57.752866,117.752866,64,gaussian_random_projection,mean,log1p,"[1,7,28]",True,32768,0.25,16384,8.0,True,7,1,506.96698,0.11113488674163818,0.2428162544965744,0.0102903296969054,0.461690753698349,0.21315833926200867,3.0529465675354004,-0.1667751520872116,0.0008527833851985633,0.00014924148854333907,0.27201220393180847,2013,0.009893953800201416,0.5215478922705071,0.22852410133800988,COMPLETE,,,,,,,,,,,,,,,
41,0.24302831292152405,2026-08-24 19:18:21.580467,2026-08-24 19:20:55.942701,0 days 00:02:34.362234,154.362234,64,pca,sum,none,"[1,3,7,28]",False,32768,0.75,16384,4.0,True,7,1,503.505616,0.11334884166717529,0.24302831292152405,0.0099902610541015,0.44822773337364197,0.2009081095457077,3.3387398719787598,-0.12759725749492645,0.0033454373478889465,0.001173209398984909,0.2598710358142853,2013,0.054086923599243164,0.5097754758854973,0.24617864217262955,COMPLETE,,,,,,,,,,,,,,,
22,0.24332918226718903,2026-08-24 18:36:33.731670,2026-08-24 18:38:51.806195,0 days 00:02:18.074525,138.074525,64,pca,mean,log1p,null,True,32768,0.75,16384,8.0,True,7,1,527.298524,0.10346496105194092,0.24332918226718903,0.010160009499542235,0.4558437466621399,0.20779351890087128,3.0117321014404297,-0.14350607991218567,0.0013548369752243161,0.0005614064866676927,0.26689937710762024,2013,0.02850431203842163,0.5166230512739635,0.22323965594810832,COMPLETE,,,,,,,,,,,,,,,
80,0.24335654079914093,2026-08-24 20:47:24.212189,2026-08-24 20:49:59.972907,0 days 00:02:35.760718,155.760718,32,gaussian_random_projection,mean,none,"[1,7,28]",False,65536,0.25,16384,4.0,False,7,1,506.48191599999996,0.11666446924209595,0.24335654079914093,0.010119930291474167,0.45404553413391113,0.20615734159946442,3.937086582183838,-0.1503271609544754,0.002241041511297226,0.00038363784551620483,0.26527735590934753,2013,0.0344083309173584,0.5150508284716641,0.1927536699744937,COMPLETE,,,,,,,,,,,,,,,
84,0.243362694978714,2026-08-24 20:56:05.220529,2026-08-24 20:59:22.722196,0 days 00:03:17.501667,197.501667,64,pca,mean,none,null,False,65536,0.25,65536,8.0,False,7,1,506.48191599999996,0.10368531942367554,0.243362694978714,0.010089280703839892,0.4526703953742981,0.2049104869365692,3.031085968017578,-0.1333763152360916,0.0024566277861595154,0.000285077840089798,0.26403409242630005,2013,0.038933753967285156,0.5138424782229473,0.18787350928063556,COMPLETE,,,,,,,,,,,,,,,
33,0.24349115788936615,2026-08-24 18:59:48.290711,2026-08-24 19:02:41.764370,0 days 00:02:53.473659,173.473659,32,pca,max,log1p,"[1,7,28]",True,65536,0.75,16384,4.0,True,7,1,503.505616,0.1118653416633606,0.24349115788936615,0.010072861898691785,0.45193374156951904,0.20424410700798035,3.733088970184326,-0.13940249383449554,0.0012727625435218215,0.0004110299632884562,0.2634305953979492,2013,0.0411304235458374,0.5132549029458454,0.21774148970880347,COMPLETE,,,,,,,,,,,,,,,
0,0.24372950196266174,2026-08-24 17:42:48.680936,2026-08-24 17:45:35.801895,0 days 00:02:47.120959,167.120959,64,pca,max,log1p,"[1,7,28]",False,32768,0.75,16384,8.0,False,7,1,170999.8206616051,0.12686806917190552,0.24372950196266174,0.010045570733212572,0.4507092833518982,0.20313885807991028,3.085212230682373,-0.1502203792333603,0.0013315863907337189,0.0004927897243760526,0.262442022562027,2013,0.044728755950927734,0.5122909549875216,0.21823479962702,COMPLETE,,,,,,,,,,,,,,,
51,0.24381552636623383,2026-08-24 19:39:29.026172,2026-08-24 19:43:01.662618,0 days 00:03:32.636446,212.636446,64,pca,mean,log1p,"[1,7,28]",False,65536,0.25,32768,8.0,False,7,1,502.706284,0.10017544031143188,0.24381552636623383,0.01006935070021242,0.4517762064933777,0.20410174131393433,3.049539089202881,-0.12742546200752258,0.0012968942755833268,0.0004378950106911361,0.2634463608264923,2013,0.0410730242729187,0.5132702609994976,0.18550872633863252,COMPLETE,,,,,,,,,,,,,,,
56,0.24386167526245117,2026-08-24 19:51:30.322370,2026-08-24 19:53:52.759959,0 days 00:02:22.437589,142.437589,64,pca,max,log1p,null,True,32768,0.75,65536,8.0,False,7,1,503.10595,0.09644490480422974,0.24386167526245117,0.010200440093156196,0.45765772461891174,0.2094506025314331,3.467594623565674,-0.1434609740972519,0.0016221109544858336,0.0007164074922911823,0.2688150703907013,2013,0.021531224250793457,0.5184737894924886,0.21533690249618423,COMPLETE,,,,,,,,,,,,,,,
85,0.2438851147890091,2026-08-24 20:59:22.769121,2026-08-24 21:01:14.349918,0 days 00:01:51.580797,111.580797,32,first_k,mean,none,null,False,65536,0.25,16384,8.0,False,7,1,506.96698,0.13021302223205566,0.2438851147890091,0.010215485904120263,0.45833277702331543,0.210068941116333,3.2921409606933594,-0.1746070832014084,0.0022903531789779663,0.0005975663661956787,0.2694445252418518,2013,0.019240081310272217,0.5190804612406942,0.16604192973657825,COMPLETE,,,,,,,,,,,,,,,
99,0.2441934496164322,2026-08-24 21:32:18.692525,2026-08-24 21:34:36.023009,0 days 00:02:17.330484,137.330484,64,pca,mean,none,null,True,32768,0.25,16384,4.0,False,7,1,515.046996,0.10369008779525757,0.2441934496164322,0.010102911673191956,0.453281968832016,0.20546454191207886,3.2306389808654785,-0.13692834973335266,0.0024872012436389923,0.0006068125367164612,0.264992892742157,2013,0.035443782806396484,0.5147746038240008,0.21980993921978942,COMPLETE,,,,,,,,,,,,,,,
34,0.24470371007919312,2026-08-24 19:02:41.806319,2026-08-24 19:04:40.108523,0 days 00:01:58.302204,118.302204,64,gaussian_random_projection,sum,none,"[1,7,28]",True,32768,0.25,16384,8.0,True,7,1,512.342164,0.12375551462173462,0.24470371007919312,0.010192268552540773,0.4572910964488983,0.2091151475906372,3.8229029178619385,-0.1678100973367691,0.0022628679871559143,0.0005693063139915466,0.26889118552207947,2013,0.021254241466522217,0.5185471873630012,0.2341263350682927,COMPLETE,,,,,,,,,,,,,,,
55,0.24483433365821838,2026-08-24 19:49:43.058206,2026-08-24 19:51:30.274468,0 days 00:01:47.216262,107.216262,32,gaussian_random_projection,max,log1p,null,True,32768,0.25,65536,8.0,False,7,1,503.505616,0.1302485466003418,0.24483433365821838,0.010152693506342896,0.4555155038833618,0.20749437808990479,3.255537509918213,-0.16848747432231903,0.0010182182304561138,0.00018265956896357238,0.2673351466655731,2013,0.026918113231658936,0.5170446273442681,0.14912817319676244,COMPLETE,,,,,,,,,,,,,,,
5,0.24488221108913422,2026-08-24 17:52:59.121316,2026-08-24 17:55:09.415994,0 days 00:02:10.294678,130.294678,32,pca,mean,log1p,"[1,7,28]",True,32768,0.25,65536,8.0,False,7,1,465.727536,0.10275334119796753,0.24488221108913422,0.010238290095379252,0.4593559205532074,0.21100784838199615,3.827845573425293,-0.15610714256763458,0.0009021256701089442,0.00013625930296257138,0.2708703279495239,2013,0.014050304889678955,0.5204520419304011,0.18370112521554982,COMPLETE,,,,,,,,,,,,,,,
72,0.2451503574848175,2026-08-24 20:29:11.021209,2026-08-24 20:31:14.398541,0 days 00:02:03.377332,123.377332,64,first_k,max,log1p,null,False,65536,0.25,32768,8.0,True,7,1,505.733922,0.11788296699523926,0.2451503574848175,0.010049816586538356,0.45089977979660034,0.20331062376499176,3.6171934604644775,-0.14478954672813416,0.0013665733858942986,0.00011306086526019499,0.2633083462715149,2013,0.04157543182373047,0.5131357971059073,0.22012646974698455,COMPLETE,,,,,,,,,,,,,,,
38,0.24518010020256042,2026-08-24 19:10:35.523994,2026-08-24 19:13:55.006366,0 days 00:03:19.482372,199.482372,64,pca,sum,log1p,null,False,65536,0.75,32768,4.0,True,7,1,499.31157399999995,0.07582861185073853,0.24518010020256042,0.010213380912069353,0.4582383334636688,0.20998238027095795,3.867232084274292,-0.1268598884344101,0.0006467717466875911,0.0,0.269991397857666,2013,0.01724952459335327,0.5196069647894127,0.12818483043108558,COMPLETE,,,,,,,,,,,,,,,
11,0.24522969126701355,2026-08-24 18:08:22.959966,2026-08-24 18:10:36.314550,0 days 00:02:13.354584,133.354584,32,first_k,mean,none,"[1,3,7,28]",False,65536,0.25,32768,4.0,True,7,1,487.332948,0.12078535556793213,0.24522969126701355,0.010010718468170253,0.4491455852985382,0.20173175632953644,2.9950802326202393,-0.14220482110977173,0.00290028378367424,2.8226524591445923e-05,0.2617691457271576,2013,0.04717797040939331,0.5116338004150601,0.2688969285234726,COMPLETE,,,,,,,,,,,,,,,
32,0.2453073263168335,2026-08-24 18:57:49.879767,2026-08-24 18:59:48.250490,0 days 00:01:58.370723,118.370723,32,first_k,mean,log1p,"[1,3,7,28]",True,65536,0.25,65536,4.0,False,7,1,512.342164,0.13382261991500854,0.2453073263168335,0.0103098279413555,0.4625655710697174,0.21396690607070923,3.9990978240966797,-0.18992385268211365,0.0011575446696951985,0.0002986669132951647,0.2740362584590912,2013,0.0025264620780944824,0.5234847260991395,0.12105286931299518,COMPLETE,,,,,,,,,,,,,,,
7,0.24549704790115356,2026-08-24 17:57:03.512985,2026-08-24 18:00:24.220863,0 days 00:03:20.707878,200.707878,64,pca,mean,none,"[1,3,7,28]",False,65536,0.25,16384,8.0,True,7,1,465.727536,0.08443433046340942,0.24549704790115356,0.010157169852644907,0.4557163417339325,0.20767739415168762,2.9995718002319336,-0.12770792841911316,0.0023130998015403748,0.0006567835807800293,0.2678430378437042,2013,0.02506941556930542,0.5175355425897861,0.2120488081769897,COMPLETE,,,,,,,,,,,,,,,
35,0.24555249512195587,2026-08-24 19:04:40.158066,2026-08-24 19:06:32.827989,0 days 00:01:52.669923,112.669923,64,first_k,max,log1p,"[1,7,28]",False,32768,0.25,16384,4.0,False,7,1,503.505616,0.11440616846084595,0.24555249512195587,0.010376148807979324,0.46554115414619446,0.2167285531759262,3.591427803039551,-0.1833505481481552,0.0008749014814384282,0.0,0.27691689133644104,2013,-0.00795888900756836,0.5262289343398375,0.204267946385123,COMPLETE,,,,,,,,,,,,,,,
4,0.24557417631149292,2026-08-24 17:51:25.038480,2026-08-24 17:52:59.078482,0 days 00:01:34.040002,94.040002,32,first_k,mean,none,"[1,7,28]",True,32768,0.75,16384,8.0,True,7,1,468.598442,0.12239116430282593,0.24557417631149292,0.010047298434166947,0.4507867991924286,0.20320874452590942,3.41491436958313,-0.14936092495918274,0.0031434260308742523,0.0013017058372497559,0.2634144723415375,2013,0.04118907451629639,0.5132391960300163,0.24769810256836006,COMPLETE,,,,,,,,,,,,,,,
42,0.24560421705245972,2026-08-24 19:20:55.988564,2026-08-24 19:22:43.371252,0 days 00:01:47.382688,107.382688,32,gaussian_random_projection,mean,none,null,True,32768,0.75,32768,4.0,True,7,1,512.342164,0.12230771780014038,0.24560421705245972,0.010001951764134945,0.4487522542476654,0.20137858390808105,3.1317713260650635,-0.14307783544063568,0.0034840330481529236,0.0008688308298587799,0.2616000175476074,2013,0.047793567180633545,0.5114684912559203,0.26184894225016586,COMPLETE,,,,,,,,,,,,,,,
29,0.2457112818956375,2026-08-24 18:50:57.491132,2026-08-24 18:53:23.196652,0 days 00:02:25.705520,145.70552,32,gaussian_random_projection,max,log1p,"[1,3,7,28]",True,65536,0.75,16384,8.0,True,7,1,503.505616,0.12193870544433594,0.2457112818956375,0.010147896994004743,0.45530030131340027,0.20729835331439972,3.8112430572509766,-0.16229397058486938,0.0016003656201064587,0.000557024497538805,0.2675694525241852,2013,0.02606523036956787,0.5172711595712496,0.2301071997253254,COMPLETE,,,,,,,,,,,,,,,
62,0.2457195669412613,2026-08-24 20:06:36.155549,2026-08-24 20:09:14.213993,0 days 00:02:38.058444,158.058444,32,gaussian_random_projection,mean,none,"[1,3,7,28]",False,65536,0.75,65536,8.0,False,7,1,504.00324,0.12030315399169922,0.2457195669412613,0.009980662715466085,0.44779708981513977,0.20052224397659302,2.9985361099243164,-0.1382797658443451,0.002550031989812851,0.00030842795968055725,0.2608007490634918,2013,0.05070292949676514,0.5106865467813811,0.26260892621735815,COMPLETE,,,,,,,,,,,,,,,
48,0.2459447830915451,2026-08-24 19:32:19.191091,2026-08-24 19:34:54.766743,0 days 00:02:35.575652,155.575652,64,pca,max,none,"[1,3,7,28]",False,32768,0.25,16384,4.0,False,7,1,495.919526,0.10071951150894165,0.2459447830915451,0.010245675170046969,0.4596872627735138,0.21131236851215363,3.767765760421753,-0.15696053206920624,0.0031033754348754883,0.0007215738296508789,0.27169620990753174,2013,0.011044085025787354,0.5212448655934481,0.24306410694847455,COMPLETE,,,,,,,,,,,,,,,
68,0.246322363615036,2026-08-24 20:21:04.297071,2026-08-24 20:23:06.151915,0 days 00:02:01.854844,121.854844,32,gaussian_random_projection,max,log1p,"[1,3,7,28]",False,32768,0.25,16384,4.0,True,7,1,507.32931199999996,0.09886234998703003,0.246322363615036,0.010258461219901161,0.46026092767715454,0.21184010803699493,3.035173177719116,-0.15760615468025208,0.0016200556419789791,0.0006441293517127633,0.272409588098526,2013,0.008447527885437012,0.5219287193655145,0.24065304972136115,COMPLETE,,,,,,,,,,,,,,,
86,0.246484637260437,2026-08-24 21:01:14.394120,2026-08-24 21:03:19.951131,0 days 00:02:05.557011,125.557011,32,gaussian_random_projection,mean,log1p,"[1,3,7,28]",False,32768,0.75,65536,4.0,False,7,1,506.48191599999996,0.12300515174865723,0.246484637260437,0.00995458578964262,0.44662711024284363,0.19947578012943268,3.2168502807617188,-0.13854321837425232,0.0015756456414237618,0.00025226498837582767,0.2601313591003418,2013,0.053139448165893555,0.5100307432894039,0.21150807502384014,COMPLETE,,,,,,,,,,,,,,,
46,0.24665875732898712,2026-08-24 19:28:38.926982,2026-08-24 19:30:43.107362,0 days 00:02:04.180380,124.18038,64,gaussian_random_projection,mean,none,"[1,3,7,28]",True,32768,0.25,32768,4.0,False,7,1,498.911908,0.10098391771316528,0.24665875732898712,0.010184729373058978,0.456952840089798,0.2088059037923813,3.758859395980835,-0.15018565952777863,0.0020830370485782623,-0.00015856698155403137,0.26954272389411926,2013,0.018882691860198975,0.5191750416710333,0.13239105040644125,COMPLETE,,,,,,,,,,,,,,,
52,0.24672837555408478,2026-08-24 19:43:01.710573,2026-08-24 19:45:22.259465,0 days 00:02:20.548892,140.548892,32,gaussian_random_projection,max,log1p,null,False,65536,0.75,16384,8.0,False,7,1,503.10595,0.11153608560562134,0.24672837555408478,0.010143326324928599,0.45509523153305054,0.2071116715669632,3.001969575881958,-0.15425845980644226,0.0016131260199472308,0.0007737750420346856,0.26788365840911865,2013,0.024921536445617676,0.5175747853297324,0.2575673888272842,COMPLETE,,,,,,,,,,,,,,,
8,0.24673600494861603,2026-08-24 18:00:24.272325,2026-08-24 18:02:48.687482,0 days 00:02:24.415157,144.415157,64,pca,max,none,"[1,3,7,28]",True,32768,0.75,16384,4.0,False,7,1,468.598442,0.09310513734817505,0.24673600494861603,0.010294364984601604,0.46187180280685425,0.21332557499408722,3.9114625453948975,-0.15794530510902405,0.002522498369216919,0.0005739405751228333,0.2740982472896576,2013,0.002300858497619629,0.5235439306205905,0.23488571146022666,COMPLETE,,,,,,,,,,,,,,,
78,0.24676501750946045,2026-08-24 20:41:54.787664,2026-08-24 20:45:15.357927,0 days 00:03:20.570263,200.570263,64,pca,max,none,"[1,7,28]",True,65536,0.25,32768,4.0,True,7,1,505.248858,0.1028870940208435,0.24676501750946045,0.010087329152358172,0.45258283615112305,0.20483122766017914,3.618105411529541,-0.13841357827186584,0.0022834278643131256,4.8764050006866455e-06,0.26562246680259705,2013,0.03315216302871704,0.5153857456338864,0.19066804947460905,COMPLETE,,,,,,,,,,,,,,,
50,0.2469763159751892,2026-08-24 19:37:22.854120,2026-08-24 19:39:28.979336,0 days 00:02:06.125216,126.125216,32,pca,mean,log1p,null,False,32768,0.25,32768,8.0,True,7,1,499.71390199999996,0.12028110027313232,0.2469763159751892,0.009952161295800456,0.44651833176612854,0.1993786245584488,3.3569278717041016,-0.13635019958019257,0.002598400926217437,0.00043789506889879704,0.2602768540382385,2013,0.052609801292419434,0.5101733568486682,0.2546368062071277,COMPLETE,,,,,,,,,,,,,,,
94,0.247257262468338,2026-08-24 21:19:28.985870,2026-08-24 21:22:55.987572,0 days 00:03:27.001702,207.001702,64,pca,mean,none,"[1,7,28]",False,65536,0.75,16384,8.0,True,7,1,507.32931199999996,0.07376664876937866,0.247257262468338,0.010164455290579386,0.45604321360588074,0.20797541737556458,3.0146849155426025,-0.12059775739908218,0.002224195748567581,0.0004031434655189514,0.26900821924209595,2013,0.0208282470703125,0.518660022791516,0.21441339104578416,COMPLETE,,,,,,,,,,,,,,,
10,0.24736596643924713,2026-08-24 18:06:21.087763,2026-08-24 18:08:22.921000,0 days 00:02:01.833237,121.833237,64,gaussian_random_projection,mean,none,"[1,7,28]",True,32768,0.25,32768,4.0,False,7,1,496.32403,0.09792685508728027,0.24736596643924713,0.01029655898546754,0.4619702398777008,0.21341650187969208,3.1961588859558105,-0.163320392370224,0.002059686928987503,-0.00046212971210479736,0.27450042963027954,2013,0.0008370280265808105,0.5239278859063331,0.17146573935637524,COMPLETE,,,,,,,,,,,,,,,
82,0.24739442765712738,2026-08-24 20:52:11.910473,2026-08-24 20:53:59.667619,0 days 00:01:47.757146,107.757146,32,gaussian_random_projection,mean,none,null,False,32768,0.75,65536,8.0,True,7,1,507.32931199999996,0.0982864499092102,0.24739442765712738,0.010079208758599146,0.45221850275993347,0.20450156927108765,3.0054943561553955,-0.13370080292224884,0.0031337812542915344,0.0005886293947696686,0.26560401916503906,2013,0.03321927785873413,0.5153678484005759,0.2668076390340135,COMPLETE,,,,,,,,,,,,,,,
66,0.2474677860736847,2026-08-24 20:15:25.808741,2026-08-24 20:17:35.064723,0 days 00:02:09.255982,129.255982,64,gaussian_random_projection,sum,log1p,"[1,7,28]",False,32768,0.75,65536,4.0,False,7,1,505.733922,0.14401531219482422,0.2474677860736847,0.010102796094581399,0.45327678322792053,0.2054598480463028,3.7899909019470215,-0.17729388177394867,0.0006931938114576042,0.0,0.26659807562828064,2013,0.029600977897644043,0.5163313622358036,0.1546734640323141,COMPLETE,,,,,,,,,,,,,,,
13,0.2478160262107849,2026-08-24 18:13:53.096726,2026-08-24 18:17:17.317837,0 days 00:03:24.221111,204.221111,64,pca,sum,none,"[1,3,7,28]",False,65536,0.25,65536,8.0,True,7,1,521.178712,0.08768618106842041,0.2478160262107849,0.010042047578325221,0.45055121183395386,0.2029963880777359,3.333188533782959,-0.11691032350063324,0.0024566352367401123,0.00040182843804359436,0.2643083333969116,2013,0.037935495376586914,0.5141092621193588,0.23260683053876618,COMPLETE,,,,,,,,,,,,,,,
1,0.24782079458236694,2026-08-24 17:45:35.861200,2026-08-24 17:47:30.607845,0 days 00:01:54.746645,114.746645,64,gaussian_random_projection,mean,none,null,True,32768,0.75,16384,8.0,True,7,1,170832.7008626922,0.0957571268081665,0.24782079458236694,0.010188922086793699,0.4571409523487091,0.2089778482913971,3.641847610473633,-0.14787235856056213,0.0029098354279994965,0.0011749006807804108,0.27028921246528625,2013,0.016165554523468018,0.5198934626106452,0.22763210141795678,COMPLETE,,,,,,,,,,,,,,,
2,0.2478812038898468,2026-08-24 17:47:30.653701,2026-08-24 17:49:27.085585,0 days 00:01:56.431884,116.431884,32,first_k,max,none,"[1,7,28]",True,65536,0.25,65536,4.0,False,7,1,170717.89476940013,0.14505541324615479,0.2478812038898468,0.010094867003350192,0.4529210329055786,0.2051374614238739,3.12406587600708,-0.177767813205719,0.002236727625131607,-0.00029867514967918396,0.2664806544780731,2013,0.03002840280532837,0.5162176425482503,0.15909177779112713,COMPLETE,,,,,,,,,,,,,,,
20,0.2479609102010727,2026-08-24 18:31:01.887563,2026-08-24 18:33:54.000210,0 days 00:02:52.112647,172.112647,32,pca,mean,none,null,True,65536,0.25,32768,4.0,True,7,1,512.342164,0.09665954113006592,0.2479609102010727,0.009987840545728665,0.4481191337108612,0.2008107453584671,3.963078737258911,-0.11840847879648209,0.0034606866538524628,0.0008221305906772614,0.2621956169605255,2013,0.04562556743621826,0.5120504047069249,0.25576432318730413,COMPLETE,,,,,,,,,,,,,,,
18,0.24796652793884277,2026-08-24 18:25:39.920987,2026-08-24 18:29:01.126822,0 days 00:03:21.205835,201.205835,64,pca,max,none,"[1,7,28]",True,65536,0.25,32768,8.0,False,7,1,512.342164,0.07951611280441284,0.24796652793884277,0.010260017545674365,0.4603307545185089,0.2119044065475464,3.8546645641326904,-0.14283432066440582,0.002339877188205719,0.00019167736172676086,0.27328649163246155,2013,0.005255579948425293,0.5227681050259871,0.21507229390886146,COMPLETE,,,,,,,,,,,,,,,
19,0.24800743162631989,2026-08-24 18:29:01.167907,2026-08-24 18:31:01.844920,0 days 00:02:00.677013,120.677013,64,first_k,sum,log1p,"[1,3,7,28]",False,32768,0.25,16384,8.0,True,7,1,521.178712,0.12927329540252686,0.24800743162631989,0.010347968218594726,0.4642767906188965,0.2155529409646988,3.3052480220794678,-0.19426390528678894,0.0011571049690246582,8.836014603730291e-05,0.2769535183906555,2013,-0.008092164993286133,0.5262637346337438,0.21273008834576765,COMPLETE,,,,,,,,,,,,,,,
9,0.2480577975511551,2026-08-24 18:02:48.740570,2026-08-24 18:06:21.047681,0 days 00:03:32.307111,212.307111,64,pca,max,none,"[1,7,28]",False,65536,0.75,32768,8.0,True,7,1,471.469348,0.09499126672744751,0.2480577975511551,0.009997681997993184,0.4485606849193573,0.20120669901371002,3.0124058723449707,-0.11834719777107239,0.002760179340839386,0.00054192915558815,0.2626394033432007,2013,0.044010281562805176,0.5124835639737149,0.23720585012531833,COMPLETE,,,,,,,,,,,,,,,
87,0.2481304407119751,2026-08-24 21:03:19.997305,2026-08-24 21:05:38.164238,0 days 00:02:18.166933,138.166933,32,pca,max,log1p,"[1,7,28]",False,32768,0.25,32768,8.0,False,7,1,505.996852,0.10590618848800659,0.2481304407119751,0.010111667085064164,0.4536747932434082,0.20582082867622375,3.138951301574707,-0.1471482217311859,0.00215662713162601,0.0006699843215756118,0.2672872841358185,2013,0.027092278003692627,0.5169983405542212,0.24168197915689688,COMPLETE,,,,,,,,,,,,,,,
81,0.24824419617652893,2026-08-24 20:50:00.019178,2026-08-24 20:52:11.864264,0 days 00:02:11.845086,131.845086,32,first_k,sum,log1p,"[1,3,7,28]",False,65536,0.75,16384,4.0,False,7,1,506.96698,0.1246289610862732,0.24824419617652893,0.010470795733618275,0.4697876274585724,0.22070041298866272,3.9455509185791016,-0.20426684617996216,0.0018380786059424281,0.0006357778911478817,0.28221595287323,2013,-0.027247071266174316,0.5312400143750751,0.20759802665558294,COMPLETE,,,,,,,,,,,,,,,
90,0.24824871122837067,2026-08-24 21:09:35.339098,2026-08-24 21:11:57.007302,0 days 00:02:21.668204,141.668204,32,pca,sum,log1p,"[1,3,7,28]",False,32768,0.75,65536,8.0,True,7,1,506.48191599999996,0.0829237699508667,0.24824871122837067,0.010214635006418397,0.4582946002483368,0.21003395318984985,3.281040668487549,-0.1400298774242401,0.0017615233082324266,0.00046109911636449397,0.2715570330619812,2013,0.01155078411102295,0.5211113442077242,0.22775971723135596,COMPLETE,,,,,,,,,,,,,,,
60,0.2485535889863968,2026-08-24 20:02:27.067361,2026-08-24 20:05:05.088042,0 days 00:02:38.020681,158.020681,64,pca,sum,none,"[1,3,7,28]",False,32768,0.75,65536,8.0,False,7,1,504.00324,0.09656208753585815,0.2485535889863968,0.010095209753712536,0.45293641090393066,0.20515139400959015,3.178377866744995,-0.13647912442684174,0.0037778206169605255,0.0007987804710865021,0.26682835817337036,2013,0.028762757778167725,0.5165543128978505,0.25667749997380657,COMPLETE,,,,,,,,,,,,,,,
47,0.24856284260749817,2026-08-24 19:30:43.148041,2026-08-24 19:32:19.147908,0 days 00:01:35.999867,95.999867,32,first_k,max,none,"[1,3,7,28]",True,32768,0.25,16384,4.0,False,7,1,496.72152,0.12707573175430298,0.24856284260749817,0.010153863905836018,0.45556801557540894,0.20754222571849823,3.983919620513916,-0.1714753657579422,0.002366337925195694,0.0003306753933429718,0.26922258734703064,2013,0.02004796266555786,0.5188666373424202,0.21473265198382546,COMPLETE,,,,,,,,,,,,,,,
40,0.2485666573047638,2026-08-24 19:15:26.862976,2026-08-24 19:18:21.536149,0 days 00:02:54.673173,174.673173,32,pca,max,none,null,True,65536,0.75,32768,8.0,True,7,1,499.31157399999995,0.09486925601959229,0.2485666573047638,0.010180598434098864,0.4567674994468689,0.20863653719425201,3.429145336151123,-0.14714407920837402,0.002446882426738739,9.827688336372375e-05,0.27031823992729187,2013,0.016059815883636475,0.5199213786018919,0.24962987265537406,COMPLETE,,,,,,,,,,,,,,,
17,0.24868926405906677,2026-08-24 18:23:34.002925,2026-08-24 18:25:39.879329,0 days 00:02:05.876404,125.876404,32,pca,sum,none,null,True,32768,0.25,65536,4.0,True,7,1,521.178712,0.10208576917648315,0.24868926405906677,0.010013295074091828,0.4492611885070801,0.20183561742305756,3.0424575805664062,-0.12998996675014496,0.0035676732659339905,0.0010089315474033356,0.26358169317245483,2013,0.0405803918838501,0.5134020774913701,0.25008654858065404,COMPLETE,,,,,,,,,,,,,,,
69,0.24872244894504547,2026-08-24 20:23:06.211066,2026-08-24 20:25:29.023696,0 days 00:02:22.812630,142.81263,64,first_k,mean,log1p,"[1,3,7,28]",False,65536,0.75,65536,4.0,True,7,1,506.96698,0.1141510009765625,0.24872244894504547,0.009949733480733853,0.4464094042778015,0.19928136467933655,3.764652967453003,-0.1329496204853058,0.0016453443095088005,0.0,0.2610452175140381,2013,0.049813032150268555,0.5109258434587529,0.24479924920527754,COMPLETE,,,,,,,,,,,,,,,
43,0.24875801801681519,2026-08-24 19:22:43.420270,2026-08-24 19:24:35.347037,0 days 00:01:51.926767,111.926767,32,first_k,sum,log1p,null,True,65536,0.25,65536,8.0,False,7,1,503.505616,0.12996041774749756,0.24875801801681519,0.010214939230577222,0.45830824971199036,0.2100464552640915,3.7042410373687744,-0.18109767138957977,0.0018312346655875444,0.00029866694239899516,0.27182266116142273,2013,0.010583877563476562,0.5213661488449578,0.22367455920069293,COMPLETE,,,,,,,,,,,,,,,
3,0.2488684207201004,2026-08-24 17:49:27.126510,2026-08-24 17:51:24.993847,0 days 00:01:57.867337,117.867337,64,first_k,max,log1p,"[1,3,7,28]",False,32768,0.25,32768,4.0,False,7,1,465.727536,0.11312878131866455,0.2488684207201004,0.010261589149079996,0.4604012668132782,0.21196933090686798,3.9990978240966797,-0.1736348569393158,0.0010182182304561138,0.0,0.2737995386123657,2013,0.0033881664276123047,0.5232585771990419,0.16978154074029986,COMPLETE,,,,,,,,,,,,,,,
91,0.24897746741771698,2026-08-24 21:11:57.059427,2026-08-24 21:15:18.325556,0 days 00:03:21.266129,201.266129,64,pca,sum,log1p,"[1,7,28]",True,65536,0.25,65536,8.0,False,7,1,506.96698,0.07839846611022949,0.24897746741771698,0.010071428458222911,0.4518694281578064,0.20418597757816315,3.2004425525665283,-0.11350064724683762,0.0010182164842262864,0.00020585960010066628,0.2660743296146393,2013,0.03150743246078491,0.5158239327664423,0.17419936461397723,COMPLETE,,,,,,,,,,,,,,,
58,0.249091237783432,2026-08-24 19:55:41.408813,2026-08-24 19:59:06.181419,0 days 00:03:24.772606,204.772606,64,pca,sum,none,"[1,3,7,28]",False,65536,0.25,65536,8.0,False,7,1,503.10595,0.07499080896377563,0.249091237783432,0.010034435996150604,0.45020970702171326,0.2026887834072113,3.33017635345459,-0.10250095278024673,0.0029372312128543854,0.0007754303514957428,0.26463451981544495,2013,0.03674817085266113,0.5144263988321798,0.2155315501900812,COMPLETE,,,,,,,,,,,,,,,
14,0.24929757416248322,2026-08-24 18:17:17.359212,2026-08-24 18:19:21.138595,0 days 00:02:03.779383,123.779383,64,first_k,sum,none,null,False,65536,0.25,65536,4.0,False,7,1,527.298524,0.13447165489196777,0.24929757416248322,0.010321481453675202,0.46308842301368713,0.2144508808851242,3.725048542022705,-0.19674019515514374,0.002760179340839386,-0.0012793727219104767,0.276493638753891,2013,-0.006418108940124512,0.525826624234539,0.2187889965302039,COMPLETE,,,,,,,,,,,,,,,
97,0.2494547963142395,2026-08-24 21:27:44.300546,2026-08-24 21:30:21.775753,0 days 00:02:37.475207,157.475207,32,gaussian_random_projection,sum,none,"[1,7,28]",False,65536,0.25,65536,8.0,False,7,1,515.046996,0.14076471328735352,0.2494547963142395,0.010070181670567639,0.4518134891986847,0.20413541793823242,3.399456024169922,-0.1737920343875885,0.0035774260759353638,0.0001683272421360016,0.26626166701316833,2013,0.030825495719909668,0.5160054912626109,0.24246434337204284,COMPLETE,,,,,,,,,,,,,,,
83,0.24969545006752014,2026-08-24 20:53:59.716517,2026-08-24 20:56:05.170279,0 days 00:02:05.453762,125.453762,64,first_k,max,none,"[1,7,28]",True,65536,0.75,32768,4.0,False,7,1,506.96698,0.09560376405715942,0.24969545006752014,0.010396112023851208,0.46643683314323425,0.21756333112716675,3.8760299682617188,-0.17702531814575195,0.002540275454521179,-0.000508822500705719,0.2798030376434326,2013,-0.018464207649230957,0.5289641175386405,0.1802894915745803,COMPLETE,,,,,,,,,,,,,,,
73,0.24972671270370483,2026-08-24 20:31:14.445983,2026-08-24 20:33:20.945196,0 days 00:02:06.499213,126.499213,32,first_k,mean,none,"[1,7,28]",False,65536,0.75,16384,8.0,False,7,1,504.500864,0.12139630317687988,0.24972671270370483,0.010166620728915126,0.4561403691768646,0.20806404948234558,3.80617618560791,-0.17013241350650787,0.002740330994129181,0.0005761459469795227,0.27032414078712463,2013,0.01603841781616211,0.5199270533326041,0.2226223315342466,COMPLETE,,,,,,,,,,,,,,,
95,0.24983491003513336,2026-08-24 21:22:56.036329,2026-08-24 21:25:30.491863,0 days 00:02:34.455534,154.455534,64,pca,max,none,"[1,3,7,28]",False,32768,0.75,16384,4.0,False,7,1,507.691644,0.09618157148361206,0.24983491003513336,0.010190466456158913,0.4572102427482605,0.20904119312763214,3.4149155616760254,-0.1518172323703766,0.0027033984661102295,0.000776045024394989,0.2713548541069031,2013,0.012286663055419922,0.5209173198377101,0.23703882283208738,COMPLETE,,,,,,,,,,,,,,,
89,0.24993132054805756,2026-08-24 21:07:13.652214,2026-08-24 21:09:35.289831,0 days 00:02:21.637617,141.637617,32,gaussian_random_projection,max,log1p,null,False,65536,0.25,16384,4.0,False,7,1,505.996852,0.12053650617599487,0.24993132054805756,0.0101200471985745,0.45405077934265137,0.20616210997104645,3.0484843254089355,-0.16404284536838531,0.0024727785494178534,0.001246569911018014,0.2685253620147705,2013,0.022585749626159668,0.5181943284278308,0.22614153247621713,COMPLETE,,,,,,,,,,,,,,,
6,0.2504391372203827,2026-08-24 17:55:09.462824,2026-08-24 17:57:03.463191,0 days 00:01:54.000367,114.000367,32,first_k,sum,log1p,null,False,65536,0.25,65536,4.0,True,7,1,468.598442,0.129879891872406,0.2504391372203827,0.010516095906508099,0.47182008624076843,0.22261419892311096,3.9997477531433105,-0.21488365530967712,0.0013665715232491493,0.0,0.2852233648300171,2013,-0.03819382190704346,0.5340630719587501,0.19431986364681306,COMPLETE,,,,,,,,,,,,,,,
98,0.2505339980125427,2026-08-24 21:30:21.826557,2026-08-24 21:32:18.646819,0 days 00:01:56.820262,116.820262,64,gaussian_random_projection,mean,none,null,False,32768,0.75,32768,8.0,False,7,1,516.035462,0.10138356685638428,0.2505339980125427,0.010018185909204115,0.4494806230068207,0.20203281939029694,3.9733293056488037,-0.1335010528564453,0.003484036773443222,0.00033177805016748607,0.2646997272968292,2013,0.03651082515716553,0.5144897737534043,0.23534787468747645,COMPLETE,,,,,,,,,,,,,,,
15,0.25071582198143005,2026-08-24 18:19:21.178568,2026-08-24 18:20:58.511214,0 days 00:01:37.332646,97.332646,32,first_k,sum,log1p,"[1,3,7,28]",True,32768,0.75,32768,8.0,False,7,1,521.178712,0.12396210432052612,0.25071582198143005,0.010429556089730408,0.4679373502731323,0.2189653515815735,3.7241694927215576,-0.2025853544473648,0.00039148103678599,0.0,0.2817150056362152,2013,-0.025423526763916016,0.5307683163454797,0.05571808038430156,COMPLETE,,,,,,,,,,,,,,,
21,0.2508143484592438,2026-08-24 18:33:54.052646,2026-08-24 18:36:33.685949,0 days 00:02:39.633303,159.633303,32,gaussian_random_projection,sum,none,"[1,3,7,28]",False,65536,0.75,65536,8.0,False,7,1,521.178712,0.1554276943206787,0.2508143484592438,0.009868054608048477,0.44274476170539856,0.19602292776107788,3.985167980194092,-0.16371844708919525,0.004955083131790161,-1.8466264009475708e-05,0.2588333785533905,2013,0.05786389112472534,0.5087566987798692,0.2635788164028525,COMPLETE,,,,,,,,,,,,,,,
75,0.2508430480957031,2026-08-24 20:35:25.829828,2026-08-24 20:37:03.029702,0 days 00:01:37.199874,97.199874,32,first_k,max,log1p,"[1,3,7,28]",True,32768,0.75,32768,4.0,True,7,1,504.500864,0.11062419414520264,0.2508430480957031,0.01022836959797303,0.45891082286834717,0.2105991393327713,3.8790760040283203,-0.17052339017391205,0.000971781206317246,0.0,0.27341675758361816,2013,0.0047814249992370605,0.5228926826640607,0.19802104882548038,COMPLETE,,,,,,,,,,,,,,,
24,0.2520017623901367,2026-08-24 18:40:48.137062,2026-08-24 18:42:45.033400,0 days 00:01:56.896338,116.896338,64,first_k,mean,none,"[1,3,7,28]",False,32768,0.25,16384,4.0,True,7,1,527.298524,0.11497741937637329,0.2520017623901367,0.010170660002080658,0.4563215970993042,0.2082294076681137,3.4218435287475586,-0.16878479719161987,0.0033735111355781555,0.0012907907366752625,0.2716308832168579,2013,0.011281907558441162,0.5211821977167466,0.23106614325828417,COMPLETE,,,,,,,,,,,,,,,
54,0.25200989842414856,2026-08-24 19:47:57.643566,2026-08-24 19:49:43.010276,0 days 00:01:45.366710,105.36671,64,first_k,mean,log1p,"[1,7,28]",True,32768,0.25,65536,8.0,True,7,1,504.00324,0.0961107611656189,0.25200989842414856,0.010398241592962982,0.4665323793888092,0.21765245497226715,4.0,-0.18090738356113434,0.0007628347957506776,0.0,0.2810532748699188,2013,-0.02301502227783203,0.5301445792139337,0.17388131735532605,COMPLETE,,,,,,,,,,,,,,,
63,0.2523280382156372,2026-08-24 20:09:14.259075,2026-08-24 20:11:21.181986,0 days 00:02:06.922911,126.922911,64,first_k,sum,none,"[1,7,28]",True,65536,0.75,65536,4.0,True,7,1,504.500864,0.13557887077331543,0.2523280382156372,0.010357843547348547,0.46471986174583435,0.21596455574035645,3.832698106765747,-0.20504634082317352,0.0034976229071617126,-0.0002286285161972046,0.2795267403125763,2013,-0.017458438873291016,0.5287028847212547,0.2525760580435445,COMPLETE,,,,,,,,,,,,,,,
93,0.25256502628326416,2026-08-24 21:17:18.215449,2026-08-24 21:19:28.930827,0 days 00:02:10.715378,130.715378,32,pca,sum,log1p,"[1,3,7,28]",True,32768,0.75,32768,8.0,True,7,1,506.96698,0.1304532289505005,0.25256502628326416,0.009606421167214193,0.43100619316101074,0.185766339302063,3.374831199645996,-0.10282149910926819,0.004623742774128914,0.0003450729127507657,0.24946314096450806,2013,0.09197098016738892,0.4994628524370036,0.24531742263303635,COMPLETE,,,,,,,,,,,,,,,
23,0.25262415409088135,2026-08-24 18:38:51.846658,2026-08-24 18:40:48.094442,0 days 00:01:56.247784,116.247784,32,first_k,sum,log1p,"[1,7,28]",True,65536,0.75,65536,8.0,True,7,1,533.418336,0.11514842510223389,0.25262415409088135,0.010709442980094186,0.480494886636734,0.23087534308433533,3.9510958194732666,-0.2269008755683899,0.0005771425785496831,0.0,0.2945796251296997,2013,-0.0722498893737793,0.5427519001622193,0.16946821579782115,COMPLETE,,,,,,,,,,,,,,,
45,0.25362470746040344,2026-08-24 19:26:41.109285,2026-08-24 19:28:38.875401,0 days 00:01:57.766116,117.766116,64,first_k,sum,log1p,"[1,3,7,28]",False,32768,0.75,65536,8.0,True,7,1,502.706284,0.11148929595947266,0.25362470746040344,0.010186391313769414,0.457027405500412,0.20887404680252075,3.7689919471740723,-0.17027892172336578,0.0019939178600907326,0.00020585590391419828,0.2730957865715027,2013,0.005949735641479492,0.5225856739057269,0.21723183116142045,COMPLETE,,,,,,,,,,,,,,,
92,0.25370484590530396,2026-08-24 21:15:18.371508,2026-08-24 21:17:18.160390,0 days 00:01:59.788882,119.788882,64,first_k,max,none,null,False,65536,0.25,16384,4.0,False,7,1,507.32931199999996,0.0673515796661377,0.25370484590530396,0.010350009443136361,0.46436837315559387,0.21563799679279327,3.7538392543792725,-0.1538511961698532,0.0026125721633434296,0.00011335685849189758,0.2798970341682434,2013,-0.0188063383102417,0.5290529597008634,0.23638453783519864,COMPLETE,,,,,,,,,,,,,,,
39,0.25388455390930176,2026-08-24 19:13:55.065684,2026-08-24 19:15:26.803729,0 days 00:01:31.738045,91.738045,32,first_k,mean,log1p,null,False,32768,0.75,65536,8.0,True,7,1,503.505616,0.07658392190933228,0.25388455390930176,0.010181145107641905,0.45679202675819397,0.20865896344184875,3.2461447715759277,-0.13900457322597504,0.002017159713432193,0.00039148100768215954,0.2730126678943634,2013,0.006252288818359375,0.5225061414896129,0.23993092666663435,COMPLETE,,,,,,,,,,,,,,,
28,0.25418853759765625,2026-08-24 18:48:58.966561,2026-08-24 18:50:57.441913,0 days 00:01:58.475352,118.475352,64,first_k,max,none,null,True,65536,0.25,16384,8.0,False,7,1,512.342164,0.07979047298431396,0.25418853759765625,0.010226353614737149,0.4588203728199005,0.21051613986492157,3.407165050506592,-0.14904330670833588,0.0027593672275543213,0.0003934688866138458,0.27502337098121643,2013,-0.0010665655136108398,0.5244267069679198,0.19260581293112045,COMPLETE,,,,,,,,,,,,,,,
79,0.2542594075202942,2026-08-24 20:45:15.403168,2026-08-24 20:47:24.164917,0 days 00:02:08.761749,128.761749,32,first_k,sum,log1p,"[1,7,28]",False,65536,0.25,32768,4.0,True,7,1,505.996852,0.14457082748413086,0.2542594075202942,0.010199017944850423,0.4575939178466797,0.20939220488071442,3.601954460144043,-0.19729083776474,0.0036687611136585474,0.0,0.27393603324890137,2013,0.0028913021087646484,0.5233889884673744,0.16433850055445728,COMPLETE,,,,,,,,,,,,,,,
70,0.2547552287578583,2026-08-24 20:25:29.075454,2026-08-24 20:27:06.882297,0 days 00:01:37.806843,97.806843,32,first_k,sum,log1p,"[1,3,7,28]",True,32768,0.25,32768,8.0,False,7,1,507.32931199999996,0.08513998985290527,0.2547552287578583,0.010758109546077732,0.4826783835887909,0.2329784333705902,4.0,-0.2154601365327835,0.00036827666917815804,0.0,0.2977629005908966,2013,-0.08383691310882568,0.5456765530888208,0.09791548843529631,COMPLETE,,,,,,,,,,,,,,,
61,0.26025283336639404,2026-08-24 20:05:05.134087,2026-08-24 20:06:36.100778,0 days 00:01:30.966691,90.966691,32,first_k,max,none,null,True,32768,0.25,16384,8.0,True,7,1,504.500864,0.04990965127944946,0.26025283336639404,0.010172214335119197,0.4563913345336914,0.20829305052757263,3.6087987422943115,-0.1220756322145462,0.00407814234495163,0.0007687993347644806,0.275921106338501,2013,-0.004334211349487305,0.5252819303369392,0.22424617277090664,COMPLETE,,,,,,,,,,,,,,,
25,0.261015385389328,2026-08-24 18:42:45.096086,2026-08-24 18:44:39.298233,0 days 00:01:54.202147,114.202147,32,first_k,mean,none,null,False,65536,0.75,65536,4.0,False,7,1,521.178712,0.10513025522232056,0.261015385389328,0.009910497863673878,0.4446490406990051,0.19771277904510498,3.5026631355285645,-0.1410522162914276,0.004137828946113586,0.0010322816669940948,0.265743613243103,2013,0.032711148262023926,0.5155032621071404,0.2051247245937117,COMPLETE,,,,,,,,,,,,,,,
76,0.2618058919906616,2026-08-24 20:37:03.077311,2026-08-24 20:39:36.272990,0 days 00:02:33.195679,153.195679,64,pca,mean,none,"[1,7,28]",False,32768,0.75,65536,4.0,False,7,1,504.00324,0.10584861040115356,0.2618058919906616,0.009616496433679381,0.4314582347869873,0.18615619838237762,2.9923248291015625,-0.09463364630937576,0.004814978688955307,0.00012162327766418457,0.2546060383319855,2013,0.07325118780136108,0.5045850159606263,0.24353221941142575,COMPLETE,,,,,,,,,,,,,,,
57,0.2620351314544678,2026-08-24 19:53:52.804153,2026-08-24 19:55:41.363727,0 days 00:01:48.559574,108.559574,32,first_k,mean,none,"[1,3,7,28]",False,32768,0.75,32768,4.0,True,7,1,503.505616,0.05762416124343872,0.2620351314544678,0.010001298147164894,0.4487229287624359,0.20135225355625153,3.016655683517456,-0.10495422780513763,0.00532868504524231,0.0011723823845386505,0.2699146270751953,2013,0.017529010772705078,0.5195330856405541,0.23819347915455336,COMPLETE,,,,,,,,,,,,,,,
64,0.2631458640098572,2026-08-24 20:11:21.224704,2026-08-24 20:13:27.966449,0 days 00:02:06.741745,126.741745,64,first_k,sum,none,"[1,7,28]",True,65536,0.25,32768,8.0,True,7,1,506.096254,0.15615391731262207,0.2631458640098572,0.00957382733479197,0.4295438230037689,0.18450790643692017,3.1357524394989014,-0.14775611460208893,0.010769233107566833,0.0012190788984298706,0.25366201996803284,2013,0.07668733596801758,0.5036487069059473,0.2601077404231715,COMPLETE,,,,,,,,,,,,,,,
88,0.2651752233505249,2026-08-24 21:05:38.210790,2026-08-24 21:07:13.606830,0 days 00:01:35.396040,95.39604,32,first_k,max,none,"[1,7,28]",True,32768,0.75,16384,8.0,False,7,1,506.48191599999996,0.041898906230926514,0.2651752233505249,0.010151418820402318,0.45545831322669983,0.2074422687292099,3.5393593311309814,-0.12015700340270996,0.002972099930047989,0.0008305646479129791,0.2776571214199066,2013,-0.010653138160705566,0.5269317995907123,0.1823116829828477,COMPLETE,,,,,,,,,,,,,,,
26,0.26941797137260437,2026-08-24 18:44:39.339348,2026-08-24 18:46:32.507284,0 days 00:01:53.167936,113.167936,32,gaussian_random_projection,mean,none,"[1,7,28]",True,32768,0.25,65536,8.0,True,7,1,512.342164,0.08809059858322144,0.26941797137260437,0.009655183384461648,0.43319398164749146,0.18765701353549957,3.17541241645813,-0.0980847179889679,0.00968313217163086,0.0003784745931625366,0.26014983654022217,2013,0.05307209491729736,0.5100488570129553,0.2877734738532606,COMPLETE,,,,,,,,,,,,,,,
37,0.2717823088169098,2026-08-24 19:09:00.024230,2026-08-24 19:10:35.481002,0 days 00:01:35.456772,95.456772,32,first_k,mean,none,"[1,7,28]",True,32768,0.75,65536,4.0,True,7,1,503.505616,0.10258340835571289,0.2717823088169098,0.00947347520980772,0.4250413775444031,0.1806601732969284,3.7152416706085205,-0.0888168215751648,0.05792427062988281,0.001219082623720169,0.25443604588508606,2013,0.07387000322341919,0.5044165400589934,0.24033270014968505,COMPLETE,,,,,,,,,,,,,,,
71,0.2762298583984375,2026-08-24 20:27:06.925326,2026-08-24 20:29:10.969359,0 days 00:02:04.044033,124.044033,32,gaussian_random_projection,sum,none,"[1,3,7,28]",False,32768,0.75,32768,4.0,True,7,1,506.96698,0.12541508674621582,0.2762298583984375,0.009266583518705043,0.41575887799263,0.1728554517030716,3.2172789573669434,-0.09379500895738602,0.024358944967389107,0.0010322816669940948,0.24907252192497253,2013,0.09339278936386108,0.4990716601100212,0.23920196728690643,COMPLETE,,,,,,,,,,,,,,,
96,0.2765381932258606,2026-08-24 21:25:30.537245,2026-08-24 21:27:44.252745,0 days 00:02:13.715500,133.7155,32,first_k,max,none,"[1,3,7,28]",False,65536,0.75,65536,8.0,False,7,1,511.36932,0.11232966184616089,0.2765381932258606,0.009458352346436615,0.4243628680706024,0.18008384108543396,4.298954486846924,-0.11223971098661423,0.014365140348672867,0.0005185753107070923,0.2564677596092224,2013,0.06647467613220215,0.5064264602182852,0.22002655377508415,COMPLETE,,,,,,,,,,,,,,,
