number,value,datetime_start,datetime_complete,duration,duration_s,params_fusion.early.reduction_dim,params_fusion.early.reduction_method,params_fusion.key_pooling,params_rewrite.count_feature_window_days,params_rewrite.count_features_after_simplify,params_sampling.context_tables_sample_size,params_sampling.train.anchor_budget_fraction,params_sampling.train.sample_size,params_tabicl.outlier_threshold,params_vectorizer.relative_time,user_attrs_effective_context_tables_used,user_attrs_effective_restrict_to_test_keys_batches,user_attrs_effective_restrict_to_test_keys_inert,user_attrs_trial_timeout_s,user_attrs_val_accuracy,user_attrs_val_accuracy_sem,user_attrs_val_accuracy_std,user_attrs_val_accuracy_var,user_attrs_val_ap,user_attrs_val_auroc,user_attrs_val_confusion_matrix,user_attrs_val_f1,user_attrs_val_n,user_attrs_val_n_0,user_attrs_val_n_1,user_attrs_val_precision,user_attrs_val_recall,state,test_value,test_auroc,test_ap,test_f1,test_precision,test_recall,test_accuracy,test_accuracy_var,test_accuracy_std,test_accuracy_sem,test_confusion_matrix,test_n,test_n_0,test_n_1
36,0.7033917235155625,2026-08-24 20:50:01.726996,2026-08-24 20:56:14.299150,0 days 00:06:12.572154,372.572154,32,gaussian_random_projection,max,"[1,3,7,28]",False,65536,0.75,65536,4.0,True,11,1,1,1234.47488,0.6291666666666667,0.015589659106754541,0.4830279207480891,0.23331597222222222,0.7755532344218298,0.7033917235155625,"[[111, 288], [68, 493]]",0.7347242921013413,960,399,561,0.6312419974391805,0.8787878787878788,COMPLETE,0.7364062329737388,0.7364062329737388,0.795317308328644,0.7625354777672658,0.7020905923344948,0.8343685300207039,0.6957575757575758,0.2116789715335169,0.4600858306158938,0.016018132586409,"[[171, 171], [80, 403]]",825.0,342.0,483.0
75,0.69501516715139,2026-08-25 00:19:10.357309,2026-08-25 00:24:34.899432,0 days 00:05:24.542123,324.542123,32,first_k,mean,null,False,65536,0.25,16384,8.0,False,11,1,1,1242.939368,0.6385416666666667,0.015505583893298133,0.48042294553572507,0.23080620659722223,0.7636692173874429,0.69501516715139,"[[136, 263], [84, 477]]",0.7332820906994619,960,399,561,0.6445945945945946,0.8502673796791443,COMPLETE,,,,,,,,,,,,,,
31,0.6942780301913429,2026-08-24 20:23:43.810007,2026-08-24 20:28:02.766564,0 days 00:04:18.956557,258.956557,64,gaussian_random_projection,sum,"[1,3,7,28]",False,32768,0.25,65536,4.0,True,11,1,1,1234.466592,0.628125,0.015598610527563825,0.4833052703778431,0.233583984375,0.7706909301046166,0.6942780301913429,"[[125, 274], [83, 478]]",0.7281035795887281,960,399,561,0.6356382978723404,0.8520499108734403,COMPLETE,,,,,,,,,,,,,,
7,0.6941306027993335,2026-08-24 18:18:39.399424,2026-08-24 18:25:06.940161,0 days 00:06:27.540737,387.540737,32,gaussian_random_projection,max,null,False,65536,0.25,16384,4.0,False,11,1,1,1262.668844,0.6416666666666667,0.015476142780756786,0.4795107460271934,0.22993055555555555,0.76769349570139,0.6941306027993335,"[[143, 256], [88, 473]]",0.7333333333333333,960,399,561,0.6488340192043895,0.8431372549019608,COMPLETE,,,,,,,,,,,,,,
15,0.6939250979498657,2026-08-24 19:05:18.602016,2026-08-24 19:12:46.664060,0 days 00:07:28.062044,448.062044,32,pca,max,"[1,7,28]",False,65536,0.75,65536,4.0,True,11,1,1,1346.572448,0.628125,0.015598610527563825,0.4833052703778431,0.233583984375,0.766935789755693,0.6939250979498657,"[[131, 268], [89, 472]]",0.7255956956187548,960,399,561,0.6378378378378379,0.8413547237076648,COMPLETE,,,,,,,,,,,,,,
79,0.6928350287483414,2026-08-25 00:40:18.942463,2026-08-25 00:43:58.985123,0 days 00:03:40.042660,220.04266,64,first_k,sum,"[1,7,28]",False,32768,0.75,65536,4.0,True,11,1,1,1243.823488,0.6270833333333333,0.015607484395478106,0.4835802171190307,0.2338498263888889,0.7648505257096883,0.6928350287483414,"[[139, 260], [98, 463]]",0.721183800623053,960,399,561,0.640387275242047,0.8253119429590018,COMPLETE,,,,,,,,,,,,,,
52,0.6927903537810659,2026-08-24 22:12:05.052696,2026-08-24 22:17:15.787538,0 days 00:05:10.734842,310.734842,64,pca,max,"[1,3,7,28]",False,32768,0.25,16384,4.0,False,11,1,1,1225.794456,0.6322916666666667,0.015562338182912255,0.48218141288373567,0.23249891493055555,0.7677730608612784,0.6927903537810659,"[[147, 252], [101, 460]]",0.7227022780832679,960,399,561,0.6460674157303371,0.8199643493761141,COMPLETE,,,,,,,,,,,,,,
42,0.6927546138072453,2026-08-24 21:24:44.341058,2026-08-24 21:29:55.296930,0 days 00:05:10.955872,310.955872,64,pca,max,"[1,3,7,28]",False,32768,0.75,16384,4.0,False,11,1,1,1248.576006,0.6291666666666667,0.015589659106754541,0.4830279207480891,0.23331597222222222,0.7705531482602004,0.6927546138072453,"[[132, 267], [89, 472]]",0.7261538461538461,960,399,561,0.638700947225981,0.8413547237076648,COMPLETE,,,,,,,,,,,,,,
78,0.6926630301243304,2026-08-25 00:34:40.681512,2026-08-25 00:40:18.895223,0 days 00:05:38.213711,338.213711,64,first_k,max,null,False,65536,0.25,32768,8.0,True,11,1,1,1243.3814280000001,0.6395833333333333,0.01549584934532052,0.4801213315981238,0.23051649305555558,0.7680256705464268,0.6926630301243304,"[[153, 246], [100, 461]]",0.7271293375394322,960,399,561,0.652050919377652,0.82174688057041,COMPLETE,,,,,,,,,,,,,,
82,0.6924396552879526,2026-08-25 00:52:03.429873,2026-08-25 00:56:07.543177,0 days 00:04:04.113304,244.113304,64,gaussian_random_projection,sum,null,True,32768,0.25,16384,8.0,True,11,1,1,1241.8245860000002,0.6427083333333333,0.015466170461594765,0.4792017650188929,0.2296343315972222,0.7702082429063819,0.6924396552879526,"[[147, 252], [91, 470]]",0.7326578332034295,960,399,561,0.6509695290858726,0.8377896613190731,COMPLETE,,,,,,,,,,,,,,
4,0.6922542541737587,2026-08-24 18:04:30.137449,2026-08-24 18:10:06.780561,0 days 00:05:36.643112,336.643112,64,first_k,max,"[1,7,28]",True,65536,0.25,16384,4.0,False,11,1,1,1314.6218020000001,0.6416666666666667,0.015476142780756786,0.4795107460271934,0.22993055555555555,0.7590530258831749,0.6922542541737587,"[[139, 260], [84, 477]]",0.7349768875192604,960,399,561,0.6472184531886025,0.8502673796791443,COMPLETE,,,,,,,,,,,,,,
92,0.692071086807929,2026-08-25 01:40:40.981858,2026-08-25 01:47:31.816771,0 days 00:06:50.834913,410.834913,64,gaussian_random_projection,max,"[1,3,7,28]",False,65536,0.25,65536,4.0,True,11,1,1,1234.47488,0.6375,0.015515239484133012,0.48072211307573526,0.23109375000000001,0.7685810834502962,0.692071086807929,"[[143, 256], [92, 469]]",0.7293934681181959,960,399,561,0.646896551724138,0.8360071301247772,COMPLETE,,,,,,,,,,,,,,
18,0.6916019996515352,2026-08-24 19:21:01.473520,2026-08-24 19:27:34.510604,0 days 00:06:33.037084,393.037084,64,gaussian_random_projection,mean,"[1,7,28]",True,65536,0.75,65536,4.0,False,11,1,1,1320.4805,0.6177083333333333,0.01568388066694223,0.48594726901577384,0.2361447482638889,0.7607809390652848,0.6916019996515352,"[[118, 281], [86, 475]]",0.721336370539104,960,399,561,0.6283068783068783,0.8467023172905526,COMPLETE,,,,,,,,,,,,,,
99,0.6914545722595259,2026-08-25 02:17:01.033984,2026-08-25 02:21:04.666325,0 days 00:04:03.632341,243.632341,64,gaussian_random_projection,sum,"[1,3,7,28]",True,32768,0.25,32768,4.0,False,11,1,1,1234.483168,0.6333333333333333,0.015553075199077131,0.4818944098266987,0.23222222222222222,0.7677307181686515,0.6914545722595259,"[[155, 244], [108, 453]]",0.7201907790143084,960,399,561,0.6499282639885222,0.8074866310160428,COMPLETE,,,,,,,,,,,,,,
23,0.6910949387729574,2026-08-24 19:43:31.559238,2026-08-24 19:51:28.061590,0 days 00:07:56.502352,476.502352,64,pca,sum,"[1,7,28]",True,65536,0.75,16384,4.0,False,11,1,1,1262.668844,0.6270833333333333,0.015607484395478106,0.4835802171190307,0.2338498263888889,0.7720069396752179,0.6910949387729574,"[[124, 275], [83, 478]]",0.7275494672754946,960,399,561,0.6347941567065073,0.8520499108734403,COMPLETE,,,,,,,,,,,,,,
67,0.6909609138711306,2026-08-24 23:34:12.725323,2026-08-24 23:40:02.364298,0 days 00:05:49.638975,349.638975,64,first_k,max,"[1,7,28]",False,65536,0.75,16384,8.0,False,11,1,1,1240.709804,0.621875,0.015650695018346362,0.4849190493010148,0.23514648437500002,0.7682385697011785,0.6909609138711306,"[[142, 257], [106, 455]]",0.7148468185388845,960,399,561,0.6390449438202247,0.8110516934046346,COMPLETE,,,,,,,,,,,,,,
95,0.6907062665576598,2026-08-25 01:57:36.930656,2026-08-25 02:01:08.521640,0 days 00:03:31.590984,211.590984,64,first_k,sum,null,True,32768,0.75,16384,4.0,False,11,1,1,1234.483168,0.634375,0.01554373397918354,0.48160498271404956,0.231943359375,0.7597305495008264,0.6907062665576598,"[[122, 277], [74, 487]]",0.7350943396226415,960,399,561,0.637434554973822,0.8680926916221033,COMPLETE,,,,,,,,,,,,,,
45,0.6906973315642047,2026-08-24 21:38:35.354768,2026-08-24 21:43:34.920386,0 days 00:04:59.565618,299.565618,64,pca,sum,null,False,32768,0.75,32768,8.0,False,11,1,1,1234.483168,0.6302083333333334,0.015580629999382633,0.4827481640882289,0.23304578993055555,0.7707874836970849,0.6906973315642047,"[[136, 263], [92, 469]]",0.7254447022428461,960,399,561,0.6407103825136612,0.8360071301247772,COMPLETE,,,,,,,,,,,,,,
11,0.6904069442769133,2026-08-24 18:37:35.533592,2026-08-24 18:45:28.092885,0 days 00:07:52.559293,472.559293,64,pca,max,null,True,65536,0.75,32768,4.0,True,11,1,1,1262.668844,0.6302083333333334,0.015580629999382633,0.4827481640882289,0.23304578993055555,0.7637120226583805,0.6904069442769133,"[[121, 278], [77, 484]]",0.7316704459561603,960,399,561,0.6351706036745407,0.8627450980392157,COMPLETE,,,,,,,,,,,,,,
12,0.690217075665992,2026-08-24 18:45:28.133518,2026-08-24 18:51:45.976237,0 days 00:06:17.842719,377.842719,32,gaussian_random_projection,max,"[1,7,28]",True,65536,0.75,65536,4.0,True,11,1,1,1278.528698,0.6145833333333334,0.0157079683773549,0.4866935994259861,0.2368706597222222,0.767196608076847,0.690217075665992,"[[119, 280], [90, 471]]",0.7179878048780488,960,399,561,0.6271637816245007,0.839572192513369,COMPLETE,,,,,,,,,,,,,,
27,0.6901143232412583,2026-08-24 20:04:24.353366,2026-08-24 20:10:21.779422,0 days 00:05:57.426056,357.426056,64,first_k,max,"[1,3,7,28]",False,65536,0.25,32768,8.0,False,11,1,1,1234.483168,0.63125,0.01557152307030904,0.48246599621113195,0.2327734375,0.7616253506788306,0.6901143232412583,"[[130, 269], [85, 476]]",0.7289433384379785,960,399,561,0.6389261744966444,0.8484848484848485,COMPLETE,,,,,,,,,,,,,,
50,0.6900830507641653,2026-08-24 22:03:06.172218,2026-08-24 22:08:33.179749,0 days 00:05:27.007531,327.007531,32,first_k,max,"[1,3,7,28]",True,65536,0.75,16384,4.0,True,11,1,1,1225.794456,0.6364583333333333,0.015524816265146294,0.481018838782733,0.23137912326388888,0.7601559114830378,0.6900830507641653,"[[145, 254], [95, 466]]",0.7275565964090555,960,399,561,0.6472222222222223,0.8306595365418895,COMPLETE,,,,,,,,,,,,,,
93,0.6899668958492488,2026-08-25 01:47:31.862899,2026-08-25 01:51:04.989546,0 days 00:03:33.126647,213.126647,64,first_k,mean,null,False,32768,0.75,16384,8.0,False,11,1,1,1234.483168,0.6354166666666666,0.015534314382094861,0.4813131271728301,0.2316623263888889,0.7628360373816325,0.6899668958492488,"[[121, 278], [72, 489]]",0.7364457831325302,960,399,561,0.6375488917861799,0.8716577540106952,COMPLETE,,,,,,,,,,,,,,
49,0.6898507409343322,2026-08-24 21:59:36.580347,2026-08-24 22:03:06.129731,0 days 00:03:29.549384,209.549384,64,first_k,max,"[1,7,28]",True,32768,0.25,16384,8.0,True,11,1,1,1234.466592,0.640625,0.015486035691302396,0.47981726664950275,0.230224609375,0.7598252981946362,0.6898507409343322,"[[127, 272], [73, 488]]",0.7388342165026495,960,399,561,0.6421052631578947,0.8698752228163993,COMPLETE,,,,,,,,,,,,,,
32,0.6896117298594079,2026-08-24 20:28:02.819953,2026-08-24 20:33:42.558087,0 days 00:05:39.738134,339.738134,32,first_k,max,"[1,3,7,28]",False,65536,0.25,16384,4.0,False,11,1,1,1215.505496,0.625,0.015625,0.4841229182759271,0.234375,0.7648800195456869,0.6896117298594079,"[[131, 268], [92, 469]]",0.7226502311248074,960,399,561,0.6363636363636364,0.8360071301247772,COMPLETE,,,,,,,,,,,,,,
2,0.6895045099379464,2026-08-24 17:51:16.693575,2026-08-24 17:56:58.337265,0 days 00:05:41.643690,341.64369,32,first_k,max,"[1,7,28]",False,65536,0.75,65536,4.0,True,11,1,1,170484.67069355305,0.634375,0.01554373397918354,0.48160498271404956,0.231943359375,0.7665058703132701,0.6895045099379464,"[[132, 267], [84, 477]]",0.7310344827586207,960,399,561,0.6411290322580645,0.8502673796791443,COMPLETE,,,,,,,,,,,,,,
98,0.6890510590200993,2026-08-25 02:13:40.122725,2026-08-25 02:17:00.983101,0 days 00:03:20.860376,200.860376,32,first_k,sum,null,False,32768,0.25,65536,8.0,False,11,1,1,1237.596486,0.6395833333333333,0.01549584934532052,0.4801213315981238,0.23051649305555558,0.7664249175957208,0.6890510590200993,"[[143, 256], [90, 471]]",0.7313664596273292,960,399,561,0.6478679504814305,0.839572192513369,COMPLETE,,,,,,,,,,,,,,
74,0.6890354227815527,2026-08-25 00:11:39.379491,2026-08-25 00:19:10.316569,0 days 00:07:30.937078,450.937078,32,pca,mean,"[1,7,28]",False,65536,0.25,32768,4.0,True,11,1,1,1241.8245860000002,0.6291666666666667,0.015589659106754541,0.4830279207480891,0.23331597222222222,0.7648692571842453,0.6890354227815527,"[[135, 264], [92, 469]]",0.7248840803709428,960,399,561,0.6398362892223738,0.8360071301247772,COMPLETE,,,,,,,,,,,,,,
14,0.6889460728470016,2026-08-24 18:59:40.625106,2026-08-24 19:05:18.552268,0 days 00:05:37.927162,337.927162,32,first_k,mean,"[1,7,28]",False,65536,0.75,16384,8.0,False,11,1,1,1320.4805,0.63125,0.01557152307030904,0.48246599621113195,0.2327734375,0.7608124749159217,0.6889460728470016,"[[125, 274], [80, 481]]",0.7310030395136778,960,399,561,0.6370860927152318,0.857397504456328,COMPLETE,,,,,,,,,,,,,,
38,0.688800879203356,2026-08-24 21:03:37.921445,2026-08-24 21:09:16.297099,0 days 00:05:38.375654,338.375654,32,first_k,max,"[1,3,7,28]",False,65536,0.25,16384,8.0,False,11,1,1,1248.576006,0.6260416666666667,0.015616280842704437,0.4838527650679377,0.2341134982638889,0.7655229884213375,0.688800879203356,"[[147, 252], [107, 454]]",0.7166535122336227,960,399,561,0.6430594900849859,0.8092691622103387,COMPLETE,,,,,,,,,,,,,,
97,0.6882893508280505,2026-08-25 02:06:33.344663,2026-08-25 02:13:40.075193,0 days 00:07:06.730530,426.73053,32,pca,max,"[1,3,7,28]",False,65536,0.25,16384,8.0,False,11,1,1,1234.483168,0.6291666666666667,0.015589659106754541,0.4830279207480891,0.23331597222222222,0.7621463937341484,0.6882893508280505,"[[135, 264], [92, 469]]",0.7248840803709428,960,399,561,0.6398362892223738,0.8360071301247772,COMPLETE,,,,,,,,,,,,,,
10,0.6882245721255009,2026-08-24 18:32:11.886735,2026-08-24 18:37:35.483873,0 days 00:05:23.597138,323.597138,32,first_k,mean,"[1,3,7,28]",True,65536,0.25,65536,8.0,True,11,1,1,1248.567718,0.6354166666666666,0.015534314382094861,0.4813131271728301,0.2316623263888889,0.761586828303671,0.6882245721255009,"[[128, 271], [79, 482]]",0.7336377473363774,960,399,561,0.6401062416998672,0.8591800356506238,COMPLETE,,,,,,,,,,,,,,
28,0.6881932996484079,2026-08-24 20:10:21.820913,2026-08-24 20:14:27.829178,0 days 00:04:06.008265,246.008265,32,gaussian_random_projection,max,"[1,3,7,28]",False,32768,0.25,16384,4.0,False,11,1,1,1248.576006,0.6229166666666667,0.01564220696064136,0.4846560564519498,0.23489149305555557,0.767321279500675,0.6881932996484079,"[[116, 283], [79, 482]]",0.726998491704374,960,399,561,0.6300653594771242,0.8591800356506238,COMPLETE,,,,,,,,,,,,,,
55,0.6881821309065891,2026-08-24 22:30:33.380524,2026-08-24 22:36:51.627148,0 days 00:06:18.246624,378.246624,32,gaussian_random_projection,sum,null,True,65536,0.25,65536,8.0,True,11,1,1,1234.483168,0.625,0.015625,0.4841229182759271,0.234375,0.7671016422907526,0.6881821309065891,"[[118, 281], [79, 482]]",0.7280966767371602,960,399,561,0.6317169069462647,0.8591800356506238,COMPLETE,,,,,,,,,,,,,,
66,0.6881441571844049,2026-08-24 23:27:53.808544,2026-08-24 23:34:12.680474,0 days 00:06:18.871930,378.87193,32,gaussian_random_projection,max,"[1,3,7,28]",True,65536,0.25,65536,4.0,False,11,1,1,1237.596486,0.628125,0.015598610527563825,0.4833052703778431,0.233583984375,0.7624175033093992,0.6881441571844049,"[[120, 279], [78, 483]]",0.7301587301587301,960,399,561,0.6338582677165354,0.8609625668449198,COMPLETE,,,,,,,,,,,,,,
68,0.6879386523349372,2026-08-24 23:40:02.408215,2026-08-24 23:46:27.130783,0 days 00:06:24.722568,384.722568,32,gaussian_random_projection,sum,"[1,7,28]",True,65536,0.25,65536,4.0,False,11,1,1,1241.8245860000002,0.6270833333333333,0.015607484395478106,0.4835802171190307,0.2338498263888889,0.7630042773716953,0.6879386523349372,"[[114, 285], [73, 488]]",0.7316341829085458,960,399,561,0.6313065976714101,0.8698752228163993,COMPLETE,,,,,,,,,,,,,,
35,0.6878537698971134,2026-08-24 20:45:32.894072,2026-08-24 20:50:01.682956,0 days 00:04:28.788884,268.788884,32,pca,max,"[1,7,28]",True,32768,0.25,32768,8.0,False,11,1,1,1234.483168,0.621875,0.015650695018346362,0.4849190493010148,0.23514648437500002,0.7569708860509629,0.6878537698971134,"[[122, 277], [86, 475]]",0.7235338918507236,960,399,561,0.6316489361702128,0.8467023172905526,COMPLETE,,,,,,,,,,,,,,
41,0.6878224974200207,2026-08-24 21:20:39.619134,2026-08-24 21:24:44.288592,0 days 00:04:04.669458,244.669458,64,gaussian_random_projection,sum,"[1,7,28]",True,32768,0.25,16384,4.0,False,11,1,1,1262.668844,0.6239583333333333,0.015633641996682664,0.48439068074976654,0.23463433159722225,0.7644422368103507,0.6878224974200207,"[[119, 280], [81, 480]]",0.7267221801665406,960,399,561,0.631578947368421,0.8556149732620321,COMPLETE,,,,,,,,,,,,,,
56,0.6875745513516411,2026-08-24 22:36:51.690157,2026-08-24 22:41:25.321746,0 days 00:04:33.631589,273.631589,32,pca,sum,null,False,32768,0.75,65536,4.0,False,11,1,1,1238.711268,0.621875,0.015650695018346362,0.4849190493010148,0.23514648437500002,0.7657689574672301,0.6875745513516411,"[[138, 261], [102, 459]]",0.7166276346604216,960,399,561,0.6375,0.8181818181818182,COMPLETE,,,,,,,,,,,,,,
33,0.6875209413909105,2026-08-24 20:33:42.600313,2026-08-24 20:40:04.652655,0 days 00:06:22.052342,382.052342,32,gaussian_random_projection,sum,null,True,65536,0.25,16384,8.0,True,11,1,1,1234.466592,0.6177083333333333,0.01568388066694223,0.48594726901577384,0.2361447482638889,0.7628224702289491,0.6875209413909105,"[[106, 293], [74, 487]]",0.7263236390753169,960,399,561,0.6243589743589744,0.8680926916221033,COMPLETE,,,,,,,,,,,,,,
90,0.6872640603290758,2026-08-25 01:29:10.478599,2026-08-25 01:32:42.759643,0 days 00:03:32.281044,212.281044,64,first_k,max,null,False,32768,0.75,65536,4.0,False,11,1,1,1234.47488,0.6333333333333333,0.015553075199077131,0.4818944098266987,0.23222222222222222,0.7609121627075167,0.6872640603290758,"[[123, 276], [76, 485]]",0.7337367624810892,960,399,561,0.6373193166885677,0.8645276292335116,COMPLETE,,,,,,,,,,,,,,
39,0.687241722845438,2026-08-24 21:09:16.340253,2026-08-24 21:14:20.620833,0 days 00:05:04.280580,304.28058,64,pca,sum,"[1,7,28]",True,32768,0.25,32768,8.0,False,11,1,1,1262.668844,0.625,0.015625,0.4841229182759271,0.234375,0.7624816372559926,0.687241722845438,"[[132, 267], [93, 468]]",0.7222222222222222,960,399,561,0.636734693877551,0.8342245989304813,COMPLETE,,,,,,,,,,,,,,
58,0.6871747103945247,2026-08-24 22:46:48.076661,2026-08-24 22:50:44.133808,0 days 00:03:56.057147,236.057147,32,gaussian_random_projection,mean,"[1,3,7,28]",True,32768,0.75,16384,4.0,True,11,1,1,1238.711268,0.640625,0.015486035691302396,0.47981726664950275,0.230224609375,0.7629395530797904,0.6871747103945247,"[[141, 258], [87, 474]]",0.7331786542923434,960,399,561,0.6475409836065574,0.8449197860962567,COMPLETE,,,,,,,,,,,,,,
44,0.6868731543654145,2026-08-24 21:34:55.550690,2026-08-24 21:38:35.315430,0 days 00:03:39.764740,219.76474,64,first_k,sum,"[1,3,7,28]",False,32768,0.75,16384,4.0,True,11,1,1,1239.1533279999999,0.6354166666666666,0.015534314382094861,0.4813131271728301,0.2316623263888889,0.760586224980778,0.6868731543654145,"[[126, 273], [77, 484]]",0.7344461305007587,960,399,561,0.6393659180977543,0.8627450980392157,COMPLETE,,,,,,,,,,,,,,
17,0.6868016744177734,2026-08-24 19:17:43.572680,2026-08-24 19:21:01.428866,0 days 00:03:17.856186,197.856186,32,first_k,max,"[1,3,7,28]",True,32768,0.25,32768,8.0,False,11,1,1,1346.572448,0.634375,0.01554373397918354,0.48160498271404956,0.231943359375,0.7591741858422623,0.6868016744177734,"[[138, 261], [90, 471]]",0.728538283062645,960,399,561,0.6434426229508197,0.839572192513369,COMPLETE,,,,,,,,,,,,,,
1,0.6866006370650333,2026-08-24 17:47:57.169567,2026-08-24 17:51:16.643121,0 days 00:03:19.473554,199.473554,32,first_k,sum,"[1,3,7,28]",True,32768,0.75,32768,4.0,False,11,1,1,170684.19075294095,0.621875,0.015650695018346362,0.4849190493010148,0.23514648437500002,0.7657885785370515,0.6866006370650333,"[[129, 270], [93, 468]]",0.7205542725173211,960,399,561,0.6341463414634146,0.8342245989304813,COMPLETE,,,,,,,,,,,,,,
37,0.6864353396861136,2026-08-24 20:56:14.347656,2026-08-24 21:03:37.869129,0 days 00:07:23.521473,443.521473,32,pca,mean,null,False,65536,0.75,32768,4.0,True,11,1,1,1234.483168,0.6270833333333333,0.015607484395478106,0.4835802171190307,0.2338498263888889,0.7596573496155241,0.6864353396861136,"[[128, 271], [87, 474]]",0.7258805513016845,960,399,561,0.636241610738255,0.8449197860962567,COMPLETE,,,,,,,,,,,,,,
89,0.6863526909966539,2026-08-25 01:24:03.301166,2026-08-25 01:29:10.432478,0 days 00:05:07.131312,307.131312,64,pca,max,"[1,7,28]",False,32768,0.25,65536,8.0,True,11,1,1,1234.483168,0.6239583333333333,0.015633641996682664,0.48439068074976654,0.23463433159722225,0.7691668397154016,0.6863526909966539,"[[118, 281], [80, 481]]",0.72713529856387,960,399,561,0.631233595800525,0.857397504456328,COMPLETE,,,,,,,,,,,,,,
94,0.6861248486635484,2026-08-25 01:51:05.035234,2026-08-25 01:57:36.888239,0 days 00:06:31.853005,391.853005,64,gaussian_random_projection,mean,"[1,3,7,28]",True,65536,0.75,16384,8.0,True,11,1,1,1234.47488,0.6197916666666666,0.01566744091384337,0.48543790189603264,0.23564995659722224,0.7628602691114537,0.6861248486635484,"[[130, 269], [96, 465]]",0.7181467181467182,960,399,561,0.6335149863760218,0.8288770053475936,COMPLETE,,,,,,,,,,,,,,
51,0.686057836212635,2026-08-24 22:08:33.224568,2026-08-24 22:12:04.999767,0 days 00:03:31.775199,211.775199,32,first_k,max,"[1,3,7,28]",False,32768,0.25,32768,4.0,True,11,1,1,1234.466592,0.6291666666666667,0.015589659106754541,0.4830279207480891,0.23331597222222222,0.7639078638704541,0.686057836212635,"[[136, 263], [93, 468]]",0.7244582043343654,960,399,561,0.640218878248974,0.8342245989304813,COMPLETE,,,,,,,,,,,,,,
69,0.6860332649806334,2026-08-24 23:46:27.185098,2026-08-24 23:51:44.231440,0 days 00:05:17.046342,317.046342,32,first_k,mean,"[1,3,7,28]",False,65536,0.25,32768,8.0,False,11,1,1,1242.939368,0.6270833333333333,0.015607484395478106,0.4835802171190307,0.2338498263888889,0.7595573860076286,0.6860332649806334,"[[138, 261], [97, 464]]",0.7216174183514774,960,399,561,0.64,0.8270944741532977,COMPLETE,,,,,,,,,,,,,,
72,0.6860042262519042,2026-08-25 00:01:36.305875,2026-08-25 00:08:11.175130,0 days 00:06:34.869255,394.869255,64,gaussian_random_projection,sum,null,False,65536,0.75,65536,4.0,False,11,1,1,1241.8245860000002,0.6302083333333334,0.015580629999382633,0.4827481640882289,0.23304578993055555,0.7641015829875246,0.6860042262519042,"[[121, 278], [77, 484]]",0.7316704459561603,960,399,561,0.6351706036745407,0.8627450980392157,COMPLETE,,,,,,,,,,,,,,
64,0.6856646965006098,2026-08-24 23:18:26.770120,2026-08-24 23:22:43.538806,0 days 00:04:16.768686,256.768686,64,gaussian_random_projection,mean,"[1,7,28]",False,32768,0.75,16384,8.0,False,11,1,1,1238.711268,0.621875,0.015650695018346362,0.4849190493010148,0.23514648437500002,0.7662916984702275,0.6856646965006098,"[[110, 289], [74, 487]]",0.7284966342557966,960,399,561,0.6275773195876289,0.8680926916221033,COMPLETE,,,,,,,,,,,,,,
20,0.6852447518082193,2026-08-24 19:31:02.208608,2026-08-24 19:35:06.980766,0 days 00:04:04.772158,244.772158,32,gaussian_random_projection,mean,"[1,3,7,28]",False,32768,0.75,32768,8.0,True,11,1,1,1320.4805,0.6302083333333334,0.015580629999382633,0.4827481640882289,0.23304578993055555,0.7596012107823785,0.6852447518082193,"[[132, 267], [88, 473]]",0.7271329746348962,960,399,561,0.6391891891891892,0.8431372549019608,COMPLETE,,,,,,,,,,,,,,
40,0.6852313493180366,2026-08-24 21:14:20.661881,2026-08-24 21:20:39.561590,0 days 00:06:18.899709,378.899709,32,gaussian_random_projection,max,null,True,65536,0.75,32768,4.0,True,11,1,1,1248.576006,0.6302083333333334,0.015580629999382633,0.4827481640882289,0.23304578993055555,0.7593877195600968,0.6852313493180366,"[[135, 264], [91, 470]]",0.7258687258687259,960,399,561,0.6403269754768393,0.8377896613190731,COMPLETE,,,,,,,,,,,,,,
6,0.6852045443376712,2026-08-24 18:15:15.499138,2026-08-24 18:18:39.358618,0 days 00:03:23.859480,203.85948,32,first_k,max,"[1,3,7,28]",True,32768,0.25,32768,8.0,True,11,1,1,1304.6206459999999,0.6375,0.015515239484133012,0.48072211307573526,0.23109375000000001,0.7609459025202137,0.6852045443376712,"[[128, 271], [77, 484]]",0.7355623100303952,960,399,561,0.6410596026490066,0.8627450980392157,COMPLETE,,,,,,,,,,,,,,
3,0.6849677670111107,2026-08-24 17:56:58.389108,2026-08-24 18:04:30.097035,0 days 00:07:31.707927,451.707927,32,pca,sum,"[1,3,7,28]",False,65536,0.25,16384,4.0,True,11,1,1,1262.668844,0.61875,0.015675698997572644,0.4856937692620732,0.2358984375,0.7670273802139843,0.6849677670111107,"[[126, 273], [93, 468]]",0.7188940092165899,960,399,561,0.631578947368421,0.8342245989304813,COMPLETE,,,,,,,,,,,,,,
81,0.6849632995143832,2026-08-25 00:47:33.040087,2026-08-25 00:52:03.382291,0 days 00:04:30.342204,270.342204,32,pca,max,"[1,3,7,28]",True,32768,0.25,65536,8.0,False,11,1,1,1242.939368,0.63125,0.01557152307030904,0.48246599621113195,0.2327734375,0.760908481556869,0.6849632995143832,"[[141, 258], [96, 465]]",0.7242990654205608,960,399,561,0.6431535269709544,0.8288770053475936,COMPLETE,,,,,,,,,,,,,,
83,0.6849320270372902,2026-08-25 00:56:07.587849,2026-08-25 01:01:43.245395,0 days 00:05:35.657546,335.657546,32,first_k,mean,"[1,7,28]",False,65536,0.75,32768,8.0,True,11,1,1,1240.709804,0.63125,0.01557152307030904,0.48246599621113195,0.2327734375,0.75963694021288,0.6849320270372902,"[[134, 265], [89, 472]]",0.7272727272727273,960,399,561,0.6404341926729986,0.8413547237076648,COMPLETE,,,,,,,,,,,,,,
77,0.6846483409950903,2026-08-25 00:29:02.968391,2026-08-25 00:34:40.632435,0 days 00:05:37.664044,337.664044,32,first_k,max,"[1,7,28]",False,65536,0.75,32768,4.0,True,11,1,1,1242.939368,0.6354166666666666,0.015534314382094861,0.4813131271728301,0.2316623263888889,0.7589295955618247,0.6846483409950903,"[[136, 263], [87, 474]]",0.7303543913713405,960,399,561,0.6431478968792401,0.8449197860962567,COMPLETE,,,,,,,,,,,,,,
60,0.684550056067084,2026-08-24 22:56:07.786275,2026-08-24 23:01:45.793643,0 days 00:05:38.007368,338.007368,64,first_k,max,"[1,7,28]",True,65536,0.25,32768,8.0,False,11,1,1,1238.711268,0.6333333333333333,0.015553075199077131,0.4818944098266987,0.23222222222222222,0.7587063735974557,0.684550056067084,"[[139, 260], [92, 469]]",0.7271317829457364,960,399,561,0.6433470507544582,0.8360071301247772,COMPLETE,,,,,,,,,,,,,,
22,0.684498679854717,2026-08-24 19:39:23.100373,2026-08-24 19:43:31.512932,0 days 00:04:08.412559,248.412559,32,gaussian_random_projection,mean,"[1,3,7,28]",False,32768,0.75,65536,4.0,False,11,1,1,1278.528698,0.6177083333333333,0.01568388066694223,0.48594726901577384,0.2361447482638889,0.7633875007985131,0.684498679854717,"[[123, 276], [91, 470]]",0.7192042846212701,960,399,561,0.6300268096514745,0.8377896613190731,COMPLETE,,,,,,,,,,,,,,
48,0.6844450698939863,2026-08-24 21:54:52.432839,2026-08-24 21:59:36.537445,0 days 00:04:44.104606,284.104606,32,pca,sum,"[1,3,7,28]",False,32768,0.75,32768,4.0,True,11,1,1,1234.47488,0.6166666666666667,0.015691986041477538,0.48619840486049404,0.23638888888888887,0.7669449886899127,0.6844450698939863,"[[145, 254], [114, 447]]",0.7083993660855784,960,399,561,0.637660485021398,0.7967914438502673,COMPLETE,,,,,,,,,,,,,,
80,0.6843892261848918,2026-08-25 00:43:59.033641,2026-08-25 00:47:32.992724,0 days 00:03:33.959083,213.959083,64,first_k,sum,null,False,32768,0.75,65536,8.0,False,11,1,1,1243.3814280000001,0.6270833333333333,0.015607484395478106,0.4835802171190307,0.2338498263888889,0.7634645219480475,0.6843892261848918,"[[124, 275], [83, 478]]",0.7275494672754946,960,399,561,0.6347941567065073,0.8520499108734403,COMPLETE,,,,,,,,,,,,,,
0,0.6843356162241612,2026-08-24 17:42:41.449521,2026-08-24 17:47:57.116732,0 days 00:05:15.667211,315.667211,64,pca,max,"[1,7,28]",False,32768,0.75,16384,8.0,False,11,1,1,170999.865943189,0.6270833333333333,0.015607484395478106,0.4835802171190307,0.2338498263888889,0.7615087996780497,0.6843356162241612,"[[138, 261], [97, 464]]",0.7216174183514774,960,399,561,0.64,0.8270944741532977,COMPLETE,,,,,,,,,,,,,,
26,0.6838196203521281,2026-08-24 20:00:44.576154,2026-08-24 20:04:24.315165,0 days 00:03:39.739011,219.739011,64,first_k,mean,"[1,3,7,28]",False,32768,0.25,16384,4.0,True,11,1,1,1248.576006,0.634375,0.01554373397918354,0.48160498271404956,0.231943359375,0.7561942453599679,0.6838196203521281,"[[125, 274], [77, 484]]",0.7338893100833965,960,399,561,0.6385224274406333,0.8627450980392157,COMPLETE,,,,,,,,,,,,,,
63,0.6838039841135817,2026-08-24 23:13:30.039907,2026-08-24 23:18:26.721547,0 days 00:04:56.681640,296.68164,64,pca,mean,null,True,32768,0.75,16384,8.0,False,11,1,1,1242.939368,0.6270833333333333,0.015607484395478106,0.4835802171190307,0.2338498263888889,0.7648561078182836,0.6838039841135817,"[[139, 260], [98, 463]]",0.721183800623053,960,399,561,0.640387275242047,0.8253119429590018,COMPLETE,,,,,,,,,,,,,,
85,0.6835716742837485,2026-08-25 01:07:22.647319,2026-08-25 01:12:00.534431,0 days 00:04:37.887112,277.887112,32,pca,max,"[1,7,28]",False,32768,0.25,32768,8.0,True,11,1,1,1242.939368,0.6239583333333333,0.015633641996682664,0.48439068074976654,0.23463433159722225,0.759586573365457,0.6835716742837485,"[[135, 264], [97, 464]]",0.7199379363847944,960,399,561,0.6373626373626373,0.8270944741532977,COMPLETE,,,,,,,,,,,,,,
84,0.6834577531171958,2026-08-25 01:01:43.290101,2026-08-25 01:07:22.601318,0 days 00:05:39.311217,339.311217,64,first_k,mean,null,False,65536,0.75,32768,4.0,True,11,1,1,1241.8245860000002,0.6333333333333333,0.015553075199077131,0.4818944098266987,0.23222222222222222,0.7570056862981833,0.6834577531171958,"[[146, 253], [99, 462]]",0.7241379310344828,960,399,561,0.6461538461538462,0.8235294117647058,COMPLETE,,,,,,,,,,,,,,
70,0.6832812869964573,2026-08-24 23:51:44.279577,2026-08-24 23:56:41.692899,0 days 00:04:57.413322,297.413322,64,pca,max,"[1,7,28]",True,32768,0.75,16384,4.0,True,11,1,1,1243.3814280000001,0.6197916666666666,0.01566744091384337,0.48543790189603264,0.23564995659722224,0.7606614904496645,0.6832812869964573,"[[123, 276], [89, 472]]",0.721161191749427,960,399,561,0.6310160427807486,0.8413547237076648,COMPLETE,,,,,,,,,,,,,,
54,0.6832790532480935,2026-08-24 22:25:08.610860,2026-08-24 22:30:33.334972,0 days 00:05:24.724112,324.724112,32,first_k,sum,null,True,65536,0.25,16384,8.0,True,11,1,1,1234.47488,0.63125,0.01557152307030904,0.48246599621113195,0.2327734375,0.7603239239419395,0.6832790532480935,"[[133, 266], [88, 473]]",0.7276923076923076,960,399,561,0.6400541271989174,0.8431372549019608,COMPLETE,,,,,,,,,,,,,,
76,0.6831986383069975,2026-08-25 00:24:34.940228,2026-08-25 00:29:02.923354,0 days 00:04:27.983126,267.983126,32,pca,sum,null,True,32768,0.75,16384,8.0,True,11,1,1,1243.3814280000001,0.6197916666666666,0.01566744091384337,0.48543790189603264,0.23564995659722224,0.7625592838797345,0.6831986383069975,"[[115, 284], [81, 480]]",0.7245283018867924,960,399,561,0.6282722513089005,0.8556149732620321,COMPLETE,,,,,,,,,,,,,,
5,0.6831964045586336,2026-08-24 18:10:06.838809,2026-08-24 18:15:15.455457,0 days 00:05:08.616648,308.616648,64,pca,max,"[1,7,28]",False,32768,0.25,16384,8.0,False,11,1,1,1346.572448,0.628125,0.015598610527563825,0.4833052703778431,0.233583984375,0.7623273614754977,0.6831964045586336,"[[131, 268], [89, 472]]",0.7255956956187548,960,399,561,0.6378378378378379,0.8413547237076648,COMPLETE,,,,,,,,,,,,,,
59,0.683142794597903,2026-08-24 22:50:44.175507,2026-08-24 22:56:07.740139,0 days 00:05:23.564632,323.564632,32,first_k,sum,"[1,3,7,28]",True,65536,0.25,32768,4.0,False,11,1,1,1234.483168,0.6260416666666667,0.015616280842704437,0.4838527650679377,0.2341134982638889,0.7635480515704592,0.683142794597903,"[[135, 264], [95, 466]]",0.7219209914794733,960,399,561,0.6383561643835617,0.8306595365418895,COMPLETE,,,,,,,,,,,,,,
96,0.6831003533789912,2026-08-25 02:01:08.566057,2026-08-25 02:06:33.294573,0 days 00:05:24.728516,324.728516,32,first_k,mean,"[1,7,28]",True,65536,0.75,65536,8.0,True,11,1,1,1234.47488,0.634375,0.01554373397918354,0.48160498271404956,0.231943359375,0.759784033845028,0.6831003533789912,"[[150, 249], [102, 459]]",0.723404255319149,960,399,561,0.6483050847457628,0.8181818181818182,COMPLETE,,,,,,,,,,,,,,
62,0.6831003533789911,2026-08-24 23:06:41.995332,2026-08-24 23:13:29.992776,0 days 00:06:47.997444,407.997444,64,gaussian_random_projection,max,"[1,3,7,28]",False,65536,0.25,32768,8.0,False,11,1,1,1238.711268,0.6322916666666667,0.015562338182912255,0.48218141288373567,0.23249891493055555,0.7598214733727107,0.6831003533789911,"[[147, 252], [101, 460]]",0.7227022780832679,960,399,561,0.6460674157303371,0.8199643493761141,COMPLETE,,,,,,,,,,,,,,
47,0.6829529259869818,2026-08-24 21:46:58.418121,2026-08-24 21:54:52.389932,0 days 00:07:53.971811,473.971811,64,pca,sum,"[1,3,7,28]",False,65536,0.75,65536,8.0,False,11,1,1,1234.466592,0.6229166666666667,0.01564220696064136,0.4846560564519498,0.23489149305555557,0.7674094257410259,0.6829529259869818,"[[130, 269], [93, 468]]",0.7211093990755008,960,399,561,0.6350067842605156,0.8342245989304813,COMPLETE,,,,,,,,,,,,,,
24,0.6828814460393408,2026-08-24 19:51:28.102333,2026-08-24 19:55:35.868098,0 days 00:04:07.765765,247.765765,64,gaussian_random_projection,mean,null,False,32768,0.75,32768,8.0,False,11,1,1,1278.528698,0.6208333333333333,0.015659106294859348,0.4851796631718559,0.23539930555555555,0.7653853998775828,0.6828814460393408,"[[138, 261], [103, 458]]",0.715625,960,399,561,0.6369958275382476,0.8163992869875223,COMPLETE,,,,,,,,,,,,,,
13,0.6821175040989282,2026-08-24 18:51:46.013474,2026-08-24 18:59:40.578121,0 days 00:07:54.564647,474.564647,64,pca,mean,"[1,3,7,28]",True,65536,0.75,16384,4.0,False,11,1,1,1294.388552,0.6166666666666667,0.015691986041477538,0.48619840486049404,0.23638888888888887,0.7583891684217328,0.6821175040989282,"[[125, 274], [94, 467]]",0.717357910906298,960,399,561,0.6302294197031039,0.8324420677361853,COMPLETE,,,,,,,,,,,,,,
53,0.6820862316218353,2026-08-24 22:17:15.839725,2026-08-24 22:25:08.562188,0 days 00:07:52.722463,472.722463,64,pca,mean,null,True,65536,0.25,65536,8.0,False,11,1,1,1234.466592,0.6197916666666666,0.01566744091384337,0.48543790189603264,0.23564995659722224,0.7663445537781206,0.6820862316218353,"[[126, 273], [92, 469]]",0.7198772064466615,960,399,561,0.6320754716981132,0.8360071301247772,COMPLETE,,,,,,,,,,,,,,
8,0.6818717917789126,2026-08-24 18:25:06.985881,2026-08-24 18:28:22.617631,0 days 00:03:15.631750,195.63175,32,first_k,max,null,True,32768,0.75,16384,8.0,False,11,1,1,1304.6206459999999,0.6302083333333334,0.015580629999382633,0.4827481640882289,0.23304578993055555,0.755149731637734,0.6818717917789126,"[[130, 269], [86, 475]]",0.7279693486590039,960,399,561,0.6384408602150538,0.8467023172905526,COMPLETE,,,,,,,,,,,,,,
46,0.6813937696290638,2026-08-24 21:43:34.970364,2026-08-24 21:46:58.377490,0 days 00:03:23.407126,203.407126,32,first_k,sum,"[1,7,28]",True,32768,0.25,16384,4.0,True,11,1,1,1234.47488,0.6270833333333333,0.015607484395478106,0.4835802171190307,0.2338498263888889,0.7575111903232554,0.6813937696290638,"[[119, 280], [78, 483]]",0.729607250755287,960,399,561,0.6330275229357798,0.8609625668449198,COMPLETE,,,,,,,,,,,,,,
61,0.6811301873221378,2026-08-24 23:01:45.837765,2026-08-24 23:06:41.948448,0 days 00:04:56.110683,296.110683,64,pca,sum,null,True,32768,0.25,65536,8.0,True,11,1,1,1242.939368,0.628125,0.015598610527563825,0.4833052703778431,0.233583984375,0.7605439436582613,0.6811301873221378,"[[121, 278], [79, 482]]",0.7297501892505678,960,399,561,0.6342105263157894,0.8591800356506238,COMPLETE,,,,,,,,,,,,,,
88,0.6810319023941315,2026-08-25 01:19:46.102085,2026-08-25 01:24:03.259106,0 days 00:04:17.157021,257.157021,64,gaussian_random_projection,sum,"[1,3,7,28]",False,32768,0.25,16384,4.0,True,11,1,1,1237.596486,0.6208333333333333,0.015659106294859348,0.4851796631718559,0.23539930555555555,0.7587508012622368,0.6810319023941315,"[[118, 281], [83, 478]]",0.7242424242424242,960,399,561,0.6297760210803689,0.8520499108734403,COMPLETE,,,,,,,,,,,,,,
25,0.6807906575708433,2026-08-24 19:55:35.908354,2026-08-24 20:00:44.529146,0 days 00:05:08.620792,308.620792,64,pca,mean,"[1,7,28]",False,32768,0.75,16384,8.0,True,11,1,1,1262.668844,0.6166666666666667,0.015691986041477538,0.48619840486049404,0.23638888888888887,0.7601431991447049,0.6807906575708433,"[[125, 274], [94, 467]]",0.717357910906298,960,399,561,0.6302294197031039,0.8324420677361853,COMPLETE,,,,,,,,,,,,,,
43,0.6806968401395646,2026-08-24 21:29:55.346745,2026-08-24 21:34:55.506272,0 days 00:05:00.159527,300.159527,64,pca,max,"[1,3,7,28]",True,32768,0.75,16384,4.0,False,11,1,1,1243.823488,0.6291666666666667,0.015589659106754541,0.4830279207480891,0.23331597222222222,0.7614967718606462,0.6806968401395646,"[[138, 261], [95, 466]]",0.7236024844720497,960,399,561,0.640990371389271,0.8306595365418895,COMPLETE,,,,,,,,,,,,,,
19,0.6803952841104545,2026-08-24 19:27:34.555496,2026-08-24 19:31:02.169408,0 days 00:03:27.613912,207.613912,64,first_k,sum,"[1,7,28]",True,32768,0.25,32768,4.0,True,11,1,1,1346.572448,0.6177083333333333,0.01568388066694223,0.48594726901577384,0.2361447482638889,0.7497340484071049,0.6803952841104545,"[[115, 284], [83, 478]]",0.7226001511715797,960,399,561,0.6272965879265092,0.8520499108734403,COMPLETE,,,,,,,,,,,,,,
65,0.6800535206107962,2026-08-24 23:22:43.588942,2026-08-24 23:27:53.766393,0 days 00:05:10.177451,310.177451,64,pca,sum,"[1,3,7,28]",False,32768,0.75,65536,8.0,False,11,1,1,1234.483168,0.615625,0.01570001523934372,0.486447180457447,0.236630859375,0.7617528486048761,0.6800535206107962,"[[127, 272], [97, 464]]",0.7154973014649191,960,399,561,0.6304347826086957,0.8270944741532977,COMPLETE,,,,,,,,,,,,,,
30,0.6799932094049742,2026-08-24 20:18:44.554206,2026-08-24 20:23:43.690306,0 days 00:04:59.136100,299.1361,64,pca,sum,"[1,7,28]",True,32768,0.75,32768,8.0,True,11,1,1,1234.47488,0.6166666666666667,0.015691986041477538,0.48619840486049404,0.23638888888888887,0.7613419380290087,0.6799932094049742,"[[123, 276], [92, 469]]",0.7182235834609495,960,399,561,0.6295302013422819,0.8360071301247772,COMPLETE,,,,,,,,,,,,,,
91,0.6799775731664277,2026-08-25 01:32:42.804874,2026-08-25 01:40:40.925450,0 days 00:07:58.120576,478.120576,64,pca,mean,null,False,65536,0.25,65536,8.0,False,11,1,1,1234.466592,0.6197916666666666,0.01566744091384337,0.48543790189603264,0.23564995659722224,0.7595732195817606,0.6799775731664277,"[[138, 261], [104, 457]]",0.7146207974980453,960,399,561,0.6364902506963789,0.8146167557932263,COMPLETE,,,,,,,,,,,,,,
34,0.6798792882384215,2026-08-24 20:40:04.694610,2026-08-24 20:45:32.844962,0 days 00:05:28.150352,328.150352,32,first_k,max,null,False,65536,0.75,16384,8.0,True,11,1,1,1234.47488,0.6447916666666667,0.015445986980978293,0.47857640274452407,0.2290353732638889,0.7549545226638479,0.6798792882384215,"[[139, 260], [81, 480]]",0.7378939277478862,960,399,561,0.6486486486486487,0.8556149732620321,COMPLETE,,,,,,,,,,,,,,
86,0.6794280710689379,2026-08-25 01:12:00.579424,2026-08-25 01:15:42.098936,0 days 00:03:41.519512,221.519512,64,first_k,max,"[1,3,7,28]",False,32768,0.25,65536,4.0,True,11,1,1,1241.8245860000002,0.6260416666666667,0.015616280842704437,0.4838527650679377,0.2341134982638889,0.7543525823154213,0.6794280710689379,"[[138, 261], [98, 463]]",0.7206225680933852,960,399,561,0.6395027624309392,0.8253119429590018,COMPLETE,,,,,,,,,,,,,,
21,0.6791354500332829,2026-08-24 19:35:07.025264,2026-08-24 19:39:23.061641,0 days 00:04:16.036377,256.036377,64,gaussian_random_projection,mean,"[1,3,7,28]",False,32768,0.75,16384,8.0,False,11,1,1,1294.388552,0.6291666666666667,0.015589659106754541,0.4830279207480891,0.23331597222222222,0.7609608076758974,0.6791354500332829,"[[123, 276], [80, 481]]",0.7298937784522003,960,399,561,0.6354029062087186,0.857397504456328,COMPLETE,,,,,,,,,,,,,,
73,0.6790192951183663,2026-08-25 00:08:11.219036,2026-08-25 00:11:39.330601,0 days 00:03:28.111565,208.111565,64,first_k,sum,null,True,32768,0.25,65536,4.0,False,11,1,1,1242.939368,0.6354166666666666,0.015534314382094861,0.4813131271728301,0.2316623263888889,0.7502146198667332,0.6790192951183663,"[[111, 288], [62, 499]]",0.7403560830860534,960,399,561,0.6340533672172808,0.8894830659536542,COMPLETE,,,,,,,,,,,,,,
29,0.6784027805699633,2026-08-24 20:14:27.868306,2026-08-24 20:18:44.510094,0 days 00:04:16.641788,256.641788,64,gaussian_random_projection,sum,"[1,7,28]",False,32768,0.25,32768,8.0,False,11,1,1,1234.483168,0.61875,0.015675698997572644,0.4856937692620732,0.2358984375,0.7578514037229838,0.6784027805699633,"[[137, 262], [104, 457]]",0.7140625,960,399,561,0.6356050069541029,0.8146167557932263,COMPLETE,,,,,,,,,,,,,,
9,0.6781168607793996,2026-08-24 18:28:22.658572,2026-08-24 18:32:11.850010,0 days 00:03:49.191438,229.191438,32,gaussian_random_projection,sum,null,True,32768,0.75,32768,8.0,True,11,1,1,1262.668844,0.6104166666666667,0.015739022620352938,0.48765577995367,0.23780815972222222,0.7575716725359145,0.6781168607793996,"[[121, 278], [96, 465]]",0.7131901840490797,960,399,561,0.6258411843876177,0.8288770053475936,COMPLETE,,,,,,,,,,,,,,
57,0.6781168607793995,2026-08-24 22:41:25.364755,2026-08-24 22:46:48.034212,0 days 00:05:22.669457,322.669457,32,first_k,mean,null,True,65536,0.25,65536,8.0,True,11,1,1,1234.483168,0.6260416666666667,0.015616280842704437,0.4838527650679377,0.2341134982638889,0.7552909387961813,0.6781168607793995,"[[122, 277], [82, 479]]",0.7274107820804859,960,399,561,0.6335978835978836,0.8538324420677362,COMPLETE,,,,,,,,,,,,,,
16,0.6770133890876926,2026-08-24 19:12:46.704961,2026-08-24 19:17:43.526469,0 days 00:04:56.821508,296.821508,64,pca,mean,"[1,3,7,28]",True,32768,0.75,16384,4.0,False,11,1,1,1349.1405479999999,0.621875,0.015650695018346362,0.4849190493010148,0.23514648437500002,0.7599562978439307,0.6770133890876926,"[[118, 281], [82, 479]]",0.7252081756245269,960,399,561,0.6302631578947369,0.8538324420677362,COMPLETE,,,,,,,,,,,,,,
71,0.676117655993817,2026-08-24 23:56:41.744062,2026-08-25 00:01:36.262833,0 days 00:04:54.518771,294.518771,64,pca,max,null,True,32768,0.75,16384,4.0,False,11,1,1,1242.939368,0.6354166666666666,0.015534314382094861,0.4813131271728301,0.2316623263888889,0.7509686564645953,0.676117655993817,"[[137, 262], [88, 473]]",0.7299382716049383,960,399,561,0.6435374149659864,0.8431372549019608,COMPLETE,,,,,,,,,,,,,,
87,0.6715407055964332,2026-08-25 01:15:42.144051,2026-08-25 01:19:46.057770,0 days 00:04:03.913719,243.913719,32,gaussian_random_projection,mean,"[1,3,7,28]",False,32768,0.25,16384,8.0,False,11,1,1,1240.709804,0.6229166666666667,0.01564220696064136,0.4846560564519498,0.23489149305555557,0.7449884560737148,0.6715407055964332,"[[122, 277], [85, 476]]",0.7245053272450532,960,399,561,0.6321381142098274,0.8484848484848485,COMPLETE,,,,,,,,,,,,,,
