number,value,datetime_start,datetime_complete,duration,duration_s,params_fusion.early.reduction_dim,params_fusion.early.reduction_method,params_fusion.key_pooling,params_method.target_transform,params_rewrite.count_feature_window_days,params_rewrite.count_features_after_simplify,params_sampling.context_tables_sample_size,params_sampling.train.anchor_budget_fraction,params_sampling.train.sample_size,params_tabicl.outlier_threshold,params_vectorizer.relative_time,user_attrs_effective_context_sample_size,user_attrs_effective_context_sample_size_raised,user_attrs_effective_context_tables_used,user_attrs_effective_restrict_to_test_keys_batches,user_attrs_trial_timeout_s,user_attrs_val_explained_variance,user_attrs_val_mae,user_attrs_val_mae_sem,user_attrs_val_mae_std,user_attrs_val_mae_var,user_attrs_val_max_error,user_attrs_val_mean_residual,user_attrs_val_median_ae,user_attrs_val_median_residual,user_attrs_val_mse,user_attrs_val_n,user_attrs_val_r2,user_attrs_val_rmse,user_attrs_val_spearman,state,test_value,test_mae,test_mae_var,test_mae_std,test_mae_sem,test_mse,test_rmse,test_median_ae,test_max_error,test_r2,test_explained_variance,test_mean_residual,test_median_residual,test_spearman,test_n
67,0.3982945382595062,2026-08-24 22:27:22.363790,2026-08-24 22:31:21.017195,0 days 00:03:58.653405,238.653405,64,pca,mean,log1p,"[1,7,28]",False,65536,0.75,16384,8.0,False,,,1,4,1036.691252,-0.12193071842193604,0.3982945382595062,0.0025887375372252238,0.3637153208255768,0.1322888284921646,1.008056402206421,-0.18683038651943207,0.2750503122806549,0.0,0.2909206748008728,19740,-0.27489686012268066,0.5393706284187829,0.1609413603533739,COMPLETE,0.383992075920105,0.383992075920105,0.122781828045845,0.3504023849964142,0.0023299658436577,0.2702262997627258,0.519832953709868,0.2935295701026916,1.0,-0.1669161319732666,-0.1002185344696044,-0.1242794170975685,0.0003979697357863,0.2502595397169137,22617.0
29,0.3985532224178314,2026-08-24 19:46:37.770095,2026-08-24 19:49:49.846630,0 days 00:03:12.076535,192.076535,32,gaussian_random_projection,max,log1p,"[1,3,7,28]",True,65536,0.75,16384,8.0,True,,,1,4,1043.389188,-0.1521371603012085,0.3985532224178314,0.0027098458213024985,0.38073092699050903,0.14495603740215302,1.0021312236785889,-0.20220135152339935,0.266895592212677,0.0,0.30379337072372437,19740,-0.33130860328674316,0.5511745374413847,0.17259472096352851,COMPLETE,,,,,,,,,,,,,,,
94,0.3993231952190399,2026-08-25 00:19:27.168724,2026-08-25 00:23:25.617882,0 days 00:03:58.449158,238.449158,64,pca,mean,none,"[1,7,28]",False,65536,0.75,16384,8.0,True,,,1,4,973.5987279999999,-0.14706039428710938,0.3993231952190399,0.0026135567715088984,0.36720240116119385,0.13483761250972748,1.0063211917877197,-0.18038927018642426,0.28503310680389404,-0.0008728137472644448,0.294289767742157,19740,-0.2896612882614136,0.5424848087662519,0.19629683419414226,COMPLETE,,,,,,,,,,,,,,,
40,0.4030124843120575,2026-08-24 20:27:15.110255,2026-08-24 20:31:28.848397,0 days 00:04:13.738142,253.738142,32,pca,max,none,null,True,65536,0.75,32768,8.0,True,,,1,4,1027.3125440000001,-0.1423051357269287,0.4030124843120575,0.0026955200405729992,0.37871816754341125,0.14342746138572693,1.0079644918441772,-0.21254386007785797,0.2860908508300781,-0.004263480193912983,0.3058392405509949,19740,-0.34027421474456787,0.5530273415944232,0.1613555463197668,COMPLETE,,,,,,,,,,,,,,,
20,0.40427377820014954,2026-08-24 19:07:21.196492,2026-08-24 19:11:42.043789,0 days 00:04:20.847297,260.847297,32,pca,mean,none,null,True,65536,0.25,32768,4.0,True,,,1,4,1027.3125440000001,-0.14201295375823975,0.40427377820014954,0.0027099240926661836,0.3807419240474701,0.14496441185474396,1.0064798593521118,-0.21862444281578064,0.2877695858478546,-0.00288914842531085,0.30839434266090393,19740,-0.3514714241027832,0.5553326414509631,0.19268876446731542,COMPLETE,,,,,,,,,,,,,,,
33,0.40455180406570435,2026-08-24 20:00:27.310317,2026-08-24 20:03:51.432878,0 days 00:03:24.122561,204.122561,32,pca,max,log1p,"[1,7,28]",True,65536,0.75,16384,4.0,True,,,1,4,1036.691252,-0.14319801330566406,0.40455180406570435,0.002728077958220672,0.3832925260066986,0.14691317081451416,1.007581114768982,-0.22293460369110107,0.2811412811279297,0.0,0.3105678856372833,19740,-0.3609966039657593,0.5572861792986467,0.19581291246203827,COMPLETE,,,,,,,,,,,,,,,
18,0.4058413505554199,2026-08-24 18:59:56.405957,2026-08-24 19:04:45.073503,0 days 00:04:48.667546,288.667546,64,pca,max,none,"[1,7,28]",True,65536,0.25,32768,8.0,False,,,1,4,1027.3125440000001,-0.18902277946472168,0.4058413505554199,0.0026325546526625794,0.369871586561203,0.1368049830198288,1.0042723417282104,-0.17372487485408783,0.3076767027378082,-0.001366248121485114,0.30150526762008667,19740,-0.3212815523147583,0.5490949531912369,0.17563589309171818,COMPLETE,,,,,,,,,,,,,,,
30,0.40633177757263184,2026-08-24 19:49:49.898357,2026-08-24 19:53:20.580417,0 days 00:03:30.682060,210.68206,32,gaussian_random_projection,sum,none,"[1,7,28]",False,65536,0.75,16384,4.0,True,,,1,4,1040.04022,-0.15099334716796875,0.40633177757263184,0.0024774967479101622,0.34808608889579773,0.12116391956806183,1.0030468702316284,-0.15367619693279266,0.3213657736778259,-0.0008932744385674596,0.28626325726509094,19740,-0.2544867992401123,0.5350357532586874,0.1759847048431668,COMPLETE,,,,,,,,,,,,,,,
53,0.4065161645412445,2026-08-24 21:18:09.302326,2026-08-24 21:23:45.360249,0 days 00:05:36.057923,336.057923,64,gaussian_random_projection,mean,log1p,null,False,65536,0.75,65536,8.0,False,,,1,4,905.035236,-0.06678509712219238,0.4065161645412445,0.002639756254474138,0.37088340520858765,0.13755449652671814,1.003844141960144,-0.24366283416748047,0.29359087347984314,-0.01060667634010315,0.3028029203414917,19740,-0.3269681930541992,0.5502753132219287,0.18594399660249725,COMPLETE,,,,,,,,,,,,,,,
51,0.4078134298324585,2026-08-24 21:09:41.644559,2026-08-24 21:14:53.182302,0 days 00:05:11.537743,311.537743,64,pca,mean,log1p,"[1,7,28]",False,65536,0.25,32768,8.0,False,,,1,4,905.035236,-0.1468808650970459,0.4078134298324585,0.002437368992441834,0.3424481749534607,0.11727075278759003,1.0059058666229248,-0.14787864685058594,0.32400545477867126,8.932064520195127e-05,0.2835765779018402,19740,-0.24271297454833984,0.5325190868897003,0.2045304018472789,COMPLETE,,,,,,,,,,,,,,,
38,0.40799346566200256,2026-08-24 20:17:32.057556,2026-08-24 20:22:16.454928,0 days 00:04:44.397372,284.397372,64,pca,sum,log1p,null,False,65536,0.75,32768,4.0,True,,,1,4,961.484536,-0.1957085132598877,0.40799346566200256,0.002665483563847067,0.37449806928634644,0.14024880528450012,1.000215768814087,-0.1839832067489624,0.3096417188644409,0.0,0.30670037865638733,19740,-0.34404802322387695,0.5538053617078723,0.18211271084192712,COMPLETE,,,,,,,,,,,,,,,
78,0.4081503748893738,2026-08-24 23:11:20.041443,2026-08-24 23:16:05.249999,0 days 00:04:45.208556,285.208556,64,pca,max,none,"[1,7,28]",True,65536,0.25,32768,4.0,True,,,1,4,999.031384,-0.22071337699890137,0.4081503748893738,0.002677216207934161,0.37614649534225464,0.14148618280887604,1.0067158937454224,-0.17178264260292053,0.308917373418808,-0.0026818071492016315,0.3080657124519348,19740,-0.3500312566757202,0.5550366766727536,0.16136822524242356,COMPLETE,,,,,,,,,,,,,,,
22,0.4100673496723175,2026-08-24 19:17:22.185411,2026-08-24 19:19:53.624683,0 days 00:02:31.439272,151.439272,64,pca,mean,log1p,null,True,32768,0.75,16384,8.0,True,,,1,4,1040.04022,-0.19486868381500244,0.4100673496723175,0.0027839605301289193,0.3911439776420593,0.15299361944198608,1.0031116008758545,-0.22018669545650482,0.2847745418548584,0.0,0.3211411237716675,19740,-0.40733134746551514,0.5666931478072303,0.18200254868835142,COMPLETE,,,,,,,,,,,,,,,
9,0.4105876386165619,2026-08-24 18:16:03.725158,2026-08-24 18:21:06.193610,0 days 00:05:02.468452,302.468452,64,pca,max,none,"[1,7,28]",False,65536,0.75,32768,8.0,True,,,1,4,876.955836,-0.17526865005493164,0.4105876386165619,0.0023927144370483053,0.33617424964904785,0.1130131259560585,1.005165696144104,-0.11577239632606506,0.34438133239746094,-0.0012693024473264813,0.2815896272659302,19740,-0.23400557041168213,0.5306501929387477,0.15881201944018644,COMPLETE,,,,,,,,,,,,,,,
8,0.41071799397468567,2026-08-24 18:13:29.646174,2026-08-24 18:16:03.677474,0 days 00:02:34.031300,154.0313,64,pca,max,none,"[1,3,7,28]",True,32768,0.75,16384,4.0,False,,,1,4,947.444836,-0.1984018087387085,0.41071799397468567,0.0025533766987110695,0.3587471544742584,0.12869952619075775,1.0041978359222412,-0.1546516716480255,0.33729779720306396,-0.0010783277684822679,0.29738226532936096,19740,-0.3032134771347046,0.545327667856089,0.1490601639462699,COMPLETE,,,,,,,,,,,,,,,
84,0.4108039140701294,2026-08-24 23:36:24.003576,2026-08-24 23:42:32.060468,0 days 00:06:08.056892,368.056892,64,pca,mean,none,null,False,65536,0.25,65536,8.0,False,,,1,4,990.020224,-0.1074296236038208,0.4108039140701294,0.0027722242800440403,0.38949504494667053,0.15170638263225555,1.007112979888916,-0.26029303669929504,0.29569947719573975,-0.007430046796798706,0.3204585611820221,19740,-0.4043402671813965,0.5660905945005817,0.17851871265014876,COMPLETE,,,,,,,,,,,,,,,
41,0.41102078557014465,2026-08-24 20:31:28.892806,2026-08-24 20:34:18.888171,0 days 00:02:49.995365,169.995365,64,pca,sum,none,"[1,3,7,28]",False,32768,0.75,16384,4.0,True,,,1,4,1017.933836,-0.1345921754837036,0.41102078557014465,0.002309247042672851,0.3244471549987793,0.10526596009731293,1.0018774271011353,-0.12367038428783417,0.34285447001457214,-0.00012402799620758742,0.2741987109184265,19740,-0.20161652565002441,0.5236398675792615,0.15810452325023164,COMPLETE,,,,,,,,,,,,,,,
97,0.4110599160194397,2026-08-25 00:31:32.597120,2026-08-25 00:37:05.965949,0 days 00:05:33.368829,333.368829,32,gaussian_random_projection,sum,none,"[1,7,28]",False,65536,0.25,65536,8.0,False,,,1,4,964.087256,-0.038933515548706055,0.4110599160194397,0.0024481517742888713,0.3439631462097168,0.11831065267324448,1.0043869018554688,-0.22405153512954712,0.3038845360279083,-0.007563948631286621,0.28727495670318604,19740,-0.2589203119277954,0.5359803696994752,0.2042373211483121,COMPLETE,,,,,,,,,,,,,,,
72,0.41121187806129456,2026-08-24 22:46:02.972838,2026-08-24 22:50:08.750388,0 days 00:04:05.777550,245.77755,64,first_k,max,log1p,null,False,65536,0.25,32768,8.0,True,,,1,4,1016.443202,-0.16773629188537598,0.41121187806129456,0.0025088585348808186,0.35249239206314087,0.12425089627504349,1.0064218044281006,-0.1639275848865509,0.3343923091888428,6.0300597397144884e-05,0.2933397889137268,19740,-0.2854980230331421,0.5416085199788929,0.1713445378918119,COMPLETE,,,,,,,,,,,,,,,
62,0.4116785526275635,2026-08-24 22:03:59.151594,2026-08-24 22:09:36.073237,0 days 00:05:36.921643,336.921643,32,gaussian_random_projection,mean,none,"[1,3,7,28]",False,65536,0.75,65536,8.0,False,,,1,4,1027.3125440000001,-0.044347405433654785,0.4116785526275635,0.002209567930726374,0.31044232845306396,0.09637443721294403,1.0053280591964722,-0.16594438254833221,0.3372337222099304,-0.0026248800568282604,0.2658487856388092,19740,-0.1650247573852539,0.5156052614537687,0.19642748035309066,COMPLETE,,,,,,,,,,,,,,,
98,0.4116849899291992,2026-08-25 00:37:06.012013,2026-08-25 00:40:31.674988,0 days 00:03:25.662975,205.662975,64,gaussian_random_projection,mean,none,null,False,32768,0.75,32768,8.0,False,,,1,4,973.5987279999999,-0.14131832122802734,0.4116849899291992,0.002416614354014337,0.33953216671943665,0.1152820959687233,1.0038944482803345,-0.15595389902591705,0.3341386914253235,-0.003915382549166679,0.2847607731819153,19740,-0.24790239334106445,0.5336298091204382,0.1636132750880452,COMPLETE,,,,,,,,,,,,,,,
81,0.4122221767902374,2026-08-24 23:23:50.669905,2026-08-24 23:27:11.437991,0 days 00:03:20.768086,200.768086,32,first_k,sum,log1p,"[1,3,7,28]",False,65536,0.75,16384,4.0,False,,,1,4,996.930248,-0.10611379146575928,0.4122221767902374,0.0024345923741474302,0.34205806255340576,0.11700371652841568,1.0007590055465698,-0.18579308688640594,0.3190835118293762,0.0005941864219494164,0.28692489862442017,19740,-0.2573862075805664,0.5356537114819799,0.1561623564196908,COMPLETE,,,,,,,,,,,,,,,
31,0.41229256987571716,2026-08-24 19:53:20.623961,2026-08-24 19:55:39.512149,0 days 00:02:18.888188,138.888188,32,gaussian_random_projection,mean,none,"[1,3,7,28]",True,32768,0.25,16384,4.0,True,,,1,4,1036.691252,-0.15511786937713623,0.41229256987571716,0.002645630636983322,0.3717087507247925,0.1381673961877823,1.0049023628234863,-0.21108625829219818,0.3051241338253021,-0.00132282346021384,0.30814555287361145,19740,-0.3503812551498413,0.5551085955681208,0.13536367454475404,COMPLETE,,,,,,,,,,,,,,,
7,0.4125278890132904,2026-08-24 18:09:15.110604,2026-08-24 18:13:29.594063,0 days 00:04:14.483459,254.483459,64,pca,mean,none,"[1,3,7,28]",False,65536,0.25,16384,8.0,True,,,1,4,876.955836,-0.23302924633026123,0.4125278890132904,0.0025944203776167725,0.3645137548446655,0.13287028670310974,1.0044269561767578,-0.14722763001918793,0.32998931407928467,-0.0011850481387227774,0.30304282903671265,19740,-0.3280196189880371,0.5504932597559326,0.12524693609257695,COMPLETE,,,,,,,,,,,,,,,
12,0.4127880036830902,2026-08-24 18:28:53.124220,2026-08-24 18:32:34.670594,0 days 00:03:41.546374,221.546374,64,pca,mean,log1p,"[1,3,7,28]",True,65536,0.75,16384,4.0,False,,,1,4,947.444836,-0.2129272222518921,0.4127880036830902,0.002700980793924499,0.3794853985309601,0.14400917291641235,1.0034526586532593,-0.19394859671592712,0.31578341126441956,0.0,0.3143957853317261,19740,-0.3777714967727661,0.5607100724364831,0.18181049687966808,COMPLETE,,,,,,,,,,,,,,,
6,0.4133550822734833,2026-08-24 18:04:23.414945,2026-08-24 18:09:15.063784,0 days 00:04:51.648839,291.648839,32,first_k,sum,log1p,null,False,65536,0.25,65536,4.0,True,,,1,4,804.354062,-0.05060887336730957,0.4133550822734833,0.00267155776105704,0.3753514885902405,0.1408887505531311,1.0030624866485596,-0.26833558082580566,0.2916224002838135,-0.004583895206451416,0.3117440640926361,19740,-0.3661508560180664,0.5583404553609169,0.17611446638406694,COMPLETE,,,,,,,,,,,,,,,
4,0.4135989546775818,2026-08-24 17:56:37.577343,2026-08-24 17:58:44.679072,0 days 00:02:07.101729,127.101729,32,first_k,mean,none,"[1,7,28]",True,32768,0.75,16384,8.0,True,,,1,4,804.354062,-0.20055699348449707,0.4135989546775818,0.0025527532853293084,0.358659565448761,0.1286366879940033,1.003806710243225,-0.16042858362197876,0.3299333453178406,-0.0008719030302017927,0.2996942698955536,19740,-0.31334519386291504,0.547443394238668,0.15777936514511678,COMPLETE,,,,,,,,,,,,,,,
95,0.4141196608543396,2026-08-25 00:23:25.666618,2026-08-25 00:26:13.330487,0 days 00:02:47.663869,167.663869,64,pca,max,none,"[1,3,7,28]",False,32768,0.75,16384,4.0,False,,,1,4,964.087256,-0.14985811710357666,0.4141196608543396,0.0021947494010054382,0.30836033821105957,0.09508609771728516,1.0014688968658447,-0.06471861153841019,0.36525672674179077,0.0027782898396253586,0.2665763795375824,19740,-0.16821324825286865,0.5163103519566331,0.16511468090234852,COMPLETE,,,,,,,,,,,,,,,
92,0.4142051935195923,2026-08-25 00:12:47.066678,2026-08-25 00:16:04.556526,0 days 00:03:17.489848,197.489848,64,first_k,max,none,null,False,65536,0.25,16384,4.0,False,,,1,4,990.020224,-0.23076403141021729,0.4142051935195923,0.002441911701180791,0.3430864214897156,0.11770828813314438,1.0034716129302979,-0.09175150841474533,0.34969937801361084,0.0022686696611344814,0.28926828503608704,19740,-0.267655611038208,0.5378366713381368,0.18359431091424194,COMPLETE,,,,,,,,,,,,,,,
21,0.4143770933151245,2026-08-24 19:11:42.088126,2026-08-24 19:17:22.147313,0 days 00:05:40.059187,340.059187,32,gaussian_random_projection,sum,none,"[1,3,7,28]",False,65536,0.75,65536,8.0,False,,,1,4,1036.691252,-0.050305724143981934,0.4143770933151245,0.0021950991827905776,0.3084094822406769,0.09511640667915344,1.0026901960372925,-0.16476982831954956,0.33374661207199097,-0.00793728232383728,0.2668199837207794,19740,-0.1692807674407959,0.5165462067625504,0.14702886076357302,COMPLETE,,,,,,,,,,,,,,,
0,0.41457241773605347,2026-08-24 17:42:48.676692,2026-08-24 17:45:51.614764,0 days 00:03:02.938072,182.938072,64,pca,max,log1p,"[1,7,28]",False,32768,0.75,16384,8.0,False,,,1,4,170999.822788476,-0.14564752578735352,0.41457241773605347,0.0021806230107416944,0.3063755929470062,0.0938660129904747,1.0,-0.06560850143432617,0.36731696128845215,0.0026832674629986286,0.265731543302536,19740,-0.16451096534729004,0.5154915550254301,0.16281349556632665,COMPLETE,,,,,,,,,,,,,,,
85,0.4153800308704376,2026-08-24 23:42:32.109934,2026-08-24 23:45:39.741575,0 days 00:03:07.631641,187.631641,32,first_k,mean,none,null,False,65536,0.25,16384,8.0,False,,,1,4,996.930248,-0.1271594762802124,0.4153800308704376,0.0024255814099178987,0.3407920300960541,0.11613920331001282,1.002368688583374,-0.17738556861877441,0.346990704536438,-0.0002635051205288619,0.28867390751838684,19740,-0.26505088806152344,0.5372838239872729,0.12279020592472777,COMPLETE,,,,,,,,,,,,,,,
65,0.41547998785972595,2026-08-24 22:18:46.367094,2026-08-24 22:21:12.565350,0 days 00:02:26.198256,146.198256,64,gaussian_random_projection,mean,log1p,"[1,7,28]",True,32768,0.25,16384,8.0,True,,,1,4,1036.691252,-0.18766355514526367,0.41547998785972595,0.002689545538595904,0.37787875533103943,0.14279234409332275,1.0022039413452148,-0.21069872379302979,0.3051726818084717,0.0,0.31540876626968384,19740,-0.3822106122970581,0.5616126478897033,0.14775748268112557,COMPLETE,,,,,,,,,,,,,,,
58,0.4155206084251404,2026-08-24 21:43:46.713487,2026-08-24 21:50:23.633227,0 days 00:06:36.919740,396.91974,64,pca,sum,none,"[1,3,7,28]",False,65536,0.25,65536,8.0,False,,,1,4,1016.443202,-0.19109296798706055,0.4155206084251404,0.0024521028872735817,0.3445182740688324,0.11869283765554428,1.0034135580062866,-0.1398102045059204,0.33394280076026917,0.0002873134217225015,0.29134422540664673,19740,-0.2767530679702759,0.539763119717017,0.12317005637300192,COMPLETE,,,,,,,,,,,,,,,
13,0.4160245358943939,2026-08-24 18:32:34.709480,2026-08-24 18:39:18.235310,0 days 00:06:43.525830,403.52583,64,pca,sum,none,"[1,3,7,28]",False,65536,0.25,65536,8.0,True,,,1,4,886.185496,-0.14855420589447021,0.4160245358943939,0.0024136856474604156,0.33912068605422974,0.11500284075737,1.005922794342041,-0.1611926406621933,0.3569045960903168,-0.00585445761680603,0.28807342052459717,19740,-0.26241934299468994,0.536724715775785,0.16767312943441784,COMPLETE,,,,,,,,,,,,,,,
28,0.41624021530151367,2026-08-24 19:43:25.869970,2026-08-24 19:46:37.728290,0 days 00:03:11.858320,191.85832,64,first_k,max,none,null,True,65536,0.25,16384,8.0,False,,,1,4,1084.56996,-0.2236243486404419,0.41624021530151367,0.0024490797884247017,0.34409353137016296,0.11840036511421204,1.0034286975860596,-0.11148789525032043,0.3478058874607086,0.0020673396065831184,0.29165029525756836,19740,-0.2780942916870117,0.5400465676750186,0.13108084288731522,COMPLETE,,,,,,,,,,,,,,,
50,0.4164216220378876,2026-08-24 21:06:11.123964,2026-08-24 21:09:41.589976,0 days 00:03:30.466012,210.466012,32,pca,mean,log1p,null,False,32768,0.25,32768,8.0,True,,,1,4,959.993902,-0.08047068119049072,0.4164216220378876,0.0026981969636345254,0.37909427285194397,0.14371246099472046,1.0,-0.26562735438346863,0.31489843130111694,-0.009819000959396362,0.31711214780807495,19740,-0.3896753787994385,0.5631271151419321,0.21198431077683474,COMPLETE,,,,,,,,,,,,,,,
64,0.41655096411705017,2026-08-24 22:14:45.292751,2026-08-24 22:18:46.314565,0 days 00:04:01.021814,241.021814,64,first_k,sum,none,"[1,7,28]",True,65536,0.25,32768,8.0,True,,,1,4,1040.04022,-0.2643836736679077,0.41655096411705017,0.0025971942383834585,0.3649034798145294,0.13315454125404358,1.0081309080123901,-0.13468793034553528,0.3334100842475891,-0.0021920539438724518,0.30666249990463257,19740,-0.3438819646835327,0.5537711620377433,0.15231114985998437,COMPLETE,,,,,,,,,,,,,,,
25,0.41655564308166504,2026-08-24 19:27:10.477387,2026-08-24 19:31:58.087076,0 days 00:04:47.609689,287.609689,32,first_k,mean,none,null,False,65536,0.75,65536,4.0,False,,,1,4,1036.691252,-0.13342058658599854,0.41655564308166504,0.002498166539330955,0.3509901762008667,0.12319409847259521,1.0057027339935303,-0.19511400163173676,0.3341485261917114,-0.007088283076882362,0.2967064380645752,19740,-0.30025172233581543,0.5447076629390991,0.18628513627680607,COMPLETE,,,,,,,,,,,,,,,
42,0.41657790541648865,2026-08-24 20:34:18.934305,2026-08-24 20:37:23.698180,0 days 00:03:04.763875,184.763875,32,gaussian_random_projection,mean,none,null,True,32768,0.75,32768,4.0,True,,,1,4,1016.443202,-0.16388273239135742,0.41657790541648865,0.0026344206504575274,0.37013375759124756,0.1369989961385727,1.0055917501449585,-0.2119930237531662,0.32395023107528687,-0.0036893365904688835,0.3105292320251465,19740,-0.36082708835601807,0.557251498001707,0.16686171478670322,COMPLETE,,,,,,,,,,,,,,,
77,0.4169642925262451,2026-08-24 23:08:37.247710,2026-08-24 23:11:19.987939,0 days 00:02:42.740229,162.740229,64,pca,sum,none,null,False,32768,0.25,16384,4.0,False,,,1,4,1014.952568,-0.1956251859664917,0.4169642925262451,0.0024941556092065178,0.35042664408683777,0.12279882282018661,1.003814458847046,-0.1543382853269577,0.3520134687423706,-0.0007214087527245283,0.2966518700122833,19740,-0.30001258850097656,0.5446575713347638,0.17422717317191136,COMPLETE,,,,,,,,,,,,,,,
87,0.4171616733074188,2026-08-24 23:51:27.106498,2026-08-24 23:55:10.654852,0 days 00:03:43.548354,223.548354,32,pca,max,log1p,"[1,7,28]",False,32768,0.25,32768,8.0,False,,,1,4,996.930248,-0.09036517143249512,0.4171616733074188,0.0022891147570395314,0.32161858677864075,0.10343851149082184,1.0,-0.16924864053726196,0.3345484137535095,0.003147539682686329,0.27745717763900757,19740,-0.21589601039886475,0.5267420408881444,0.12870404770726582,COMPLETE,,,,,,,,,,,,,,,
61,0.4174523651599884,2026-08-24 22:01:52.419250,2026-08-24 22:03:59.105872,0 days 00:02:06.686622,126.686622,32,first_k,max,none,null,True,32768,0.25,16384,8.0,True,,,1,4,1036.691252,-0.17121672630310059,0.4174523651599884,0.0024609057642191704,0.34575507044792175,0.1195465698838234,1.0025053024291992,-0.16292695701122284,0.34105587005615234,0.0007676027016714215,0.2938069999217987,19740,-0.2875455617904663,0.542039666373042,0.15399034824683153,COMPLETE,,,,,,,,,,,,,,,
46,0.4175502359867096,2026-08-24 20:51:22.487558,2026-08-24 20:54:50.101672,0 days 00:03:27.614114,207.614114,64,gaussian_random_projection,mean,none,"[1,3,7,28]",True,32768,0.25,32768,4.0,False,,,1,4,1016.443202,-0.1853119134902954,0.4175502359867096,0.0024516366529717406,0.34445276856422424,0.11864771693944931,1.0021774768829346,-0.1500389575958252,0.3411542773246765,0.001991023775190115,0.2929898500442505,19740,-0.28396451473236084,0.5412853684003018,0.13726134393599315,COMPLETE,,,,,,,,,,,,,,,
34,0.4176453948020935,2026-08-24 20:03:51.474831,2026-08-24 20:06:19.498481,0 days 00:02:28.023650,148.02365,64,gaussian_random_projection,sum,none,"[1,7,28]",True,32768,0.25,16384,8.0,True,,,1,4,1027.3125440000001,-0.1974400281906128,0.4176453948020935,0.0026161999678852594,0.3675737679004669,0.13511046767234802,1.0034635066986084,-0.1904878467321396,0.32578879594802856,-9.143003262579441e-05,0.3095313310623169,19740,-0.3564540147781372,0.5563553999579018,0.14526529957951975,COMPLETE,,,,,,,,,,,,,,,
14,0.41776230931282043,2026-08-24 18:39:18.278196,2026-08-24 18:44:37.426907,0 days 00:05:19.148711,319.148711,64,first_k,sum,none,null,False,65536,0.25,65536,4.0,False,,,1,4,952.059666,-0.1182258129119873,0.41776230931282043,0.0025754422233921505,0.3618473410606384,0.1309334933757782,1.0041903257369995,-0.22423765063285828,0.3258454203605652,-0.005835831165313721,0.3054521977901459,19740,-0.33857810497283936,0.55267729986869,0.163141185432592,COMPLETE,,,,,,,,,,,,,,,
59,0.4178307354450226,2026-08-24 21:50:23.674855,2026-08-24 21:55:04.612697,0 days 00:04:40.937842,280.937842,64,pca,sum,log1p,"[1,7,28]",True,65536,0.75,32768,8.0,True,,,1,4,1017.933836,-0.24587321281433105,0.4178307354450226,0.002735435254289533,0.3843262195587158,0.14770664274692535,1.0075125694274902,-0.1948947161436081,0.31553128361701965,0.0,0.32228168845176697,19740,-0.41232967376708984,0.5676985894396488,0.14477695391786527,COMPLETE,,,,,,,,,,,,,,,
93,0.4178694188594818,2026-08-25 00:16:04.600587,2026-08-25 00:19:27.126972,0 days 00:03:22.526385,202.526385,32,pca,sum,log1p,"[1,3,7,28]",True,32768,0.75,32768,8.0,True,,,1,4,983.1102,-0.11076116561889648,0.4178694188594818,0.0027628796549606436,0.388182133436203,0.1506853699684143,1.0,-0.26800426840782166,0.30149221420288086,-0.0074859559535980225,0.32529258728027344,19740,-0.4255242347717285,0.5703442708402299,0.1764665575606399,COMPLETE,,,,,,,,,,,,,,,
75,0.41804563999176025,2026-08-24 22:59:07.654616,2026-08-24 23:02:03.943925,0 days 00:02:56.289309,176.289309,32,first_k,max,log1p,"[1,3,7,28]",True,32768,0.75,32768,4.0,True,,,1,4,1014.952568,-0.11871469020843506,0.41804563999176025,0.0026215487231879093,0.36832526326179504,0.1356634944677353,1.0,-0.23481373488903046,0.3222859501838684,-0.0023467838764190674,0.3104187548160553,19740,-0.36034297943115234,0.5571523622996274,0.168584391026679,COMPLETE,,,,,,,,,,,,,,,
99,0.41804954409599304,2026-08-25 00:40:31.723716,2026-08-25 00:43:06.855681,0 days 00:02:35.131965,155.131965,64,pca,mean,none,null,True,32768,0.25,16384,4.0,False,,,1,4,964.087256,-0.2400038242340088,0.41804954409599304,0.0026240213770807944,0.3686726689338684,0.13591952621936798,1.008005142211914,-0.1664922833442688,0.3314988315105438,-0.0011349162086844444,0.31067806482315063,19740,-0.36147940158843994,0.5573850238597648,0.10910616415373169,COMPLETE,,,,,,,,,,,,,,,
44,0.41821715235710144,2026-08-24 20:42:04.798204,2026-08-24 20:45:27.442673,0 days 00:03:22.644469,202.644469,64,gaussian_random_projection,mean,log1p,"[1,3,7,28]",True,32768,0.75,32768,4.0,False,,,1,4,1016.443202,-0.1987384557723999,0.41821715235710144,0.002612353640953829,0.36703336238861084,0.13471348583698273,1.006225824356079,-0.18992173671722412,0.3242780268192291,0.0,0.3096122741699219,19740,-0.3568086624145508,0.5564281392686048,0.18497274326763838,COMPLETE,,,,,,,,,,,,,,,
48,0.4188201427459717,2026-08-24 20:57:00.044917,2026-08-24 20:59:54.653602,0 days 00:02:54.608685,174.608685,64,pca,max,none,"[1,3,7,28]",False,32768,0.25,16384,4.0,False,,,1,4,959.993902,-0.12378096580505371,0.4188201427459717,0.0020831391029761787,0.29267919063568115,0.08566110581159592,1.001476526260376,-0.06804261356592178,0.38571804761886597,0.004350931383669376,0.26106712222099304,19740,-0.14407014846801758,0.5109472792969868,0.13195852568466854,COMPLETE,,,,,,,,,,,,,,,
11,0.4189070165157318,2026-08-24 18:24:33.912474,2026-08-24 18:28:53.085287,0 days 00:04:19.172813,259.172813,32,first_k,mean,none,"[1,3,7,28]",False,65536,0.25,32768,4.0,True,,,1,4,876.955836,-0.07435107231140137,0.4189070165157318,0.002269692640852328,0.3188897967338562,0.10169070214033127,1.002241849899292,-0.17891569435596466,0.3396012783050537,0.0012629119446501136,0.2771686613559723,19740,-0.2146315574645996,0.5264681009861588,0.15765366257147068,COMPLETE,,,,,,,,,,,,,,,
2,0.41902872920036316,2026-08-24 17:48:13.301230,2026-08-24 17:52:58.261706,0 days 00:04:44.960476,284.960476,32,first_k,max,none,"[1,7,28]",True,65536,0.25,65536,4.0,False,,,1,4,170675.26836154517,-0.14727544784545898,0.41902872920036316,0.0026065946503737634,0.3662242293357849,0.13412019610404968,1.0050369501113892,-0.21886056661605835,0.3315168619155884,-0.0047225928865373135,0.3096984922885895,19740,-0.35718655586242676,0.556505608496976,0.16953422268377963,COMPLETE,,,,,,,,,,,,,,,
1,0.4191010892391205,2026-08-24 17:45:51.664144,2026-08-24 17:48:13.255636,0 days 00:02:21.591492,141.591492,64,gaussian_random_projection,mean,none,null,True,32768,0.75,16384,8.0,True,,,1,4,170816.8982484052,-0.20634675025939941,0.4191010892391205,0.002574841294467166,0.3617629110813141,0.13087239861488342,1.004732608795166,-0.17672955989837646,0.3364703953266144,-0.0008320914348587394,0.3065114915370941,19740,-0.34322023391723633,0.5536347997887182,0.17561250759849176,COMPLETE,,,,,,,,,,,,,,,
57,0.41910213232040405,2026-08-24 21:40:28.453952,2026-08-24 21:43:46.670625,0 days 00:03:18.216673,198.216673,32,first_k,mean,none,"[1,3,7,28]",False,32768,0.75,32768,4.0,True,,,1,4,1017.933836,-0.024047136306762695,0.41910213232040405,0.0021307056076398045,0.2993622422218323,0.08961774408817291,1.0001015663146973,-0.17771030962467194,0.3390936851501465,-0.0053964704275131226,0.26525986194610596,19740,-0.1624438762664795,0.5150338454374682,0.162292283920558,COMPLETE,,,,,,,,,,,,,,,
69,0.41923683881759644,2026-08-24 22:33:53.772722,2026-08-24 22:39:33.241429,0 days 00:05:39.468707,339.468707,64,first_k,mean,log1p,"[1,3,7,28]",False,65536,0.75,65536,4.0,True,,,1,4,1017.933836,-0.09091877937316895,0.41923683881759644,0.0023105884738488488,0.3246356248855591,0.10538829118013382,1.0,-0.17945487797260284,0.33698970079421997,-0.00889173150062561,0.2811424732208252,19740,-0.2320460081100464,0.53022869897887,0.13842240711881007,COMPLETE,,,,,,,,,,,,,,,
80,0.41927725076675415,2026-08-24 23:20:14.579487,2026-08-24 23:23:50.617471,0 days 00:03:36.037984,216.037984,32,gaussian_random_projection,mean,none,"[1,7,28]",False,65536,0.25,16384,4.0,False,,,1,4,1005.941408,-0.10158693790435791,0.41927725076675415,0.002330587337564126,0.32744544744491577,0.10722051560878754,1.0004315376281738,-0.177864208817482,0.3372338116168976,0.0028603265527635813,0.28300851583480835,19740,-0.24022352695465088,0.5319854470141155,0.16457860060226623,COMPLETE,,,,,,,,,,,,,,,
83,0.41933298110961914,2026-08-24 23:32:30.369767,2026-08-24 23:36:23.960533,0 days 00:03:53.590766,233.590766,64,first_k,max,none,"[1,7,28]",True,65536,0.75,32768,4.0,False,,,1,4,996.930248,-0.1855529546737671,0.41933298110961914,0.0024310911624157703,0.34156614542007446,0.11666743457317352,1.0044653415679932,-0.14821791648864746,0.35132259130477905,0.0014415159821510315,0.29250168800354004,19740,-0.28182530403137207,0.5408342518771717,0.16218447051656606,COMPLETE,,,,,,,,,,,,,,,
15,0.4195391535758972,2026-08-24 18:44:37.467392,2026-08-24 18:47:34.995273,0 days 00:02:57.527881,177.527881,32,first_k,sum,log1p,"[1,3,7,28]",True,32768,0.75,32768,8.0,False,,,1,4,1017.933836,-0.1388489007949829,0.4195391535758972,0.0025846303057481773,0.36313825845718384,0.13186940550804138,1.0005887746810913,-0.21908940374851227,0.32897722721099854,0.0,0.3078758120536804,19740,-0.34919917583465576,0.5548655801666565,0.16913139036740898,COMPLETE,,,,,,,,,,,,,,,
91,0.41987091302871704,2026-08-25 00:06:44.586321,2026-08-25 00:12:47.011165,0 days 00:06:02.424844,362.424844,64,pca,sum,log1p,"[1,7,28]",True,65536,0.25,65536,8.0,False,,,1,4,983.1102,-0.10850679874420166,0.41987091302871704,0.002976369359937744,0.4181772470474243,0.17487221956253052,1.002129077911377,-0.31337377429008484,0.2586360573768616,-0.007215023040771484,0.35115498304367065,19740,-0.5388606786727905,0.59258331316674,0.17401392360010845,COMPLETE,,,,,,,,,,,,,,,
88,0.42007601261138916,2026-08-24 23:55:10.697143,2026-08-24 23:57:15.833014,0 days 00:02:05.135871,125.135871,32,first_k,max,none,"[1,7,28]",True,32768,0.75,16384,8.0,False,,,1,4,990.020224,-0.1766338348388672,0.42007601261138916,0.002388987108043778,0.33565056324005127,0.11266129463911057,1.0007801055908203,-0.1436021625995636,0.3546600043773651,0.0011385950492694974,0.2891194522380829,19740,-0.2670034170150757,0.5376982910871885,0.1431095521023859,COMPLETE,,,,,,,,,,,,,,,
43,0.42039382457733154,2026-08-24 20:37:23.743769,2026-08-24 20:42:04.755415,0 days 00:04:41.011646,281.011646,32,first_k,sum,log1p,null,True,65536,0.25,65536,8.0,False,,,1,4,1014.952568,-0.06714463233947754,0.42039382457733154,0.002685277946276186,0.3772791624069214,0.1423395574092865,1.0,-0.27486351132392883,0.3036775588989258,-0.012481719255447388,0.31906336545944214,19740,-0.3982260227203369,0.5648569424725539,0.13275268947935484,COMPLETE,,,,,,,,,,,,,,,
96,0.4211371839046478,2026-08-25 00:26:13.387616,2026-08-25 00:31:32.544135,0 days 00:05:19.156519,319.156519,32,first_k,max,none,"[1,3,7,28]",False,65536,0.75,65536,8.0,False,,,1,4,959.3504379999999,-0.04586434364318848,0.4211371839046478,0.0023210282616712833,0.3261024057865143,0.10634277760982513,1.004432201385498,-0.2122180312871933,0.3350237011909485,-0.01020464301109314,0.2836938798427582,19740,-0.2432270050048828,0.5326292142220123,0.1064354682460484,COMPLETE,,,,,,,,,,,,,,,
70,0.42165905237197876,2026-08-24 22:39:33.292029,2026-08-24 22:42:35.299306,0 days 00:03:02.007277,182.007277,32,first_k,sum,log1p,"[1,3,7,28]",True,32768,0.25,32768,8.0,False,,,1,4,1027.3125440000001,-0.1586298942565918,0.42165905237197876,0.0024520159190917095,0.34450605511665344,0.11868442595005035,1.0024811029434204,-0.17912349104881287,0.3480141758918762,0.0002587735652923584,0.29647478461265564,19740,-0.299236536026001,0.5444949812557097,0.14156419552779878,COMPLETE,,,,,,,,,,,,,,,
24,0.42203375697135925,2026-08-24 19:24:35.142420,2026-08-24 19:27:10.429308,0 days 00:02:35.286888,155.286888,64,first_k,mean,none,"[1,3,7,28]",False,32768,0.25,16384,4.0,True,,,1,4,1040.04022,-0.09346723556518555,0.42203375697135925,0.0020887010363831735,0.2934606373310089,0.0861191377043724,1.0014272928237915,-0.12127357721328735,0.3680858910083771,0.00576492864638567,0.2642272412776947,19740,-0.15791869163513184,0.5140303894495876,0.1732843385391587,COMPLETE,,,,,,,,,,,,,,,
19,0.42230138182640076,2026-08-24 19:04:45.118658,2026-08-24 19:07:21.152311,0 days 00:02:36.033653,156.033653,64,first_k,sum,log1p,"[1,3,7,28]",False,32768,0.25,16384,8.0,True,,,1,4,1036.691252,-0.09641122817993164,0.42230138182640076,0.002234362559378104,0.31392595171928406,0.0985495001077652,0.999686062335968,-0.1633744239807129,0.3429487645626068,0.0023514179047197104,0.27688297629356384,19740,-0.2133796215057373,0.5261967087445187,0.1828052834870467,COMPLETE,,,,,,,,,,,,,,,
54,0.4223058819770813,2026-08-24 21:23:45.400569,2026-08-24 21:29:09.069380,0 days 00:05:23.668811,323.668811,64,first_k,mean,log1p,"[1,7,28]",True,32768,0.25,65536,8.0,True,54615.0,16.0,1,4,959.993902,-0.22229301929473877,0.4223058819770813,0.0027370106510865183,0.38454756140708923,0.1478768289089203,1.0004820823669434,-0.21747329831123352,0.3144950866699219,0.0,0.3262116014957428,19740,-0.42955172061920166,0.5711493688132228,0.12821597154660588,COMPLETE,,,,,,,,,,,,,,,
63,0.4223949909210205,2026-08-24 22:09:36.121052,2026-08-24 22:14:45.251135,0 days 00:05:09.130083,309.130083,64,first_k,sum,none,"[1,7,28]",True,65536,0.75,65536,4.0,True,,,1,4,1036.691252,-0.1561274528503418,0.4223949909210205,0.002687843083406379,0.3776395618915558,0.14261163771152496,1.0063467025756836,-0.23917239904403687,0.3195194602012634,-0.004454880952835083,0.3210219740867615,19740,-0.4068092107772827,0.5665880108921839,0.1568601340825048,COMPLETE,,,,,,,,,,,,,,,
73,0.42240631580352783,2026-08-24 22:50:08.799651,2026-08-24 22:53:24.456657,0 days 00:03:15.657006,195.657006,32,first_k,mean,none,"[1,7,28]",False,65536,0.75,16384,8.0,False,,,1,4,1014.952568,-0.11831629276275635,0.42240631580352783,0.0022056719682960212,0.30989494919776917,0.09603487700223923,1.0078315734863281,-0.13880477845668793,0.3539685010910034,0.0031479299068450928,0.27445709705352783,19740,-0.20274877548217773,0.5238865307044339,0.12194072723772835,COMPLETE,,,,,,,,,,,,,,,
47,0.4229194223880768,2026-08-24 20:54:50.144283,2026-08-24 20:56:59.998197,0 days 00:02:09.853914,129.853914,32,first_k,max,none,"[1,3,7,28]",True,32768,0.25,16384,4.0,False,,,1,4,1014.952568,-0.19930362701416016,0.4229194223880768,0.002426297094419451,0.34089258313179016,0.11620774865150452,0.9993987679481506,-0.1462591588497162,0.3510650396347046,0.003031398868188262,0.2950626611709595,19740,-0.29304826259613037,0.5431967057806587,0.12000965608189874,COMPLETE,,,,,,,,,,,,,,,
23,0.4230462312698364,2026-08-24 19:19:53.664225,2026-08-24 19:24:35.101908,0 days 00:04:41.437683,281.437683,32,first_k,sum,log1p,"[1,7,28]",True,65536,0.75,65536,8.0,True,,,1,4,1036.691252,-0.09802329540252686,0.4230462312698364,0.0027851691757394244,0.3913137912750244,0.15312647819519043,1.0018365383148193,-0.2855297327041626,0.307297945022583,-0.009433865547180176,0.33208686113357544,19740,-0.4552987813949585,0.5762697815551111,0.17278449289903933,COMPLETE,,,,,,,,,,,,,,,
26,0.4234832227230072,2026-08-24 19:31:58.130755,2026-08-24 19:37:16.415335,0 days 00:05:18.284580,318.28458,32,gaussian_random_projection,mean,none,"[1,7,28]",True,32768,0.25,65536,8.0,True,54617.0,16.0,1,4,1040.04022,-0.19432783126831055,0.4234832227230072,0.002611074784445276,0.3668536841869354,0.13458162546157837,1.0036159753799438,-0.20341427624225616,0.3318253755569458,-0.0016989399446174502,0.31391283869743347,19740,-0.37565505504608154,0.5602792506397444,0.11657084993431754,COMPLETE,,,,,,,,,,,,,,,
3,0.42398080229759216,2026-08-24 17:52:58.298116,2026-08-24 17:56:37.537075,0 days 00:03:39.238959,219.238959,64,first_k,max,log1p,"[1,3,7,28]",False,32768,0.25,32768,4.0,False,,,1,4,731.752288,-0.1126856803894043,0.42398080229759216,0.0020935778302110294,0.2941458225250244,0.08652175962924957,0.9993540048599243,-0.11122768372297287,0.3730175197124481,0.006030654534697533,0.2662770748138428,19740,-0.1669015884399414,0.5160204209271594,0.133892903961272,COMPLETE,,,,,,,,,,,,,,,
52,0.4240688383579254,2026-08-24 21:14:53.234326,2026-08-24 21:18:09.256084,0 days 00:03:16.021758,196.021758,32,gaussian_random_projection,max,log1p,null,False,65536,0.75,16384,8.0,False,,,1,4,959.993902,-0.16745316982269287,0.4240688383579254,0.0025192003244105094,0.35394540429115295,0.1252773553133011,1.0025478601455688,-0.1967293620109558,0.3407704830169678,0.0,0.30510538816452026,19740,-0.33705830574035645,0.5523634565795608,0.1090136779072244,COMPLETE,,,,,,,,,,,,,,,
71,0.4244700074195862,2026-08-24 22:42:35.341124,2026-08-24 22:46:02.926496,0 days 00:03:27.585372,207.585372,32,gaussian_random_projection,sum,none,"[1,3,7,28]",False,32768,0.75,32768,4.0,True,,,1,4,1017.933836,-0.09318196773529053,0.4244700074195862,0.0020137745538201077,0.2829335331916809,0.08005138486623764,1.0008381605148315,-0.10376544296741486,0.3859158158302307,0.0020825264509767294,0.2602221369743347,19740,-0.14036715030670166,0.5101197280779628,0.13591125136622015,COMPLETE,,,,,,,,,,,,,,,
66,0.42455020546913147,2026-08-24 22:21:12.613260,2026-08-24 22:27:22.312017,0 days 00:06:09.698757,369.698757,64,gaussian_random_projection,sum,log1p,"[1,7,28]",False,32768,0.75,65536,4.0,False,53322.0,16.0,1,4,1027.3125440000001,-0.13160359859466553,0.42455020546913147,0.0022490026982674434,0.3159828782081604,0.09984517097473145,1.0,-0.14785349369049072,0.3559015989303589,0.0008911178447306156,0.280083030462265,19740,-0.2274031639099121,0.5292287128097501,0.17438897707857293,COMPLETE,,,,,,,,,,,,,,,
82,0.42489883303642273,2026-08-24 23:27:11.491886,2026-08-24 23:32:30.328439,0 days 00:05:18.836553,318.836553,32,gaussian_random_projection,mean,none,null,False,32768,0.75,65536,8.0,True,53285.0,16.0,1,4,990.020224,-0.2032480239868164,0.42489883303642273,0.0026127411796569517,0.36708781123161316,0.13475345075130463,1.0049530267715454,-0.20177866518497467,0.3339494466781616,-0.0012835541274398565,0.3152856230735779,19740,-0.3816709518432617,0.5615030036193732,0.1334560365277788,COMPLETE,,,,,,,,,,,,,,,
32,0.4249366819858551,2026-08-24 19:55:39.555124,2026-08-24 20:00:27.260487,0 days 00:04:47.705363,287.705363,32,first_k,mean,log1p,"[1,3,7,28]",True,65536,0.25,65536,4.0,False,,,1,4,1027.3125440000001,-0.15108072757720947,0.4249366819858551,0.0027098224883756548,0.3807276487350464,0.14495353400707245,1.0,-0.25070005655288696,0.32467538118362427,0.0,0.32551735639572144,19740,-0.42650938034057617,0.5705412836909538,0.13380616714783763,COMPLETE,,,,,,,,,,,,,,,
36,0.4253230392932892,2026-08-24 20:08:51.939693,2026-08-24 20:12:38.198502,0 days 00:03:46.258809,226.258809,64,pca,sum,log1p,"[1,7,28]",True,32768,0.25,32768,8.0,False,,,1,4,952.059666,-0.2101689577102661,0.4253230392932892,0.002676744458576884,0.3760802149772644,0.14143632352352142,1.0020183324813843,-0.2148919403553009,0.32924774289131165,0.0,0.3223288357257843,19740,-0.4125363826751709,0.5677401128384222,0.14458146489857393,COMPLETE,,,,,,,,,,,,,,,
37,0.42535287141799927,2026-08-24 20:12:38.249176,2026-08-24 20:17:32.015866,0 days 00:04:53.766690,293.76669,32,first_k,mean,none,"[1,7,28]",True,32768,0.75,65536,4.0,True,53324.0,16.0,1,4,905.035236,-0.208321213722229,0.42535287141799927,0.0026732536406035455,0.3755897581577301,0.14106766879558563,1.0058153867721558,-0.21507418155670166,0.3334522247314453,-0.002653502393513918,0.3219856023788452,19740,-0.4110320806503296,0.5674377519859295,0.14889857776551035,COMPLETE,,,,,,,,,,,,,,,
56,0.4254651367664337,2026-08-24 21:34:23.146800,2026-08-24 21:40:28.403810,0 days 00:06:05.257010,365.25701,64,pca,max,log1p,null,True,32768,0.75,65536,8.0,False,53297.0,16.0,1,4,1016.443202,-0.18004858493804932,0.4254651367664337,0.002619718573253294,0.368068128824234,0.13547414541244507,1.0,-0.21728038787841797,0.33083462715148926,0.0,0.3164878487586975,19740,-0.38693952560424805,0.562572527554179,0.15366383042463644,COMPLETE,,,,,,,,,,,,,,,
35,0.4256824553012848,2026-08-24 20:06:19.545895,2026-08-24 20:08:51.890859,0 days 00:02:32.344964,152.344964,64,first_k,max,log1p,"[1,7,28]",False,32768,0.25,16384,4.0,False,,,1,4,1017.933836,-0.10257458686828613,0.4256824553012848,0.00206618179233374,0.2902967035770416,0.08427218347787857,1.003551721572876,-0.11779347062110901,0.37403446435928345,0.0067711747251451015,0.26547348499298096,19740,-0.16338014602661133,0.5152411910872237,0.22070749720539434,COMPLETE,,,,,,,,,,,,,,,
79,0.4257161021232605,2026-08-24 23:16:05.296631,2026-08-24 23:20:14.529193,0 days 00:04:09.232562,249.232562,32,first_k,sum,log1p,"[1,7,28]",False,65536,0.25,32768,4.0,True,,,1,4,1014.952568,-0.13704538345336914,0.4257161021232605,0.002431171554954623,0.3415774405002594,0.11667515337467194,1.0,-0.19605933129787445,0.342113733291626,0.0,0.2979034185409546,19740,-0.3054971694946289,0.5458052936175634,0.11381551734624022,COMPLETE,,,,,,,,,,,,,,,
10,0.4258073568344116,2026-08-24 18:21:06.245994,2026-08-24 18:24:33.869895,0 days 00:03:27.623901,207.623901,64,gaussian_random_projection,mean,none,"[1,7,28]",True,32768,0.25,32768,4.0,False,,,1,4,947.444836,-0.25300133228302,0.4258073568344116,0.0025202759723380055,0.35409653186798096,0.1253843605518341,1.0041468143463135,-0.14410287141799927,0.35632503032684326,0.0006878442945890129,0.306689977645874,19740,-0.344002366065979,0.5537959711354661,0.12615299060475155,COMPLETE,,,,,,,,,,,,,,,
68,0.4261477291584015,2026-08-24 22:31:21.066330,2026-08-24 22:33:53.728600,0 days 00:02:32.662270,152.66227,32,gaussian_random_projection,max,log1p,"[1,3,7,28]",False,32768,0.25,16384,4.0,True,,,1,4,1027.3125440000001,-0.10947465896606445,0.4261477291584015,0.0020982968086064153,0.29480883479118347,0.08691224455833435,1.0063751935958862,-0.12384278327226639,0.37100207805633545,0.0035210726782679558,0.26850977540016174,19740,-0.17668592929840088,0.518179288856822,0.11539703661859105,COMPLETE,,,,,,,,,,,,,,,
45,0.42636391520500183,2026-08-24 20:45:27.480284,2026-08-24 20:51:22.438196,0 days 00:05:54.957912,354.957912,64,first_k,sum,log1p,"[1,3,7,28]",False,32768,0.75,65536,8.0,True,53302.0,16.0,1,4,1014.952568,-0.1256777048110962,0.42636391520500183,0.002141546085451401,0.30088531970977783,0.09053198248147964,1.0,-0.1242717057466507,0.3758223056793213,0.00011279618047410622,0.27231356501579285,19740,-0.19335520267486572,0.5218367225634785,0.11398094853744373,COMPLETE,,,,,,,,,,,,,,,
89,0.4264291822910309,2026-08-24 23:57:15.884970,2026-08-25 00:00:37.982273,0 days 00:03:22.097303,202.097303,32,gaussian_random_projection,max,log1p,null,False,65536,0.25,16384,4.0,False,,,1,4,983.1102,-0.168565034866333,0.4264291822910309,0.002468418754545334,0.34681063890457153,0.12027762830257416,1.0006922483444214,-0.18829955160617828,0.35904669761657715,0.0,0.3021133840084076,19740,-0.323946475982666,0.5496484185444434,0.12483717661890423,COMPLETE,,,,,,,,,,,,,,,
16,0.4266155958175659,2026-08-24 18:47:35.041550,2026-08-24 18:54:20.995387,0 days 00:06:45.953837,405.953837,64,pca,max,log1p,"[1,7,28]",False,32768,0.25,65536,4.0,True,54635.0,16.0,1,4,952.059666,-0.12044644355773926,0.4266155958175659,0.002193301062600993,0.3081568479537964,0.09496063739061356,1.0007026195526123,-0.14587773382663727,0.371760755777359,0.0002123435988323763,0.2769566774368286,19740,-0.21370267868041992,0.5262667360158997,0.11200486935983824,COMPLETE,,,,,,,,,,,,,,,
17,0.4270368218421936,2026-08-24 18:54:21.049199,2026-08-24 18:59:56.362157,0 days 00:05:35.312958,335.312958,32,pca,sum,none,null,True,32768,0.25,65536,4.0,True,54566.0,16.0,1,4,1017.933836,-0.16442298889160156,0.4270368218421936,0.002642150424885821,0.37121978402137756,0.13780412077903748,1.0034735202789307,-0.2333368957042694,0.3347405791282654,-0.002309173345565796,0.32015761733055115,19740,-0.40302133560180664,0.5658247231524539,0.10636841176337218,COMPLETE,,,,,,,,,,,,,,,
55,0.42763611674308777,2026-08-24 21:29:09.122551,2026-08-24 21:34:23.099710,0 days 00:05:13.977159,313.977159,32,gaussian_random_projection,max,log1p,null,True,32768,0.25,65536,8.0,False,54537.0,16.0,1,4,1014.952568,-0.13718903064727783,0.42763611674308777,0.0024019451550252014,0.3374711573123932,0.11388678103685379,1.0,-0.1930200308561325,0.3527018427848816,0.0022684852592647076,0.2967536449432373,19740,-0.30045855045318604,0.5447509935220286,0.14365188777841292,COMPLETE,,,,,,,,,,,,,,,
39,0.42916572093963623,2026-08-24 20:22:16.497992,2026-08-24 20:27:15.065085,0 days 00:04:58.567093,298.567093,32,first_k,mean,log1p,null,False,32768,0.75,65536,8.0,True,53295.0,16.0,1,4,1017.933836,-0.2060699462890625,0.42916572093963623,0.0026048610139092743,0.3659806549549103,0.13394184410572052,1.001036286354065,-0.20713122189044952,0.33878934383392334,0.0,0.31811830401420593,19740,-0.3940845727920532,0.5640197727156433,0.10413825858440473,COMPLETE,,,,,,,,,,,,,,,
74,0.4307945668697357,2026-08-24 22:53:24.500576,2026-08-24 22:59:07.612218,0 days 00:05:43.111642,343.111642,32,pca,mean,log1p,null,False,32768,0.25,65536,8.0,False,54594.0,16.0,1,4,999.031384,-0.13436925411224365,0.4307945668697357,0.0026685927824077523,0.3749349117279053,0.14057619869709015,1.0,-0.2594214975833893,0.3278726041316986,0.0,0.326153039932251,19740,-0.42929506301879883,0.5710981000951159,0.09209466701930097,COMPLETE,,,,,,,,,,,,,,,
5,0.43196025490760803,2026-08-24 17:58:44.729664,2026-08-24 18:04:23.378266,0 days 00:05:38.648602,338.648602,32,pca,mean,log1p,"[1,7,28]",True,32768,0.25,65536,8.0,False,54591.0,16.0,1,4,731.752288,-0.16477417945861816,0.43196025490760803,0.0026824311170837345,0.37687918543815613,0.14203792810440063,1.0,-0.25065669417381287,0.3312748670578003,-0.0055633485317230225,0.32862040400505066,19740,-0.44010770320892334,0.5732542228410102,0.11554700333630286,COMPLETE,,,,,,,,,,,,,,,
76,0.4324859380722046,2026-08-24 23:02:03.992330,2026-08-24 23:08:37.203952,0 days 00:06:33.211622,393.211622,64,pca,mean,none,"[1,7,28]",False,32768,0.75,65536,4.0,False,53343.0,16.0,1,4,999.031384,-0.1624007225036621,0.4324859380722046,0.0021082858467057325,0.2962122857570648,0.08774171769618988,1.004318118095398,-0.09762883186340332,0.3976202607154846,5.281370249576867e-06,0.27478137612342834,19740,-0.2041698694229126,0.5241959329520102,0.15549791276361527,COMPLETE,,,,,,,,,,,,,,,
27,0.43438589572906494,2026-08-24 19:37:16.454323,2026-08-24 19:43:25.819454,0 days 00:06:09.365131,369.365131,64,pca,mean,log1p,"[1,7,28]",True,32768,0.75,65536,8.0,False,53309.0,16.0,1,4,1043.389188,-0.21620607376098633,0.43438589572906494,0.0028030939543758106,0.3938322067260742,0.15510381758213043,1.0005420446395874,-0.2574084401130676,0.3315182328224182,0.0,0.3437870144844055,19740,-0.5065722465515137,0.5863335351865911,0.12208576181157839,COMPLETE,,,,,,,,,,,,,,,
60,0.4348263740539551,2026-08-24 21:55:04.661672,2026-08-24 22:01:52.372465,0 days 00:06:47.710793,407.710793,64,pca,sum,none,"[1,3,7,28]",False,32768,0.75,65536,8.0,False,53278.0,16.0,1,4,1027.3125440000001,-0.16502130031585693,0.4348263740539551,0.0020245443964986226,0.28444668650627136,0.08090991526842117,1.0037020444869995,-0.06427901238203049,0.4141484797000885,-0.0003821707214228809,0.2699798047542572,19740,-0.1831279993057251,0.5195958090229916,0.12215271725731754,COMPLETE,,,,,,,,,,,,,,,
90,0.43489107489585876,2026-08-25 00:00:38.064514,2026-08-25 00:06:44.539205,0 days 00:06:06.474691,366.474691,32,pca,sum,log1p,"[1,3,7,28]",False,32768,0.75,65536,8.0,True,53344.0,16.0,1,4,973.5987279999999,-0.08359575271606445,0.43489107489585876,0.0020173735517269946,0.28343918919563293,0.0803377777338028,1.0,-0.14898507297039032,0.3881147503852844,-0.011019796133041382,0.2694639563560486,19740,-0.18086743354797363,0.5190991777647588,0.08969235467492082,COMPLETE,,,,,,,,,,,,,,,
86,0.4369509816169739,2026-08-24 23:45:39.786543,2026-08-24 23:51:27.053496,0 days 00:05:47.266953,347.266953,32,gaussian_random_projection,mean,log1p,"[1,3,7,28]",False,32768,0.75,65536,4.0,False,53267.0,16.0,1,4,990.020224,-0.12451696395874023,0.4369509816169739,0.002011091903585629,0.2825566232204437,0.07983825355768204,1.0,-0.11897508054971695,0.4035838842391968,2.9916347557445988e-05,0.27076032757759094,19740,-0.18654847145080566,0.5203463534777494,0.15031147145387014,COMPLETE,,,,,,,,,,,,,,,
49,0.4400641918182373,2026-08-24 20:59:54.695582,2026-08-24 21:06:11.081975,0 days 00:06:16.386393,376.386393,64,pca,sum,none,"[1,3,7,28]",True,32768,0.25,65536,4.0,False,54591.0,16.0,1,4,905.035236,-0.2153151035308838,0.4400641918182373,0.0028031062571917827,0.3938339352607727,0.15510515868663788,1.0049548149108887,-0.26726245880126953,0.34385964274406433,-0.0028155669569969177,0.34875378012657166,19740,-0.528337836265564,0.5905537910525778,0.08236827270403527,COMPLETE,,,,,,,,,,,,,,,
