task,system,seed,auroc,accuracy
ordered,rdblearn,0,0.43448888888888887,0.44666666666666666
ordered,rdblearn,1,0.42902222222222225,0.49
ordered,rdblearn,2,0.5316,0.53
ordered,tabicl,0,1.0,1.0
ordered,tabicl,1,0.9789333333333334,0.89
ordered,tabicl,2,1.0,0.97
ordered,tabpfn,0,0.9964444444444445,0.92
ordered,tabpfn,1,0.9990222222222223,0.9533333333333334
ordered,tabpfn,2,1.0,0.9866666666666667
signed,rdblearn,0,0.43448888888888887,0.44666666666666666
signed,rdblearn,1,0.42902222222222225,0.49
signed,rdblearn,2,0.5316,0.53
signed,tabicl,0,1.0,1.0
signed,tabicl,1,0.9773777777777778,0.88
signed,tabicl,2,1.0,0.99
signed,tabpfn,0,0.9845333333333334,0.92
signed,tabpfn,1,0.9992,0.9933333333333333
signed,tabpfn,2,1.0,0.97
