number,value,datetime_start,datetime_complete,duration,duration_s,params_fusion.early.reduction_dim,params_fusion.early.reduction_method,params_fusion.key_pooling,params_method.target_transform,params_rewrite.count_feature_window_days,params_rewrite.count_features_after_simplify,params_sampling.context_tables_sample_size,params_sampling.train.anchor_budget_fraction,params_sampling.train.sample_size,params_tabicl.outlier_threshold,params_vectorizer.relative_time,user_attrs_effective_context_sample_size,user_attrs_effective_context_sample_size_raised,user_attrs_effective_context_tables_used,user_attrs_effective_restrict_to_test_keys_batches,user_attrs_effective_restrict_to_test_keys_inert,user_attrs_trial_timeout_s,user_attrs_val_explained_variance,user_attrs_val_mae,user_attrs_val_mae_sem,user_attrs_val_mae_std,user_attrs_val_mae_var,user_attrs_val_max_error,user_attrs_val_mean_residual,user_attrs_val_median_ae,user_attrs_val_median_residual,user_attrs_val_mse,user_attrs_val_n,user_attrs_val_r2,user_attrs_val_rmse,user_attrs_val_spearman,state,test_value,test_mae,test_mae_var,test_mae_std,test_mae_sem,test_mse,test_rmse,test_median_ae,test_max_error,test_r2,test_explained_variance,test_mean_residual,test_median_residual,test_spearman,test_n
55,35.25246047973633,2026-08-25 00:46:33.629842,2026-08-25 00:55:12.617270,0 days 00:08:38.987428,518.987428,32,gaussian_random_projection,max,log1p,null,True,32768,0.25,65536,8.0,False,46931.0,31.0,11,1,1,1898.271712,0.2711499333381653,35.25246047973633,5.557145473113282,333.2434387207031,111051.1953125,17244.771484375,-27.744022369384766,1.7572077512741089,0.0,112263.0390625,3596,0.2661179304122925,335.05676990996614,0.7819020242606446,COMPLETE,32.0023307800293,32.0023307800293,28261.04296875,168.11021423339844,3.020323035066294,29276.07421875,171.10252545988325,2.20160174369812,5977.98193359375,0.530404806137085,0.5352871417999268,-17.446426391601562,0.0,0.8005617243016955,3098.0
17,35.73240661621094,2026-08-24 19:50:31.937341,2026-08-24 20:00:11.440392,0 days 00:09:39.503051,579.503051,32,pca,sum,none,null,True,32768,0.25,65536,4.0,True,46931.0,31.0,11,1,1,1899.6037,0.26536399126052856,35.73240661621094,5.566564871792227,333.80828857421875,111427.96875,17238.76953125,-17.187089920043945,1.8578169345855713,0.16500914096832275,112673.78125,3596,0.2634328603744507,335.6691544512245,0.7680539509991021,COMPLETE,,,,,,,,,,,,,,,
39,35.73662185668945,2026-08-24 22:40:01.944512,2026-08-24 22:47:51.521621,0 days 00:07:49.577109,469.577109,32,first_k,mean,log1p,null,False,32768,0.75,65536,8.0,True,46931.0,31.0,11,1,1,1899.6037,0.27208322286605835,35.73662185668945,5.55220651022068,332.947265625,110853.875,17244.298828125,-27.37940216064453,1.7713536024093628,0.0,112100.1328125,3596,0.2671828866004944,334.81357919370595,0.7849361078403216,COMPLETE,,,,,,,,,,,,,,,
70,35.794742584228516,2026-08-25 02:51:39.755518,2026-08-25 02:58:08.213124,0 days 00:06:28.457606,388.457606,32,first_k,sum,log1p,"[1,3,7,28]",True,32768,0.25,32768,8.0,False,36364.0,16.0,11,1,1,1902.689474,0.2693217992782593,35.794742584228516,5.565998455955086,333.7743225097656,111405.3046875,17244.9609375,-29.709522247314453,1.7569515705108643,0.0,112655.5703125,3596,0.26355189085006714,335.64202703550103,0.7738628977771729,COMPLETE,,,,,,,,,,,,,,,
6,35.796531677246094,2026-08-24 18:16:30.263313,2026-08-24 18:24:25.164238,0 days 00:07:54.900925,474.900925,32,first_k,sum,log1p,null,False,65536,0.25,65536,4.0,True,,,11,1,1,1645.3839600000001,0.2735965847969055,35.796531677246094,5.547525564245807,332.66656494140625,110667.046875,17244.958984375,-28.260238647460938,1.7160453796386719,0.0,111917.65625,3596,0.2683757543563843,334.540963485789,0.7870316233611185,COMPLETE,,,,,,,,,,,,,,,
86,35.89553451538086,2026-08-25 04:56:13.137522,2026-08-25 05:05:09.492202,0 days 00:08:56.354680,536.35468,32,gaussian_random_projection,mean,log1p,"[1,3,7,28]",False,32768,0.75,65536,4.0,False,46931.0,31.0,11,1,1,1889.179436,0.25837403535842896,35.89553451538086,5.606327976032366,336.1927490234375,113025.5546875,17244.041015625,-28.895917892456055,1.8078551292419434,0.0,114282.625,3596,0.25291556119918823,338.05713274533935,0.7905075601273638,COMPLETE,,,,,,,,,,,,,,,
79,35.90294647216797,2026-08-25 04:03:08.081296,2026-08-25 04:10:55.464029,0 days 00:07:47.382733,467.382733,32,first_k,sum,log1p,"[1,7,28]",False,65536,0.25,32768,4.0,True,,,11,1,1,1899.6037,0.2533104419708252,35.90294647216797,5.627144903092838,337.4410705566406,113866.4765625,17244.947265625,-30.02663803100586,1.758141040802002,0.0,115123.8515625,3596,0.24741631746292114,339.29905918304576,0.7874549717737553,COMPLETE,,,,,,,,,,,,,,,
53,35.982940673828125,2026-08-25 00:29:12.695949,2026-08-25 00:38:37.766177,0 days 00:09:25.070228,565.070228,64,gaussian_random_projection,mean,log1p,null,False,65536,0.75,65536,8.0,False,,,11,1,1,1880.08716,0.2615266442298889,35.982940673828125,5.593168604319136,335.40362548828125,112495.5859375,17244.283203125,-28.17276382446289,1.7074830532073975,0.0,113759.078125,3596,0.25633811950683594,337.28189712019827,0.7888080148207582,COMPLETE,,,,,,,,,,,,,,,
52,35.984195709228516,2026-08-25 00:22:39.040936,2026-08-25 00:29:12.653411,0 days 00:06:33.612475,393.612475,32,gaussian_random_projection,max,log1p,null,False,65536,0.75,16384,8.0,False,,,11,1,1,1889.179436,0.24693536758422852,35.984195709228516,5.650998490800414,338.8714904785156,114833.8828125,17244.9921875,-29.989418029785156,1.8567463159561157,0.0,116096.8203125,3596,0.2410559058189392,340.7298347848336,0.7679076464608683,COMPLETE,,,,,,,,,,,,,,,
22,36.007022857666016,2026-08-24 20:35:34.875078,2026-08-24 20:42:10.449995,0 days 00:06:35.574917,395.574917,64,pca,mean,log1p,null,True,32768,0.75,16384,8.0,True,,,11,1,1,1940.689136,0.24514377117156982,36.007022857666016,5.658301845408527,339.3094482421875,115130.90625,17244.943359375,-30.39615249633789,1.7783615589141846,0.0,116395.390625,3596,0.23910409212112427,341.1676869590671,0.7769289440074256,COMPLETE,,,,,,,,,,,,,,,
32,36.13813400268555,2026-08-24 21:46:37.992096,2026-08-24 21:54:37.446772,0 days 00:07:59.454676,479.454676,32,first_k,mean,log1p,"[1,3,7,28]",True,65536,0.25,65536,4.0,False,,,11,1,1,1902.419246,0.26641833782196045,36.13813400268555,5.5751023309871055,334.32025146484375,111770.0234375,17244.638671875,-28.7720890045166,1.7581201791763306,0.0,113044.9140625,3596,0.2610067129135132,336.22152528132403,0.7817306635560658,COMPLETE,,,,,,,,,,,,,,,
29,36.21506881713867,2026-08-24 21:28:07.151123,2026-08-24 21:34:37.904550,0 days 00:06:30.753427,390.753427,32,gaussian_random_projection,max,log1p,"[1,3,7,28]",True,65536,0.75,16384,8.0,True,,,11,1,1,1907.005716,0.23909884691238403,36.21506881713867,5.680455676695568,340.637939453125,116034.2109375,17244.671875,-30.286489486694336,1.8505053520202637,0.0,117313.453125,3596,0.23310256004333496,342.5105153495291,0.7746427684385655,COMPLETE,,,,,,,,,,,,,,,
5,36.28984832763672,2026-08-24 18:06:43.919125,2026-08-24 18:16:30.214171,0 days 00:09:46.295046,586.295046,32,pca,mean,log1p,"[1,7,28]",True,32768,0.25,65536,8.0,False,46931.0,31.0,11,1,1,1623.030972,0.26410114765167236,36.28984832763672,5.5871644946636065,335.0435791015625,112254.203125,17244.962890625,-31.119176864624023,1.744893193244934,-0.09010809659957886,113539.9453125,3596,0.2577705979347229,336.95688939759043,0.7796229373670202,COMPLETE,,,,,,,,,,,,,,,
82,36.37135314941406,2026-08-25 04:23:13.456325,2026-08-25 04:31:58.511205,0 days 00:08:45.054880,525.05488,32,gaussian_random_projection,mean,none,null,False,32768,0.75,65536,8.0,True,46931.0,31.0,11,1,1,1889.179436,0.2887824773788452,36.37135314941406,5.473395319037064,328.2212219238281,107729.1796875,17119.041015625,-15.035335540771484,1.9492442607879639,0.16630256175994873,109022.0625,3596,0.28730475902557373,330.18489138662903,0.7626588864432357,COMPLETE,,,,,,,,,,,,,,,
49,36.41508102416992,2026-08-24 23:53:39.722779,2026-08-25 00:04:05.539942,0 days 00:10:25.817163,625.817163,64,pca,sum,none,"[1,3,7,28]",True,32768,0.25,65536,4.0,False,46931.0,31.0,11,1,1,1880.08716,0.27085763216018677,36.41508102416992,5.545943874738315,332.57171630859375,110603.9375,17233.904296875,-19.006425857543945,2.0678789615631104,0.5065168142318726,111899.21875,3596,0.2684962749481201,334.5134059346501,0.7629697652001423,COMPLETE,,,,,,,,,,,,,,,
28,36.433807373046875,2026-08-24 21:22:23.449865,2026-08-24 21:28:07.106421,0 days 00:05:43.656556,343.656556,64,first_k,max,none,null,True,65536,0.25,16384,8.0,False,,,11,1,1,1915.537072,0.27356672286987305,36.433807373046875,5.545379494537604,332.5378723144531,110581.4453125,17234.0546875,-27.468225479125977,1.8189244270324707,-0.4846336841583252,111878.09375,3596,0.2686343789100647,334.4818287291553,0.7521885778990656,COMPLETE,,,,,,,,,,,,,,,
23,36.48216247558594,2026-08-24 20:42:10.494160,2026-08-24 20:50:11.511267,0 days 00:08:01.017107,481.017107,32,first_k,sum,log1p,"[1,7,28]",True,65536,0.75,65536,8.0,True,,,11,1,1,1907.005716,0.26289182901382446,36.48216247558594,5.592008800462131,335.3340759277344,112448.9375,17244.80078125,-31.497127532958984,1.7277089357376099,0.0,113748.59375,3596,0.25640660524368286,337.2663543106546,0.7846374242680089,COMPLETE,,,,,,,,,,,,,,,
33,36.49733352661133,2026-08-24 21:54:37.489650,2026-08-24 22:02:05.450976,0 days 00:07:27.961326,447.961326,32,pca,max,log1p,"[1,7,28]",True,65536,0.75,16384,4.0,True,,,11,1,1,1905.234792,0.2340538501739502,36.49733352661133,5.699706181521787,341.7923278808594,116822.0,17244.986328125,-30.881439208984375,1.7893595695495605,0.0,118121.578125,3596,0.22781968116760254,343.68819899001477,0.7792058314478834,COMPLETE,,,,,,,,,,,,,,,
90,36.56733322143555,2026-08-25 05:24:28.780448,2026-08-25 05:34:24.355963,0 days 00:09:55.575515,595.575515,32,pca,sum,log1p,"[1,3,7,28]",False,32768,0.75,65536,8.0,True,46931.0,31.0,11,1,1,1889.179436,0.2499125599861145,36.56733322143555,5.6405078384492455,338.2424011230469,114407.921875,17244.94140625,-31.164905548095703,1.8125998973846436,-0.117806077003479,115713.2265625,3596,0.2435634732246399,340.16646889795004,0.7848841253401909,COMPLETE,,,,,,,,,,,,,,,
63,36.59846878051758,2026-08-25 01:59:01.484554,2026-08-25 02:07:11.387887,0 days 00:08:09.903333,489.903333,64,first_k,sum,none,"[1,7,28]",True,65536,0.75,65536,4.0,True,,,11,1,1,1902.267796,0.2635185718536377,36.59846878051758,5.576814810135339,334.4229431152344,111838.7109375,17240.474609375,-22.054466247558594,2.1545491218566895,0.42434534430503845,113147.0546875,3596,0.2603389620780945,336.37338581924104,0.763147177433145,COMPLETE,,,,,,,,,,,,,,,
42,36.65114974975586,2026-08-24 23:04:36.095307,2026-08-24 23:11:09.208882,0 days 00:06:33.113575,393.113575,32,gaussian_random_projection,mean,none,null,True,32768,0.75,32768,4.0,True,36364.0,16.0,11,1,1,1898.937706,0.2811727523803711,36.65114974975586,5.505295268650352,330.1341552734375,108988.5625,17238.484375,-18.479480743408203,1.8580520153045654,-0.18883872032165527,110301.5234375,3596,0.27894067764282227,332.1167316434088,0.7620670998658665,COMPLETE,,,,,,,,,,,,,,,
73,36.65599822998047,2026-08-25 03:13:21.915859,2026-08-25 03:19:04.455198,0 days 00:05:42.539339,342.539339,32,first_k,mean,none,"[1,7,28]",False,65536,0.75,16384,8.0,False,,,11,1,1,1899.6037,0.29189878702163696,36.65599822998047,5.47104924804944,328.0805358886719,107636.8359375,17217.2734375,-25.125125885009766,1.9770169258117676,-0.4964277744293213,108950.5859375,3596,0.287771999835968,330.07663646114065,0.7484551451145613,COMPLETE,,,,,,,,,,,,,,,
34,36.66968536376953,2026-08-24 22:02:05.490205,2026-08-24 22:07:40.261972,0 days 00:05:34.771767,334.771767,64,gaussian_random_projection,sum,none,"[1,7,28]",True,32768,0.25,16384,8.0,True,,,11,1,1,1902.419246,0.2629299759864807,36.66968536376953,5.583162942347839,334.8036193847656,112093.46875,17244.171875,-25.617565155029297,1.7827706336975098,-0.25719594955444336,113406.96875,3596,0.2586398720741272,336.75951174391497,0.7637988313037989,COMPLETE,,,,,,,,,,,,,,,
68,36.67709732055664,2026-08-25 02:37:56.351084,2026-08-25 02:43:22.549469,0 days 00:05:26.198385,326.198385,32,gaussian_random_projection,max,log1p,"[1,3,7,28]",False,32768,0.25,16384,4.0,True,,,11,1,1,1902.689474,0.23614001274108887,36.67709732055664,5.691583992158992,341.3052673339844,116489.2890625,17245.0,-30.875553131103516,1.7915103435516357,0.0,117802.09375,3596,0.22990822792053223,343.2230961779816,0.7799934805813337,COMPLETE,,,,,,,,,,,,,,,
20,36.67985534667969,2026-08-24 20:16:12.977601,2026-08-24 20:26:11.975982,0 days 00:09:58.998381,598.998381,32,pca,mean,none,null,True,65536,0.25,32768,4.0,True,,,11,1,1,1903.304708,0.2555609345436096,36.67985534667969,5.607761572989446,336.2787170410156,113083.375,17241.85546875,-22.78969383239746,1.7347912788391113,0.2134263515472412,114397.3515625,3596,0.25216561555862427,338.2267753482861,0.7599870171618855,COMPLETE,,,,,,,,,,,,,,,
0,36.694313049316406,2026-08-24 17:34:53.809486,2026-08-24 17:41:50.743723,0 days 00:06:56.934237,416.934237,64,pca,max,log1p,"[1,7,28]",False,32768,0.75,16384,8.0,False,,,11,1,1,170999.7809087939,0.2388397455215454,36.694313049316406,5.680774253797142,340.65704345703125,116047.21875,17244.998046875,-30.42323875427246,1.7585803270339966,0.0,117361.390625,3596,0.23278915882110596,342.5804878054207,0.7737362603192254,COMPLETE,,,,,,,,,,,,,,,
81,36.71778869628906,2026-08-25 04:17:33.044922,2026-08-25 04:23:13.403960,0 days 00:05:40.359038,340.359038,32,first_k,sum,log1p,"[1,3,7,28]",False,65536,0.75,16384,4.0,False,,,11,1,1,1898.271712,0.23324626684188843,36.71778869628906,5.70213418687579,341.93792724609375,116921.5390625,17244.982421875,-30.753385543823242,1.7835650444030762,0.0,118237.2265625,3596,0.22706371545791626,343.8564039864606,0.7837387981031526,COMPLETE,,,,,,,,,,,,,,,
64,36.737728118896484,2026-08-25 02:07:11.444257,2026-08-25 02:14:51.859820,0 days 00:07:40.415563,460.415563,64,first_k,sum,none,"[1,7,28]",True,65536,0.25,32768,8.0,True,,,11,1,1,1902.689474,0.27173513174057007,36.737728118896484,5.550282324883542,332.8318786621094,110777.0546875,17240.298828125,-26.30851936340332,1.7804853916168213,0.1055302619934082,112095.9140625,3596,0.2672104835510254,334.8072789867329,0.7540254046440609,COMPLETE,,,,,,,,,,,,,,,
31,36.74935531616211,2026-08-24 21:41:17.102025,2026-08-24 21:46:37.948920,0 days 00:05:20.846895,320.846895,32,gaussian_random_projection,mean,none,"[1,3,7,28]",True,32768,0.25,16384,4.0,True,,,11,1,1,1905.234792,0.25900596380233765,36.74935531616211,5.599627169808061,335.7909240722656,112755.5390625,17240.62109375,-26.902456283569336,1.8732044696807861,-0.11204934120178223,114074.7265625,3596,0.2542746663093567,337.7495026828315,0.7547244586272028,COMPLETE,,,,,,,,,,,,,,,
45,36.76865768432617,2026-08-24 23:26:27.176757,2026-08-24 23:34:37.832570,0 days 00:08:10.655813,490.655813,64,first_k,sum,log1p,"[1,3,7,28]",False,32768,0.75,65536,8.0,True,46931.0,31.0,11,1,1,1898.271712,0.2486133575439453,36.76865768432617,5.644899724050807,338.5057678222656,114586.1484375,17244.99609375,-31.072528839111328,1.8135606050491333,0.0,115906.2421875,3596,0.24230170249938965,340.4500582868213,0.780303461286261,COMPLETE,,,,,,,,,,,,,,,
66,36.77585220336914,2026-08-25 02:20:24.682676,2026-08-25 02:29:31.983462,0 days 00:09:07.300786,547.300786,64,gaussian_random_projection,sum,log1p,"[1,7,28]",False,32768,0.75,65536,4.0,False,46931.0,31.0,11,1,1,1900.9357479999999,0.24823033809661865,36.77585220336914,5.645046798783003,338.51458740234375,114592.1171875,17244.994140625,-30.222806930541992,1.7681453227996826,0.0,115912.703125,3596,0.2422594428062439,340.4595469729113,0.782300547471454,COMPLETE,,,,,,,,,,,,,,,
76,36.84675598144531,2026-08-25 03:35:16.526837,2026-08-25 03:45:48.133141,0 days 00:10:31.606304,631.606304,64,pca,mean,none,"[1,7,28]",False,32768,0.75,65536,4.0,False,46931.0,31.0,11,1,1,1898.937706,0.2551511526107788,36.84675598144531,5.610403320168786,336.4371337890625,113189.9453125,17234.732421875,-23.989410400390625,1.8957825899124146,0.18503201007843018,114516.1484375,3596,0.2513889670372009,338.402346973983,0.7690965302511474,COMPLETE,,,,,,,,,,,,,,,
15,36.89158248901367,2026-08-24 19:33:28.955751,2026-08-24 19:40:00.243607,0 days 00:06:31.287856,391.287856,32,first_k,sum,log1p,"[1,3,7,28]",True,32768,0.75,32768,8.0,False,36364.0,16.0,11,1,1,1899.6037,0.2374088168144226,36.89158248901367,5.688786009883513,341.1374816894531,116374.7890625,17244.5546875,-32.3831901550293,1.75382399559021,0.0,117703.375,3596,0.23055356740951538,343.07925469197346,0.7749028153889552,COMPLETE,,,,,,,,,,,,,,,
60,36.914459228515625,2026-08-25 01:34:22.829854,2026-08-25 01:45:01.410587,0 days 00:10:38.580733,638.580733,64,pca,sum,none,"[1,3,7,28]",False,32768,0.75,65536,8.0,False,46931.0,31.0,11,1,1,1900.9357479999999,0.26356106996536255,36.914459228515625,5.576038723745723,334.37640380859375,111807.5703125,17237.380859375,-22.022411346435547,2.028186321258545,0.3357628583908081,113139.1328125,3596,0.2603907585144043,336.3616101942967,0.7698504637262361,COMPLETE,,,,,,,,,,,,,,,
67,36.94049835205078,2026-08-25 02:29:32.040610,2026-08-25 02:37:56.306195,0 days 00:08:24.265585,504.265585,64,pca,mean,log1p,"[1,7,28]",False,65536,0.75,16384,8.0,False,,,11,1,1,1902.267796,0.22564905881881714,36.94049835205078,5.729974059625897,343.6073913574219,118066.0390625,17244.978515625,-30.727949142456055,1.8384130001068115,0.0,119397.8046875,3596,0.2194768190383911,345.5398742366791,0.7741189483962545,COMPLETE,,,,,,,,,,,,,,,
74,36.944305419921875,2026-08-25 03:19:04.503184,2026-08-25 03:28:45.639765,0 days 00:09:41.136581,581.136581,32,pca,mean,log1p,null,False,32768,0.25,65536,8.0,False,46931.0,31.0,11,1,1,1898.937706,0.24672216176986694,36.944305419921875,5.652818858679532,338.98065185546875,114907.890625,17244.876953125,-31.79253387451172,1.8412450551986694,-0.49435192346572876,116240.78125,3596,0.2401147484779358,340.9410231257013,0.7812847853934282,COMPLETE,,,,,,,,,,,,,,,
30,36.948699951171875,2026-08-24 21:34:37.948855,2026-08-24 21:41:17.052982,0 days 00:06:39.104127,399.104127,32,gaussian_random_projection,sum,none,"[1,7,28]",False,65536,0.75,16384,4.0,True,,,11,1,1,1906.120254,0.26758724451065063,36.948699951171875,5.566431537605946,333.80029296875,111422.6328125,17240.17578125,-26.80607795715332,1.7650294303894043,-0.3422248363494873,112756.84375,3596,0.2628898620605469,335.79285839636316,0.7544590491710285,COMPLETE,,,,,,,,,,,,,,,
87,36.97120666503906,2026-08-25 05:05:09.539200,2026-08-25 05:13:23.578302,0 days 00:08:14.039102,494.039102,32,pca,max,log1p,"[1,7,28]",False,32768,0.25,32768,8.0,False,36364.0,16.0,11,1,1,1898.271712,0.24528878927230835,36.97120666503906,5.657422959379106,339.2567443847656,115095.140625,17244.85546875,-31.315723419189453,1.8697692155838013,-0.5262330174446106,116429.9765625,3596,0.23887795209884644,341.21837078694927,0.781795389362171,COMPLETE,,,,,,,,,,,,,,,
85,36.982322692871094,2026-08-25 04:50:40.045749,2026-08-25 04:56:13.088645,0 days 00:05:33.042896,333.042896,32,first_k,mean,none,null,False,65536,0.25,16384,8.0,False,,,11,1,1,1898.271712,0.257879376411438,36.982322692871094,5.604470966697477,336.0813903808594,112950.7109375,17241.787109375,-27.63535499572754,1.8737125396728516,-0.49886274337768555,114286.984375,3596,0.2528870701789856,338.0635803735741,0.753726786877281,COMPLETE,,,,,,,,,,,,,,,
92,37.00275421142578,2026-08-25 05:45:18.869341,2026-08-25 05:51:08.113488,0 days 00:05:49.244147,349.244147,64,first_k,max,none,null,False,65536,0.25,16384,4.0,False,,,11,1,1,1898.937706,0.27052223682403564,37.00275421142578,5.552789720058385,332.98223876953125,110877.1640625,17239.345703125,-25.023910522460938,1.7836956977844238,-0.2548356056213379,112215.53125,3596,0.26642853021621704,334.9858672392016,0.7517914482171894,COMPLETE,,,,,,,,,,,,,,,
89,37.03944396972656,2026-08-25 05:17:59.814837,2026-08-25 05:24:28.731120,0 days 00:06:28.916283,388.916283,32,gaussian_random_projection,max,log1p,null,False,65536,0.25,16384,4.0,False,,,11,1,1,1898.271712,0.22449833154678345,37.03944396972656,5.735274856894247,343.9252624511719,118284.59375,17245.0,-31.526700973510742,1.8090784549713135,0.0,119623.6015625,3596,0.21800071001052856,345.86645047257764,0.7746369920030756,COMPLETE,,,,,,,,,,,,,,,
71,37.18204116821289,2026-08-25 02:58:08.256754,2026-08-25 03:05:41.023521,0 days 00:07:32.766767,452.766767,32,gaussian_random_projection,sum,none,"[1,3,7,28]",False,32768,0.75,32768,4.0,True,36364.0,16.0,11,1,1,1902.267796,0.2657237648963928,37.18204116821289,5.572119105796334,334.141357421875,111650.453125,17238.61328125,-26.049619674682617,1.9439401626586914,0.049962520599365234,113001.90625,3596,0.2612878680229187,336.15756164334607,0.7632190685585771,COMPLETE,,,,,,,,,,,,,,,
57,37.21677017211914,2026-08-25 01:05:37.836203,2026-08-25 01:12:19.842257,0 days 00:06:42.006054,402.006054,32,first_k,mean,none,"[1,3,7,28]",False,32768,0.75,32768,4.0,True,36364.0,16.0,11,1,1,1899.6037,0.26518547534942627,37.21677017211914,5.575316072812442,334.33306884765625,111778.59375,17240.58984375,-26.96179962158203,2.0524137020111084,0.0729067325592041,113132.5859375,3596,0.260433554649353,336.3518781536681,0.7571261961957204,COMPLETE,,,,,,,,,,,,,,,
99,37.2183723449707,2026-08-25 06:39:13.781608,2026-08-25 06:45:44.322482,0 days 00:06:30.540874,390.540874,64,pca,mean,none,null,True,32768,0.25,16384,4.0,False,,,11,1,1,1899.6037,0.25617659091949463,37.2183723449707,5.606727469682103,336.2167053222656,113041.6796875,17241.59375,-24.732067108154297,1.795576572418213,0.21630859375,114395.4453125,3596,0.2521780729293823,338.2239573307899,0.7397476086072549,COMPLETE,,,,,,,,,,,,,,,
61,37.252655029296875,2026-08-25 01:45:01.453110,2026-08-25 01:49:41.332331,0 days 00:04:39.879221,279.879221,32,first_k,max,none,null,True,32768,0.25,16384,8.0,True,,,11,1,1,1902.267796,0.2845744490623474,37.252655029296875,5.500263684300105,329.8324279785156,108789.421875,17239.501953125,-26.593969345092773,1.9085044860839844,-0.5939576625823975,110146.9296875,3596,0.279951274394989,331.88390995572536,0.749173240380274,COMPLETE,,,,,,,,,,,,,,,
77,37.34025573730469,2026-08-25 03:45:48.174457,2026-08-25 03:52:21.751630,0 days 00:06:33.577173,393.577173,64,pca,sum,none,null,False,32768,0.25,16384,4.0,False,,,11,1,1,1899.6037,0.24860519170761108,37.34025573730469,5.635462004643975,337.9398193359375,114203.3125,17241.9453125,-24.976675033569336,1.834463357925415,0.22189044952392578,115565.828125,3596,0.24452704191207886,339.94974352836334,0.7514666641060143,COMPLETE,,,,,,,,,,,,,,,
40,37.37059783935547,2026-08-24 22:47:51.564555,2026-08-24 22:57:50.584988,0 days 00:09:59.020433,599.020433,32,pca,max,none,null,True,65536,0.75,32768,8.0,True,,,11,1,1,1898.937706,0.2560957074165344,37.37059783935547,5.606294388031242,336.19073486328125,113024.21875,17234.25,-24.356407165527344,1.7575576305389404,0.040975332260131836,114389.3671875,3596,0.25221776962280273,338.21497185591886,0.7551352859243117,COMPLETE,,,,,,,,,,,,,,,
37,37.42477798461914,2026-08-24 22:21:22.701455,2026-08-24 22:29:12.723245,0 days 00:07:50.021790,470.02179,32,first_k,mean,none,"[1,7,28]",True,32768,0.75,65536,4.0,True,46931.0,31.0,11,1,1,1899.6037,0.27308493852615356,37.42477798461914,5.531337674431199,331.6958312988281,110022.1171875,17228.376953125,-13.958602905273438,2.1521430015563965,0.27428948879241943,111392.109375,3596,0.2718113660812378,333.7545645755276,0.7602833265737933,COMPLETE,,,,,,,,,,,,,,,
35,37.47618865966797,2026-08-24 22:07:40.300833,2026-08-24 22:12:47.401901,0 days 00:05:07.101068,307.101068,64,first_k,max,log1p,"[1,7,28]",False,32768,0.25,16384,4.0,False,,,11,1,1,1899.6037,0.21620869636535645,37.47618865966797,5.7671671728709155,345.8377380371094,119603.734375,17244.9921875,-32.82106399536133,1.7789232730865479,0.0,120974.9296875,3596,0.20916682481765747,347.81450471120377,0.7687871727633263,COMPLETE,,,,,,,,,,,,,,,
54,37.48262023925781,2026-08-25 00:38:37.809761,2026-08-25 00:46:33.587549,0 days 00:07:55.777788,475.777788,64,first_k,mean,log1p,"[1,7,28]",True,32768,0.25,65536,8.0,True,46931.0,31.0,11,1,1,1889.179436,0.24770033359527588,37.48262023925781,5.647434091408371,338.6577453613281,114689.0625,17244.708984375,-31.33193588256836,1.7975077629089355,0.0,116062.0859375,3596,0.24128293991088867,340.67886042063134,0.7773574562189435,COMPLETE,,,,,,,,,,,,,,,
44,37.49659729003906,2026-08-24 23:19:04.864043,2026-08-24 23:26:27.128026,0 days 00:07:22.263983,442.263983,64,gaussian_random_projection,mean,log1p,"[1,3,7,28]",True,32768,0.75,32768,4.0,False,36364.0,16.0,11,1,1,1898.937706,0.22229081392288208,37.49659729003906,5.744175168283089,344.458984375,118652.0,17244.96484375,-32.521278381347656,1.8727226257324219,0.0,120024.953125,3596,0.21537703275680542,346.4461763752055,0.7707990063555488,COMPLETE,,,,,,,,,,,,,,,
50,37.55292510986328,2026-08-25 00:04:05.591595,2026-08-25 00:11:33.777777,0 days 00:07:28.186182,448.186182,32,pca,mean,log1p,null,False,32768,0.25,32768,8.0,True,36364.0,16.0,11,1,1,1889.179436,0.2294778823852539,37.55292510986328,5.7186681348838,342.9294128417969,117600.5859375,17244.943359375,-33.31980514526367,1.8139088153839111,-0.17944782972335815,118978.1171875,3596,0.22222036123275757,344.9320472027788,0.7769765864391114,COMPLETE,,,,,,,,,,,,,,,
24,37.563289642333984,2026-08-24 20:50:11.557575,2026-08-24 20:55:14.047512,0 days 00:05:02.489937,302.489937,64,first_k,mean,none,"[1,3,7,28]",False,32768,0.25,16384,4.0,True,,,11,1,1,1915.537072,0.26880234479904175,37.563289642333984,5.5645928489989425,333.6900329589844,111349.03125,17241.5546875,-29.6083927154541,1.7082934379577637,-0.25499391555786133,112729.0390625,3596,0.26307159662246704,335.7514542969248,0.7444025379470218,COMPLETE,,,,,,,,,,,,,,,
19,37.573570251464844,2026-08-24 20:11:07.452647,2026-08-24 20:16:12.930072,0 days 00:05:05.477425,305.477425,64,first_k,sum,log1p,"[1,3,7,28]",False,32768,0.25,16384,8.0,True,,,11,1,1,1907.005716,0.21841329336166382,37.573570251464844,5.757370672542983,345.2502746582031,119197.7421875,17244.986328125,-31.873167037963867,1.8108757734298706,0.0,120576.390625,3596,0.2117721438407898,347.2411130972253,0.7751901930545824,COMPLETE,,,,,,,,,,,,,,,
48,37.579280853271484,2026-08-24 23:46:54.565597,2026-08-24 23:53:39.668311,0 days 00:06:45.102714,405.102714,64,pca,max,none,"[1,3,7,28]",False,32768,0.25,16384,4.0,False,,,11,1,1,1889.179436,0.26367807388305664,37.579280853271484,5.583317141807546,334.8128662109375,112099.6484375,17242.00390625,-29.05921745300293,1.8587567806243896,0.13623785972595215,113480.6953125,3596,0.2581579089164734,336.86895866568057,0.7502297172447601,COMPLETE,,,,,,,,,,,,,,,
56,37.59518814086914,2026-08-25 00:55:12.665060,2026-08-25 01:05:37.792156,0 days 00:10:25.127096,625.127096,64,pca,max,log1p,null,True,32768,0.75,65536,8.0,False,46931.0,31.0,11,1,1,1898.937706,0.23240768909454346,37.59518814086914,5.7059601655493175,342.1673583984375,117078.5,17244.98828125,-32.24287033081055,1.6363886594772339,0.0,118459.34375,3596,0.2256116271018982,344.17923201436776,0.778231762981363,COMPLETE,,,,,,,,,,,,,,,
1,37.59833908081055,2026-08-24 17:41:50.800237,2026-08-24 17:47:22.585004,0 days 00:05:31.784767,331.784767,64,gaussian_random_projection,mean,none,null,True,32768,0.75,16384,8.0,True,,,11,1,1,170582.8796237188,0.2505974769592285,37.59833908081055,5.628473155864573,337.5207214355469,113920.234375,17246.49609375,-25.787097930908203,1.7961251735687256,-0.3975248336791992,115302.1953125,3596,0.2462504506111145,339.56176950961367,0.7502010933862847,COMPLETE,,,,,,,,,,,,,,,
75,37.689208984375,2026-08-25 03:28:45.684173,2026-08-25 03:35:16.477317,0 days 00:06:30.793144,390.793144,32,first_k,max,log1p,"[1,3,7,28]",True,32768,0.75,32768,4.0,True,36364.0,16.0,11,1,1,1899.6037,0.22547584772109985,37.689208984375,5.7320544800591735,343.7321472167969,118151.78125,17244.85546875,-32.5465202331543,1.7774159908294678,-0.02292013168334961,119539.4296875,3596,0.21855098009109497,345.74474643514105,0.7804679260871067,COMPLETE,,,,,,,,,,,,,,,
84,37.70566177368164,2026-08-25 04:39:44.176306,2026-08-25 04:50:39.998906,0 days 00:10:55.822600,655.8226,64,pca,mean,none,null,False,65536,0.25,65536,8.0,False,,,11,1,1,1889.179436,0.24999988079071045,37.70566177368164,5.62948893844403,337.5816345214844,113961.3671875,17241.501953125,-24.954938888549805,1.7461156845092773,-0.022561192512512207,115351.40625,3596,0.24592876434326172,339.63422420303874,0.7582988337611839,COMPLETE,,,,,,,,,,,,,,,
18,37.7266960144043,2026-08-24 20:00:11.487134,2026-08-24 20:11:07.408550,0 days 00:10:55.921416,655.921416,64,pca,max,none,"[1,7,28]",True,65536,0.25,32768,8.0,False,,,11,1,1,1903.304708,0.24151355028152466,37.7266960144043,5.656965959000172,339.2293395996094,115076.5546875,17238.3515625,-21.000938415527344,2.0270586013793945,0.44480085372924805,116467.84375,3596,0.23863041400909424,341.27385447760275,0.7532564977005825,COMPLETE,,,,,,,,,,,,,,,
58,37.818416595458984,2026-08-25 01:12:19.887177,2026-08-25 01:23:30.083079,0 days 00:11:10.195902,670.195902,64,pca,sum,none,"[1,3,7,28]",False,65536,0.25,65536,8.0,False,,,11,1,1,1898.937706,0.24532461166381836,37.818416595458984,5.644530256038439,338.4836120605469,114571.1640625,17235.919921875,-22.928306579589844,1.988073468208313,0.3984745740890503,115969.5546875,3596,0.24188780784606934,340.5430291277447,0.7677675792549162,COMPLETE,,,,,,,,,,,,,,,
95,37.85933303833008,2026-08-25 06:07:42.328921,2026-08-25 06:14:25.309730,0 days 00:06:42.980809,402.980809,64,pca,max,none,"[1,3,7,28]",False,32768,0.75,16384,4.0,False,,,11,1,1,1899.6037,0.26227664947509766,37.85933303833008,5.58557924279236,334.9485168457031,112190.5078125,17241.162109375,-27.239376068115234,1.7874798774719238,0.0698556900024414,113592.6484375,3596,0.25742602348327637,337.0350848761891,0.750065012447265,COMPLETE,,,,,,,,,,,,,,,
80,37.91796875,2026-08-25 04:10:55.509381,2026-08-25 04:17:33.000421,0 days 00:06:37.491040,397.49104,32,gaussian_random_projection,mean,none,"[1,7,28]",False,65536,0.25,16384,4.0,False,,,11,1,1,1898.937706,0.25088000297546387,37.91796875,5.6310121034041085,337.6729736328125,114023.0390625,17239.390625,-28.89837074279785,1.8088271617889404,-0.26381397247314453,115429.1171875,3596,0.24542075395584106,339.74860880877793,0.7514624605517926,COMPLETE,,,,,,,,,,,,,,,
65,37.931068420410156,2026-08-25 02:14:51.905553,2026-08-25 02:20:24.638686,0 days 00:05:32.733133,332.733133,64,gaussian_random_projection,mean,log1p,"[1,7,28]",True,32768,0.25,16384,8.0,True,,,11,1,1,1902.267796,0.2224913239479065,37.931068420410156,5.743691195721433,344.4299621582031,118632.0078125,17244.9140625,-33.18339157104492,1.7408335208892822,0.0,120037.8125,3596,0.21529293060302734,346.4647348576764,0.7601282456419489,COMPLETE,,,,,,,,,,,,,,,
12,37.93790054321289,2026-08-24 19:05:44.438323,2026-08-24 19:14:03.959743,0 days 00:08:19.521420,499.52142,64,pca,mean,log1p,"[1,3,7,28]",True,65536,0.75,16384,4.0,False,,,11,1,1,1832.02661,0.2131791114807129,37.93790054321289,5.777171817023997,346.43768310546875,120019.078125,17244.9921875,-32.61575698852539,1.821671962738037,0.0,121424.9609375,3596,0.20622491836547852,348.4608456304668,0.7732464560601185,COMPLETE,,,,,,,,,,,,,,,
4,37.94440460205078,2026-08-24 18:02:05.224705,2026-08-24 18:06:43.877887,0 days 00:04:38.653182,278.653182,32,first_k,mean,none,"[1,7,28]",True,32768,0.75,16384,8.0,True,,,11,1,1,1645.3839600000001,0.2654843330383301,37.94440460205078,5.572218851981491,334.1473388671875,111654.453125,17238.724609375,-26.51801872253418,1.8617091178894043,-0.5053386688232422,113063.1953125,3596,0.26088714599609375,336.24871049938616,0.745868871799582,COMPLETE,,,,,,,,,,,,,,,
43,37.956783294677734,2026-08-24 23:11:09.251698,2026-08-24 23:19:04.818647,0 days 00:07:55.566949,475.566949,32,first_k,sum,log1p,null,True,65536,0.25,65536,8.0,False,,,11,1,1,1898.271712,0.24229639768600464,37.956783294677734,5.667379766076041,339.85382080078125,115500.609375,17244.974609375,-31.65665054321289,1.7854030132293701,-0.3296073079109192,116909.203125,3596,0.23574519157409668,341.9198782244168,0.7778699706126295,COMPLETE,,,,,,,,,,,,,,,
93,37.96550750732422,2026-08-25 05:51:08.158190,2026-08-25 05:59:16.464268,0 days 00:08:08.306078,488.306078,32,pca,sum,log1p,"[1,3,7,28]",True,32768,0.75,32768,8.0,True,36364.0,16.0,11,1,1,1898.271712,0.22870367765426636,37.96550750732422,5.723372999586748,343.2115478515625,117794.1640625,17244.99609375,-34.877017974853516,1.8135802745819092,-0.7007564902305603,119202.7578125,3596,0.2207518219947815,345.257523904259,0.7755203007043441,COMPLETE,,,,,,,,,,,,,,,
94,38.10369110107422,2026-08-25 05:59:16.509897,2026-08-25 06:07:42.282768,0 days 00:08:25.772871,505.772871,64,pca,mean,none,"[1,7,28]",False,65536,0.75,16384,8.0,True,,,11,1,1,1898.937706,0.2525551915168762,38.10369110107422,5.6257942583203535,337.3600769042969,113811.8203125,17241.1796875,-29.904939651489258,1.832953691482544,0.04697442054748535,115232.0390625,3596,0.24670910835266113,339.45844968493566,0.7437143129739974,COMPLETE,,,,,,,,,,,,,,,
91,38.144500732421875,2026-08-25 05:34:24.401820,2026-08-25 05:45:18.818667,0 days 00:10:54.416847,654.416847,64,pca,sum,log1p,"[1,7,28]",True,65536,0.25,65536,8.0,False,,,11,1,1,1898.271712,0.21347928047180176,38.144500732421875,5.775463918057735,346.33526611328125,119948.1171875,17244.953125,-32.473045349121094,1.764251470565796,0.0,121369.765625,3596,0.20658576488494873,348.3816378987274,0.7729399811127023,COMPLETE,,,,,,,,,,,,,,,
27,38.14494705200195,2026-08-24 21:11:57.737971,2026-08-24 21:22:23.405808,0 days 00:10:25.667837,625.667837,64,pca,mean,log1p,"[1,7,28]",True,32768,0.75,65536,8.0,False,46931.0,31.0,11,1,1,1907.005716,0.21445536613464355,38.14494705200195,5.772802323423185,346.1756591796875,119837.59375,17244.951171875,-33.06621551513672,1.7403532266616821,0.0,121259.328125,3596,0.20730769634246826,348.22310107889166,0.769453656620502,COMPLETE,,,,,,,,,,,,,,,
78,38.20384216308594,2026-08-25 03:52:21.804953,2026-08-25 04:03:08.031449,0 days 00:10:46.226496,646.226496,64,pca,max,none,"[1,7,28]",True,65536,0.25,32768,4.0,True,,,11,1,1,1898.937706,0.24151825904846191,38.20384216308594,5.66139092369375,339.49468994140625,115256.6484375,17241.6171875,-25.652965545654297,1.8689963817596436,0.2539222240447998,116684.171875,3596,0.23721623420715332,341.5906495719694,0.7523755667725717,COMPLETE,,,,,,,,,,,,,,,
47,38.225948333740234,2026-08-24 23:42:04.769158,2026-08-24 23:46:54.521975,0 days 00:04:49.752817,289.752817,32,first_k,max,none,"[1,3,7,28]",True,32768,0.25,16384,4.0,False,,,11,1,1,1898.271712,0.26095080375671387,38.225948333740234,5.598495355951992,335.7230529785156,112709.9609375,17238.85546875,-32.960262298583984,1.7859630584716797,-0.49461984634399414,114139.84375,3596,0.25384896993637085,337.84588757301754,0.747986674493121,COMPLETE,,,,,,,,,,,,,,,
59,38.31141662597656,2026-08-25 01:23:30.129648,2026-08-25 01:34:22.786910,0 days 00:10:52.657262,652.657262,64,pca,sum,log1p,"[1,7,28]",True,65536,0.75,32768,8.0,True,,,11,1,1,1899.6037,0.2115631103515625,38.31141662597656,5.785008508377235,346.9076232910156,120344.890625,17244.79296875,-34.21714401245117,1.8186269998550415,-0.3732936382293701,121779.1640625,3596,0.20390939712524414,348.9687150196992,0.7726420056595364,COMPLETE,,,,,,,,,,,,,,,
69,38.36916732788086,2026-08-25 02:43:22.594669,2026-08-25 02:51:39.708230,0 days 00:08:17.113561,497.113561,64,first_k,mean,log1p,"[1,3,7,28]",False,65536,0.75,65536,4.0,True,,,11,1,1,1902.267796,0.2204226851463318,38.36916732788086,5.752666825658252,344.96820068359375,119003.0625,17244.966796875,-34.48200225830078,1.712195634841919,-0.082852303981781,120442.109375,3596,0.21265000104904175,347.0477047539718,0.778390438443673,COMPLETE,,,,,,,,,,,,,,,
72,38.510623931884766,2026-08-25 03:05:41.069497,2026-08-25 03:13:21.868694,0 days 00:07:40.799197,460.799197,64,first_k,max,log1p,null,False,65536,0.25,32768,8.0,True,,,11,1,1,1900.9357479999999,0.22145599126815796,38.510623931884766,5.746685108003471,344.6094970703125,118755.6953125,17244.8125,-33.32701873779297,1.7466331720352173,0.0,120205.71875,3596,0.21419531106948853,346.7069638037286,0.7745529389829073,COMPLETE,,,,,,,,,,,,,,,
7,38.5682373046875,2026-08-24 18:24:25.213289,2026-08-24 18:32:56.331102,0 days 00:08:31.117813,511.117813,64,pca,mean,none,"[1,3,7,28]",False,65536,0.25,16384,8.0,True,,,11,1,1,1667.736948,0.26290392875671387,38.5682373046875,5.58474717640087,334.89862060546875,112157.078125,17241.63671875,-29.303796768188477,1.7399108409881592,-0.06885409355163574,113613.390625,3596,0.25729042291641235,337.0658550268775,0.7457717165107084,COMPLETE,,,,,,,,,,,,,,,
88,38.71434020996094,2026-08-25 05:13:23.623461,2026-08-25 05:17:59.762440,0 days 00:04:36.138979,276.138979,32,first_k,max,none,"[1,7,28]",True,32768,0.75,16384,8.0,False,,,11,1,1,1898.937706,0.2690991163253784,38.71434020996094,5.56524476156622,333.7291259765625,111375.1328125,17240.95703125,-32.186309814453125,1.8268728256225586,-0.7327775955200195,112842.9453125,3596,0.2623269557952881,335.9210402944418,0.7446061567819223,COMPLETE,,,,,,,,,,,,,,,
13,38.74357223510742,2026-08-24 19:14:04.008964,2026-08-24 19:25:15.276796,0 days 00:11:11.267832,671.267832,64,pca,sum,none,"[1,3,7,28]",False,65536,0.25,65536,8.0,True,,,11,1,1,1898.271712,0.23826903104782104,38.74357223510742,5.674402202856568,340.2749328613281,115787.0390625,17241.58984375,-27.069740295410156,1.8209832906723022,0.21287238597869873,117255.9140625,3596,0.23347872495651245,342.4265089949959,0.7618850835681044,COMPLETE,,,,,,,,,,,,,,,
3,38.799129486083984,2026-08-24 17:55:19.421147,2026-08-24 18:02:05.178890,0 days 00:06:45.757743,405.757743,64,first_k,max,log1p,"[1,3,7,28]",False,32768,0.25,32768,4.0,False,36364.0,16.0,11,1,1,1667.736948,0.21653419733047485,38.799129486083984,5.766916280680698,345.82269287109375,119593.328125,17244.978515625,-34.893211364746094,1.7548575401306152,-0.4636963903903961,121065.46875,3596,0.20857501029968262,347.94463460441517,0.7611809016565483,COMPLETE,,,,,,,,,,,,,,,
51,38.835575103759766,2026-08-25 00:11:33.823034,2026-08-25 00:22:38.992597,0 days 00:11:05.169563,665.169563,64,pca,mean,log1p,"[1,7,28]",False,65536,0.25,32768,8.0,False,,,11,1,1,1880.08716,0.20295214653015137,38.835575103759766,5.815990385959791,348.7655029296875,121637.3828125,17245.0,-34.44075012207031,1.7521157264709473,-0.3233625888824463,123111.75,3596,0.19519811868667603,350.8728402142292,0.7769311672021961,COMPLETE,,,,,,,,,,,,,,,
62,38.83572769165039,2026-08-25 01:49:41.384108,2026-08-25 01:59:01.429365,0 days 00:09:20.045257,560.045257,32,gaussian_random_projection,mean,none,"[1,3,7,28]",False,65536,0.75,65536,8.0,False,,,11,1,1,1900.9357479999999,0.2794584035873413,38.83572769165039,5.500819921955088,329.86578369140625,108811.4296875,17186.23046875,-8.18755054473877,2.674321413040161,0.49099379777908325,110289.359375,3596,0.27902019023895264,332.0984182061095,0.7483872903198788,COMPLETE,,,,,,,,,,,,,,,
36,38.93721389770508,2026-08-24 22:12:47.444674,2026-08-24 22:21:22.655519,0 days 00:08:35.210845,515.210845,64,pca,sum,log1p,"[1,7,28]",True,32768,0.25,32768,8.0,False,36364.0,16.0,11,1,1,1898.937706,0.21740108728408813,38.93721389770508,5.763492849111556,345.6174011230469,119451.3984375,17244.9765625,-34.913455963134766,1.8342201709747314,-0.3766951560974121,120934.2890625,3596,0.20943254232406616,347.75607695984263,0.7677094688403312,COMPLETE,,,,,,,,,,,,,,,
41,38.94863510131836,2026-08-24 22:57:50.631083,2026-08-24 23:04:36.051461,0 days 00:06:45.420378,405.420378,64,pca,sum,none,"[1,3,7,28]",False,32768,0.75,16384,4.0,True,,,11,1,1,1899.6037,0.25456684827804565,38.94863510131836,5.615682234345495,336.7536926269531,113403.0546875,17241.5859375,-29.29966163635254,1.7574071884155273,-0.07945394515991211,114888.5078125,3596,0.24895483255386353,338.95207303171935,0.7367456856108741,COMPLETE,,,,,,,,,,,,,,,
8,39.05008316040039,2026-08-24 18:32:56.379507,2026-08-24 18:39:29.061701,0 days 00:06:32.682194,392.682194,64,pca,max,none,"[1,3,7,28]",True,32768,0.75,16384,4.0,False,,,11,1,1,1783.670324,0.23254919052124023,39.05008316040039,5.6953585710126164,341.5316162109375,116643.84375,17242.869140625,-27.170284271240234,1.7265043258666992,0.027009248733520508,118136.3203125,3596,0.22772330045700073,343.70964535854966,0.7487692635681774,COMPLETE,,,,,,,,,,,,,,,
38,39.1292724609375,2026-08-24 22:29:12.773383,2026-08-24 22:40:01.883739,0 days 00:10:49.110356,649.110356,64,pca,sum,log1p,null,False,65536,0.75,32768,4.0,True,,,11,1,1,1898.937706,0.19436794519424438,39.1292724609375,5.848027741032223,350.6866760253906,122981.1484375,17244.99609375,-35.203834533691406,1.7479605674743652,-0.3102564811706543,124478.0390625,3596,0.18626642227172852,352.8144541575642,0.7692451498538371,COMPLETE,,,,,,,,,,,,,,,
16,39.181243896484375,2026-08-24 19:40:00.284097,2026-08-24 19:50:31.895859,0 days 00:10:31.611762,631.611762,64,pca,max,log1p,"[1,7,28]",False,32768,0.25,65536,4.0,True,46931.0,31.0,11,1,1,1898.937706,0.20188182592391968,39.181243896484375,5.819989902639127,349.0053405761719,121804.71875,17244.978515625,-34.881370544433594,1.8140220642089844,-0.6892385482788086,123306.03125,3596,0.193928062915802,351.1495852909412,0.7739015896241314,COMPLETE,,,,,,,,,,,,,,,
11,39.199031829833984,2026-08-24 18:57:49.820571,2026-08-24 19:05:44.388499,0 days 00:07:54.567928,474.567928,32,first_k,mean,none,"[1,3,7,28]",False,65536,0.25,32768,4.0,True,,,11,1,1,1765.781508,0.2664877772331238,39.199031829833984,5.5510558667276175,332.8782653808594,110807.9296875,17196.810546875,-10.354406356811523,2.361304759979248,0.17297840118408203,112313.703125,3596,0.2657867670059204,335.13236657326905,0.7456826225286541,COMPLETE,,,,,,,,,,,,,,,
9,39.236270904541016,2026-08-24 18:39:29.106804,2026-08-24 18:50:28.281115,0 days 00:10:59.174311,659.174311,64,pca,max,none,"[1,7,28]",False,65536,0.75,32768,8.0,True,,,11,1,1,1667.736948,0.23587405681610107,39.236270904541016,5.688887791705102,341.1435852050781,116378.9375,17240.6484375,-31.568618774414062,1.6478660106658936,-0.04908943176269531,117886.0390625,3596,0.2293594479560852,343.3453641197155,0.7548777349390783,COMPLETE,,,,,,,,,,,,,,,
97,39.30640411376953,2026-08-25 06:22:34.887946,2026-08-25 06:31:46.565474,0 days 00:09:11.677528,551.677528,32,gaussian_random_projection,sum,none,"[1,7,28]",False,65536,0.25,65536,8.0,False,,,11,1,1,1899.6037,0.2689497470855713,39.30640411376953,5.543128080644058,332.4028625488281,110491.6640625,17163.0859375,-13.268712997436523,2.0730533599853516,0.18632566928863525,112005.9296875,3596,0.2677987217903137,334.6728696615547,0.7525860141573069,COMPLETE,,,,,,,,,,,,,,,
26,39.54497528076172,2026-08-24 21:03:10.448465,2026-08-24 21:11:57.686203,0 days 00:08:47.237738,527.237738,32,gaussian_random_projection,mean,none,"[1,7,28]",True,32768,0.25,65536,8.0,True,46931.0,31.0,11,1,1,1906.120254,0.25893348455429077,39.54497528076172,5.579636711138891,334.5921630859375,111951.9140625,17229.94921875,-11.069907188415527,2.315635919570923,0.2620285451412201,113484.59375,3596,0.2581324577331543,336.87474489786257,0.7540102799519757,COMPLETE,,,,,,,,,,,,,,,
21,40.03377151489258,2026-08-24 20:26:12.020946,2026-08-24 20:35:34.828560,0 days 00:09:22.807614,562.807614,32,gaussian_random_projection,sum,none,"[1,3,7,28]",False,65536,0.75,65536,8.0,False,,,11,1,1,1907.005716,0.2834104895591736,40.03377151489258,5.483244237003116,328.81182861328125,108117.21875,17037.955078125,-8.491096496582031,2.2815959453582764,0.36810266971588135,109689.8671875,3596,0.28293919563293457,331.19460621740205,0.7529207870322646,COMPLETE,,,,,,,,,,,,,,,
83,40.145469665527344,2026-08-25 04:31:58.557334,2026-08-25 04:39:44.126485,0 days 00:07:45.569151,465.569151,64,first_k,max,none,"[1,7,28]",True,65536,0.75,32768,4.0,False,,,11,1,1,1898.271712,0.2594022750854492,40.145469665527344,5.574109958226614,334.2607421875,111730.25,17237.58984375,-4.5250749588012695,2.479729175567627,0.6909964084625244,113310.8046875,3596,0.25926852226257324,336.6167029241122,0.747165527246659,COMPLETE,,,,,,,,,,,,,,,
98,40.52127456665039,2026-08-25 06:31:46.622573,2026-08-25 06:39:13.734345,0 days 00:07:27.111772,447.111772,64,gaussian_random_projection,mean,none,null,False,32768,0.75,32768,8.0,False,36364.0,16.0,11,1,1,1900.9357479999999,0.24857097864151,40.52127456665039,5.614162631749172,336.6625671386719,113341.6875,17146.3203125,-2.210270643234253,2.202768564224243,0.46114301681518555,114952.1171875,3596,0.24853897094726562,339.0458924504174,0.7633872796297054,COMPLETE,,,,,,,,,,,,,,,
46,40.63043212890625,2026-08-24 23:34:37.878485,2026-08-24 23:42:04.728077,0 days 00:07:26.849592,446.849592,64,gaussian_random_projection,mean,none,"[1,3,7,28]",True,32768,0.25,32768,4.0,False,36364.0,16.0,11,1,1,1898.937706,0.25153791904449463,40.63043212890625,5.603018540103403,335.9942932128906,112892.15625,17193.197265625,-4.2697601318359375,2.3047139644622803,0.7216267585754395,114511.59375,3596,0.2514187693595886,338.395617214526,0.7406051819258539,COMPLETE,,,,,,,,,,,,,,,
10,42.362178802490234,2026-08-24 18:50:28.324714,2026-08-24 18:57:49.770091,0 days 00:07:21.445377,441.445377,64,gaussian_random_projection,mean,none,"[1,7,28]",True,32768,0.25,32768,4.0,False,36364.0,16.0,11,1,1,1783.670324,0.255435585975647,42.362178802490234,5.584290176021936,334.8712158203125,112138.734375,17005.759765625,-2.2186977863311768,2.264747381210327,0.6541175842285156,113902.078125,3596,0.2554032802581787,337.4938193878519,0.7495925741392779,COMPLETE,,,,,,,,,,,,,,,
96,42.910804748535156,2026-08-25 06:14:25.358267,2026-08-25 06:22:34.840867,0 days 00:08:09.482600,489.4826,32,first_k,max,none,"[1,3,7,28]",False,65536,0.75,65536,8.0,False,,,11,1,1,1898.937706,0.2691848874092102,42.910804748535156,5.530368711489672,331.6377258300781,109983.578125,16859.3203125,0.6561068892478943,2.9987058639526367,0.7354825139045715,111794.296875,3596,0.2691822052001953,334.3565415465951,0.7423831266541325,COMPLETE,,,,,,,,,,,,,,,
25,42.96443557739258,2026-08-24 20:55:14.091799,2026-08-24 21:03:10.400497,0 days 00:07:56.308698,476.308698,32,first_k,mean,none,null,False,65536,0.75,65536,4.0,False,,,11,1,1,1907.005716,0.24756211042404175,42.96443557739258,5.613035398075075,336.594970703125,113296.1796875,17171.822265625,-3.0091464519500732,2.221816062927246,0.197348952293396,115110.6171875,3596,0.24750280380249023,339.27955610012816,0.742114961623523,COMPLETE,,,,,,,,,,,,,,,
14,45.22721481323242,2026-08-24 19:25:15.319450,2026-08-24 19:33:28.912589,0 days 00:08:13.593139,493.593139,64,first_k,sum,none,null,False,65536,0.25,65536,4.0,False,,,11,1,1,1898.937706,0.23359864950180054,45.22721481323242,5.662201106993598,339.54327392578125,115289.625,17207.244140625,8.094316482543945,3.1072490215301514,1.1520174741744995,117303.0859375,3596,0.23317033052444458,342.49538089950937,0.7390117471379455,COMPLETE,,,,,,,,,,,,,,,
2,54.852684020996094,2026-08-24 17:47:22.624454,2026-08-24 17:55:19.375883,0 days 00:07:56.751429,476.751429,32,first_k,max,none,"[1,7,28]",True,65536,0.25,65536,4.0,False,,,11,1,1,170251.0326472458,0.17007625102996826,54.852684020996094,5.8771180034605495,352.4311218261719,124207.6953125,17027.259765625,15.076452255249023,2.6118531227111816,0.7187559604644775,127181.9921875,3596,0.16859030723571777,356.62584340944784,0.7297556678366834,COMPLETE,,,,,,,,,,,,,,,
