number,n_datasets,mean_normalized_regret,std_normalized_regret,median_normalized_regret,mean_regret,std_regret,median_regret,mean_value,median_value,std_value,mean_rank,std_rank,median_rank,mean_duration_s,total_duration_s,test_value_rel-event-user-attendance,test_value_rel-trial-site-success,test_value_rel-f1-driver-position,test_value_rel-trial-study-adverse,test_value_rel-hm-item-sales,test_value_rel-avito-ad-ctr,value_rel-event-user-attendance,value_rel-trial-site-success,value_rel-f1-driver-position,value_rel-trial-study-adverse,value_rel-hm-item-sales,value_rel-avito-ad-ctr,fusion.early.reduction_dim,fusion.early.reduction_method,fusion.key_pooling,method.target_transform,rewrite.count_feature_window_days,rewrite.count_features_after_simplify,sampling.context_tables_sample_size,sampling.train.anchor_budget_fraction,sampling.train.sample_size,tabicl.outlier_threshold,vectorizer.relative_time,normalized_regret_rel-event-user-attendance,normalized_regret_rel-trial-site-success,normalized_regret_rel-f1-driver-position,normalized_regret_rel-trial-study-adverse,normalized_regret_rel-hm-item-sales,normalized_regret_rel-avito-ad-ctr,regret_rel-event-user-attendance,regret_rel-trial-site-success,regret_rel-f1-driver-position,regret_rel-trial-study-adverse,regret_rel-hm-item-sales,regret_rel-avito-ad-ctr,rank_rel-event-user-attendance,rank_rel-trial-site-success,rank_rel-f1-driver-position,rank_rel-trial-study-adverse,rank_rel-hm-item-sales,rank_rel-avito-ad-ctr,duration_s_rel-event-user-attendance,duration_s_rel-trial-site-success,duration_s_rel-f1-driver-position,duration_s_rel-trial-study-adverse,duration_s_rel-hm-item-sales,duration_s_rel-avito-ad-ctr
55,6,1.1108778510131059,1.0798480326624282,0.8418802339673555,0.05979233824958404,0.11627630862661081,0.013941082172095776,6.602667583773534,0.3362352252006531,14.101726727541324,44.333333333333336,35.35911009438256,32.5,420.65634266666666,2523.938056,,,,32.0023307800293,,,0.24483433365821838,0.42763611674308777,3.5889549255371094,35.25246047973633,0.061079274863004684,0.04104037210345268,32,gaussian_random_projection,max,log1p,null,True,32768,0.25,65536,8.0,False,0.9358593369569509,2.6781732309167507,2.145191595084054,0.0,0.7479011309777601,0.15814181214312006,0.005298063158988953,0.029341578483581543,0.2962322235107422,0.0,0.017135336995124817,0.010746827349066734,26.0,91.0,83.0,1.0,39.0,26.0,107.216262,313.977159,493.128192,518.987428,1051.106443,39.522572
17,6,1.2756998926864318,1.0115061873505438,1.266677478684402,0.11667167240132888,0.18330010587291337,0.038546549156308174,6.659546917925279,0.3378630429506302,14.301420749262201,48.333333333333336,35.342137267950655,47.5,496.4667706666667,2978.8006240000004,,,,,,,0.24868926405906677,0.4270368218421936,3.419290781021118,35.73240661621094,0.09229475259780884,0.0375632718205452,32,pca,sum,none,null,True,32768,0.25,65536,4.0,True,1.6168011265677849,2.623472166967592,0.9165538308010188,0.28004255783257764,2.1103541197058675,0.10697555424375062,0.009152993559837341,0.028742283582687378,0.12656807899475098,0.4799461364746094,0.04835081472992897,0.007269727066159248,63.0,90.0,32.0,2.0,82.0,21.0,125.876404,335.312958,707.434808,579.503051,1185.713389,44.960014
70,6,1.129750572157959,1.0196438167437014,0.6351954788683831,0.12066007995357116,0.2095674179407593,0.024280828423798084,6.663535325477521,0.3382071405649185,14.32934487004301,40.666666666666664,31.614342736591354,31.0,275.248766,1651.492596,,,,,,,0.2547552287578583,0.42165905237197876,3.3991763591766357,35.794742584228516,0.05538804084062576,0.05549068748950958,32,first_k,sum,log1p,"[1,3,7,28]",True,32768,0.25,32768,8.0,False,2.6883039627285052,2.132612472925231,0.7708934830867059,0.31641481422126067,0.49949747465006045,0.37078122533599106,0.015218958258628845,0.023364514112472534,0.10645365715026855,0.5422821044921875,0.011444102972745895,0.025197142735123634,90.0,65.0,23.0,4.0,23.0,39.0,97.806843,182.007277,317.205136,388.457606,630.017572,35.998162
39,6,1.3750506402374156,1.0581004631918687,1.0006932858686923,0.12779265673210224,0.18437537308152008,0.0411463463678956,6.670667902256052,0.341525137424469,14.299520682817407,51.333333333333336,33.69075046161286,47.0,339.9874281666667,2039.9245690000002,,,,,,,0.25388455390930176,0.42916572093963623,3.4646060466766357,35.73662185668945,0.05801418051123619,0.08171505481004715,32,first_k,mean,log1p,null,False,32768,0.75,65536,8.0,True,2.534506402747983,2.8177889307123936,1.2447082964467602,0.28250209784295005,0.6141198383837826,0.7566782752906247,0.014348283410072327,0.030871182680130005,0.17188334465026855,0.484161376953125,0.014070242643356323,0.0514215100556612,87.0,92.0,46.0,3.0,32.0,48.0,91.738045,298.567093,337.299686,469.577109,801.385492,41.357144
6,6,1.1730911477236514,0.5616102146059607,1.2728555439742641,0.14500083308666945,0.20873162050107616,0.04876589868217707,6.687876078610619,0.331897109746933,14.321251338403744,46.833333333333336,28.26599841977401,49.0,378.15761233333325,2268.9456739999996,,,,,,,0.2504391372203827,0.4133550822734833,3.495161294937134,35.796531677246094,0.06189485266804695,0.109874427318573,32,first_k,sum,log1p,null,False,65536,0.25,65536,4.0,True,1.9259018464656568,1.3746617566552077,1.465976803219286,0.3174587275831291,0.783498421125308,1.1710493312933203,0.01090286672115326,0.01506054401397705,0.2024385929107666,0.5440711975097656,0.017950914800167084,0.07958088256418705,75.0,26.0,56.0,5.0,42.0,77.0,114.000367,291.648839,334.905159,474.900925,1004.678142,48.812242
53,6,0.6598913833798413,0.3640250859369342,0.6586610282453731,0.14517296943813562,0.2882769704153861,0.02184176631271839,6.688048214962085,0.32463084161281586,14.405885399102841,26.833333333333332,32.932759779081174,11.0,488.2880721666666,2929.7284329999998,,,,,,,0.2427455186843872,0.4065161645412445,3.3187673091888428,35.982940673828125,0.061582863330841064,0.11573676019906998,64,gaussian_random_projection,mean,log1p,null,False,65536,0.75,65536,8.0,False,0.5668873300606715,0.7504347264300748,0.18860430415053261,0.4262260417431795,0.7698811121563819,1.257314785738208,0.003209248185157776,0.008221626281738281,0.026044607162475586,0.7304801940917969,0.017638925462961197,0.08544321544468403,13.0,9.0,2.0,8.0,41.0,88.0,155.286104,336.057923,583.497626,565.070228,1233.888939,55.927613
22,6,0.7024407356347102,0.5309831309527051,0.571567540354725,0.14537030862023434,0.29940829713839445,0.023441428318619728,6.688245554144184,0.32669826596975327,14.41957785020359,21.833333333333332,26.746339313383928,11.5,382.34721799999994,2294.0833079999998,,,,,,,0.24332918226718903,0.4100673496723175,3.358060359954834,36.007022857666016,0.07905398309230804,0.03193959221243858,64,pca,mean,log1p,null,True,32768,0.75,16384,8.0,True,0.6699867075530053,1.074571649104195,0.4731483731564447,0.44027769430922536,1.532438057068913,0.02422193261647826,0.0037929117679595947,0.01177281141281128,0.0653376579284668,0.7545623779296875,0.03511004522442818,0.0016460474580526352,16.0,13.0,10.0,10.0,76.0,6.0,138.074525,151.439272,865.482422,395.574917,695.605686,47.906486
86,6,1.2754671755845004,1.1443832774855043,0.9641427123809585,0.15038226948430142,0.24582500735079998,0.05143109429627657,6.693257515008251,0.34171780943870544,14.364609176325006,44.333333333333336,31.16194260097831,37.5,431.372105,2588.23263,,,,,,,0.246484637260437,0.4369509816169739,3.4285333156585693,35.89553451538086,0.0575423501431942,0.09449928998947144,32,gaussian_random_projection,mean,log1p,"[1,3,7,28]",False,32768,0.75,65536,4.0,False,1.2273719121382414,3.5283940794238555,0.9834844549801083,0.3752256433199561,0.5935259938630324,0.9448009697818087,0.006948366761207581,0.03865644335746765,0.13581061363220215,0.6430740356445312,0.013598412275314331,0.06420574523508549,40.0,99.0,35.0,6.0,31.0,55.0,125.557011,347.266953,591.207129,536.35468,923.967567,63.87929
79,6,1.4862268566038648,0.911314256320868,1.3167942823083523,0.166631699539721,0.2489498009262331,0.04997787345200777,6.70950694506367,0.33998775482177734,14.363078510281227,58.833333333333336,30.062712230713096,64.5,317.1104301666667,1902.662581,,,,,,,0.2542594075202942,0.4257161021232605,3.5090057849884033,35.90294647216797,0.06228617578744888,0.10282772779464722,32,first_k,sum,log1p,"[1,7,28]",False,65536,0.25,32768,4.0,True,2.600721213955753,2.5029225449092634,1.5662328906369036,0.37955042724769683,0.8005783888937691,1.067355673979801,0.014723137021064758,0.027421563863754272,0.21628308296203613,0.6504859924316406,0.018342237919569016,0.07253418304026127,89.0,84.0,63.0,7.0,44.0,66.0,128.761749,249.232562,386.526694,467.382733,604.38456,66.374283
52,6,1.245036848397254,0.7370652862346748,1.0576317738637266,0.1706961508219441,0.27971154116066976,0.07121947407722473,6.713571396345894,0.3353986069560051,14.396686618725509,48.166666666666664,33.078190196361504,40.0,321.53508983333336,1929.2105390000002,,,,,,,0.24672837555408478,0.4240688383579254,3.4093873500823975,35.984195709228516,0.060325514525175095,0.15672259032726288,32,gaussian_random_projection,max,log1p,null,False,65536,0.75,16384,8.0,False,1.2704262795625336,2.3525673851468754,0.8448372681649198,0.426958339176132,0.7150019700619684,1.860429848271094,0.007192105054855347,0.02577430009841919,0.11666464805603027,0.7317352294921875,0.016381576657295227,0.12642904557287693,42.0,75.0,26.0,9.0,38.0,99.0,140.548892,196.021758,523.306365,393.612475,620.728101,54.992948
32,6,0.8836115205306939,0.8126493166944232,0.6289364984875531,0.17564608249813318,0.34969574356082095,0.02831216435879469,6.718521328022082,0.3351220041513443,14.470014686440267,31.666666666666668,26.912202932251137,26.0,397.28276733333337,2383.696604,,,,,,,0.2453073263168335,0.4249366819858551,3.3950612545013428,36.13813400268555,0.047412972897291183,0.06027572974562645,32,first_k,mean,log1p,"[1,3,7,28]",True,65536,0.25,65536,4.0,False,1.0194096047800165,2.431780423199464,0.7410935921170138,0.5167794048580924,0.1514119753020528,0.4411941229275243,0.005771055817604065,0.026642143726348877,0.10233855247497559,0.8856735229492188,0.003469035029411316,0.0299821849912405,31.0,79.0,21.0,11.0,5.0,43.0,118.370723,287.705363,324.348614,479.454676,1132.240466,41.576762
5,6,0.8835456466600043,1.1178773941560247,0.5127475438418907,0.1902494098370274,0.41558750976641445,0.019505828619003296,6.733124655360977,0.3384212329983711,14.535616992943956,26.333333333333332,33.9627246649421,11.0,514.9361948333333,3089.6171689999996,,,,,,,0.24488221108913422,0.43196025490760803,3.350747585296631,36.28984832763672,0.04928528890013695,0.032024264335632324,32,pca,mean,log1p,"[1,7,28]",True,32768,0.25,65536,8.0,False,0.9443164918468605,3.072861985834413,0.42019227490485744,0.6053028127789241,0.23313241397650128,0.025467900618469704,0.005345940589904785,0.03366571664810181,0.05802488327026367,1.0373878479003906,0.00534135103225708,0.001730719581246376,27.0,94.0,8.0,13.0,9.0,7.0,130.294678,338.648602,716.810597,586.295046,1271.466841,46.101405
29,6,0.7202333714463509,0.676706509538128,0.6184652418473704,0.20803525019437075,0.3827842925171498,0.011782958172261715,6.75091049571832,0.32213225215673447,14.497567354719093,30.666666666666668,25.91267386177402,29.0,340.63869916666664,2043.832195,,,,,,,0.2457112818956375,0.3985532224178314,3.548326253890991,36.21506881713867,0.05941499024629593,0.03838840872049332,32,gaussian_random_projection,max,log1p,"[1,3,7,28]",True,65536,0.75,16384,8.0,True,1.09076503954832,0.023611578650290895,1.8509755104806787,0.5616699052464993,0.6752605784482416,0.1191176163040743,0.006175011396408081,0.0002586841583251953,0.255603551864624,0.9626083374023438,0.015471052378416061,0.008094863966107368,36.0,2.0,76.0,12.0,36.0,22.0,145.70552,192.076535,511.711947,390.753427,756.167192,47.417574
82,6,1.073870679606171,0.7274824131723463,0.7030364192521069,0.2178969280794263,0.442417138653408,0.03889515716582537,6.7607721736033755,0.33614663034677505,14.562416988359995,38.5,24.476519360399266,38.5,401.79688016666665,2410.781281,,,,,,,0.24739442765712738,0.42489883303642273,3.3824875354766846,36.37135314941406,0.05701953172683716,0.08147956430912018,32,gaussian_random_projection,mean,none,null,False,32768,0.75,65536,8.0,True,1.3880789123882973,2.4283257336964836,0.6500399044020879,0.6528598551876261,0.5707066886459432,0.7532129833165877,0.00785815715789795,0.026604294776916504,0.08976483345031738,1.1188926696777344,0.01307559385895729,0.05118601955473423,48.0,78.0,14.0,14.0,30.0,47.0,107.757146,318.836553,517.235264,525.05488,895.543915,46.353523
33,6,0.6329748053193501,0.3099084933114433,0.6348673559567874,0.2398668760433793,0.4959694624948288,0.012967790476977825,6.7827421215673285,0.32402148097753525,14.616145408632443,23.333333333333332,13.706446172026746,18.5,417.2902676666667,2503.741606,,,,,,,0.24349115788936615,0.40455180406570435,3.4509031772613525,36.49733352661133,0.053436048328876495,0.04673701524734497,32,pca,max,log1p,"[1,7,28]",True,65536,0.75,16384,4.0,True,0.6985983706881802,0.5711363412253947,1.1454777672699303,0.7263678269908362,0.4142994182819393,0.24196910745982023,0.003954887390136719,0.00625726580619812,0.15818047523498535,1.244873046875,0.009492110460996628,0.016443470492959023,19.0,6.0,44.0,18.0,18.0,35.0,173.473659,204.122561,712.340381,447.961326,912.556255,53.287424
49,6,1.1818602516231298,1.4259920034754316,0.7611826239649415,0.24352624360471964,0.45870562503542395,0.030553260818123817,6.786401489128669,0.33980023115873337,14.5767630832956,40.833333333333336,37.75402848262244,30.5,593.3674231666668,3560.2045390000003,0.2538702189922333,,,,,,0.23953627049922943,0.4400641918182373,3.5252199172973633,36.41508102416992,0.06328080594539642,0.0352267250418663,64,pca,sum,none,"[1,3,7,28]",True,32768,0.25,65536,4.0,False,0.0,3.8125545320697873,1.6836489500329552,0.6783745222816518,0.8439907256482313,0.07259277970615295,0.0,0.04176965355873108,0.2324972152709961,1.1626205444335938,0.019336868077516556,0.004933180287480354,1.0,100.0,68.0,15.0,45.0,16.0,147.99695,376.386393,878.735064,625.817163,1481.302607,49.966362
23,6,1.1358054687603036,1.0090546117179184,1.0367364514737225,0.2443930118655165,0.48780696159138365,0.01891978830099106,6.787268257389466,0.3378351926803589,14.607551255155812,42.0,32.341923257592455,39.0,376.8497183333333,2261.09831,,,,,0.0342452824115753,,0.25262415409088135,0.4230462312698364,3.479968547821045,36.48216247558594,0.04394393786787987,0.041864197701215744,32,first_k,sum,log1p,"[1,7,28]",True,65536,0.75,65536,8.0,True,2.3118671281734073,2.2592282033234383,1.3559571941658857,0.7175157087815595,0.0,0.17026457811753143,0.013087883591651917,0.0247516930103302,0.18724584579467773,1.2297019958496094,0.0,0.011570652946829796,84.0,72.0,50.0,17.0,1.0,28.0,116.247784,281.437683,315.295095,481.017107,1025.480194,41.620447
20,6,0.8319183989558203,0.5583701427281664,0.6893131784931167,0.2553802998736501,0.5742838310860817,0.027862862683832645,6.798255545397599,0.3261173442006111,14.692708858702352,33.5,27.898028604186354,33.0,465.2490318333333,2791.494191,,,,,,,0.2479609102010727,0.40427377820014954,3.321131706237793,36.67985534667969,0.07870126515626907,0.05761026591062546,32,pca,mean,none,null,True,65536,0.25,32768,4.0,True,1.4881434004974796,0.5457593346322421,0.20572629249041885,0.8328670223539912,1.5170430786477274,0.40197126511306314,0.008424639701843262,0.0059792399406433105,0.02840900421142578,1.4273948669433594,0.034757327288389206,0.02731672115623951,53.0,5.0,3.0,25.0,74.0,41.0,172.112647,260.847297,711.729938,598.998381,995.493356,52.312572
28,6,1.8103781986456742,1.1071570630748422,1.7071407684896622,0.26405605270216864,0.45747155894226593,0.06255155336111784,6.806931298226118,0.33521437644958496,14.575273070382663,58.0,29.926576817270632,59.5,265.7511073333333,1594.5066439999998,,,,,,,0.25418853759765625,0.41624021530151367,3.538011074066162,36.433807373046875,0.12446396797895432,0.07487662136554718,64,first_k,max,none,null,True,65536,0.25,16384,8.0,False,2.5882026242712186,1.6380043047607389,1.7762772322185856,0.6893011122462834,3.5144346214824598,0.6560492968947582,0.014652267098426819,0.017945677042007446,0.24528837203979492,1.1813468933105469,0.08052003011107445,0.04458307661116123,88.0,36.0,73.0,16.0,89.0,46.0,118.475352,191.85832,356.953534,343.656556,542.274504,41.288378
42,6,0.9730621607007689,0.522976863797649,1.080138765054988,0.26731362845748663,0.5569987820194227,0.02199547551572323,6.810188873981436,0.3310910612344742,14.677391493862311,35.166666666666664,15.702441423761679,37.5,308.2936451666667,1849.7618710000002,,,,,,,0.24560421705245972,0.41657790541648865,3.4430246353149414,36.65114974975586,0.0696515217423439,0.035125214606523514,32,gaussian_random_projection,mean,none,null,True,32768,0.75,32768,4.0,True,1.0718529144677098,1.668827207720007,1.0884246156422666,0.8161176661747587,1.1220515277807193,0.07109903241915111,0.006067946553230286,0.018283367156982422,0.15030193328857422,1.3986892700195312,0.025707583874464035,0.004831669852137566,35.0,40.0,41.0,21.0,59.0,15.0,107.382688,184.763875,496.100811,393.113575,628.049384,40.351538
90,6,1.421954828473523,1.0806391781937301,1.2288094885851846,0.2775794438396891,0.5153984854656836,0.04951216001063585,6.820454689363639,0.3415698930621147,14.634070766941482,51.833333333333336,32.443283845299426,56.5,499.44076150000006,2996.6445690000005,,,,,,,0.24824871122837067,0.43489107489585876,3.5298824310302734,36.56733322143555,0.0496513694524765,0.09272132813930511,32,pca,sum,log1p,"[1,3,7,28]",False,32768,0.75,65536,8.0,True,1.5389810878749195,3.3403746433951165,1.7174129516438068,0.7672117719594632,0.249110626672383,0.9186378892954498,0.008712440729141235,0.03659653663635254,0.23715972900390625,1.3148727416992188,0.005707431584596634,0.06242778338491917,59.0,98.0,70.0,19.0,11.0,54.0,141.668204,366.474691,803.435386,595.575515,1021.931812,67.558961
63,6,1.2761695377575808,1.032593443950718,1.451927132784044,0.2820043455188473,0.5331283694699106,0.01948088500648737,6.824879591042797,0.33736151456832886,14.649739720635004,48.333333333333336,33.755987123274394,51.0,415.1072879999999,2490.6437279999996,,,,,,,0.2523280382156372,0.4223949909210205,3.585265636444092,36.59846878051758,0.04566523805260658,0.045154862105846405,64,first_k,sum,none,"[1,7,28]",True,65536,0.75,65536,4.0,True,2.259560691207244,2.1997857820485356,2.1184752849528246,0.7853789806152633,0.07512909464667113,0.21868739307494722,0.012791767716407776,0.024100452661514282,0.2925429344177246,1.34600830078125,0.001721300184726715,0.014861317351460457,82.0,69.0,82.0,20.0,4.0,33.0,126.922911,309.130083,373.839264,489.903333,1148.886253,41.961884
31,6,1.0246492020371332,1.0748108051292422,0.8374413949238884,0.2826066169266899,0.5964385926736728,0.04139956273138523,6.82548186245064,0.3262690007686615,14.716090827026354,30.5,29.426178820907072,23.5,287.94566383333336,1727.6739830000001,,,,,,,0.24024543166160583,0.41229256987571716,3.403397798538208,36.74935531616211,0.11274503171443939,0.03485502675175667,32,gaussian_random_projection,mean,none,"[1,3,7,28]",True,32768,0.25,16384,4.0,True,0.12526749404472054,1.2776801895998884,0.8014634060015012,0.8734193838462754,3.002941577104014,0.0671231616264002,0.0007091611623764038,0.013998031616210938,0.11067509651184082,1.4968948364257812,0.06880109384655952,0.00456148199737072,5.0,23.0,24.0,29.0,88.0,14.0,110.463215,138.888188,506.679127,320.846895,610.473129,40.323429
34,6,1.754263073045972,1.931697556073215,1.129876456120773,0.2939747426037987,0.555188992136218,0.07309896685183048,6.8368499881277485,0.3311745524406433,14.673631462686242,42.833333333333336,26.187146974549684,35.0,306.92982750000004,1841.5789650000002,,,,,,,0.24470371007919312,0.4176453948020935,3.478727102279663,36.66968536376953,0.17079101502895355,0.03954734280705452,64,gaussian_random_projection,sum,none,"[1,7,28]",True,32768,0.25,16384,8.0,True,0.91278575470829,1.7662630528438283,1.3469671575332562,0.826932964736206,5.536457934675078,0.13617157377917377,0.005167439579963684,0.01935085654258728,0.1860044002532959,1.4172248840332031,0.12684707716107368,0.009253798052668571,25.0,45.0,49.0,23.0,91.0,24.0,118.302204,148.02365,565.433382,334.771767,633.952557,41.095405
73,6,1.4819129365058483,0.4784229062724414,1.4054993808246867,0.2940595643594861,0.548519476386565,0.058306134305894375,6.836934809883435,0.33606651425361633,14.667846237136347,63.666666666666664,22.82688473416087,68.0,261.48194233333334,1568.891654,,,,,,,0.24972671270370483,0.42240631580352783,3.5026278495788574,36.65599822998047,0.07282709330320358,0.11802265793085098,32,first_k,mean,none,"[1,7,28]",False,65536,0.75,16384,8.0,False,1.800057907689878,2.2008194686714746,1.5200465126919307,0.8189466936437028,1.2606547873806606,1.2909522489574425,0.010190442204475403,0.024111777544021606,0.20990514755249023,1.4035377502441406,0.028883155435323715,0.08772911317646503,72.0,70.0,61.0,22.0,66.0,91.0,126.499213,195.657006,386.059955,342.539339,451.630581,66.50556
68,6,1.413461420961738,0.626917457804871,1.3190765234618054,0.2951620553309719,0.5585904773701611,0.04664154630154371,6.838037300854921,0.33623504638671875,14.678156692636952,55.5,22.39419567655869,57.0,292.75810866666666,1756.548652,,,,,,,0.246322363615036,0.4261477291584015,3.5111358165740967,36.67709732055664,0.07692340761423111,0.09059716761112213,32,gaussian_random_projection,max,log1p,"[1,3,7,28]",False,32768,0.25,16384,4.0,True,1.1987076056486319,2.542319606383015,1.5816577009453179,0.8312577486639467,1.439445441274979,0.8873804228545363,0.00678609311580658,0.027853190898895264,0.2184131145477295,1.4246368408203125,0.03297946974635124,0.06030362285673618,39.0,86.0,64.0,24.0,70.0,50.0,121.854844,152.66227,602.09967,326.198385,489.887986,63.845497
15,6,1.0422119333222473,0.7494196721016361,0.8457470775060625,0.3005366607879599,0.6566965230242008,0.022179008461534977,6.84341190631191,0.33512748777866364,14.77674032561993,40.166666666666664,24.094951061719687,35.0,274.37485683333335,1646.2491410000002,,,,,,,0.25071582198143005,0.4195391535758972,3.3942317962646484,36.89158248901367,0.05099523067474365,0.05340694636106491,32,first_k,sum,log1p,"[1,3,7,28]",True,32768,0.75,32768,8.0,False,1.974775936722688,1.9391172180228704,0.7350869976394032,0.9564071573727216,0.3077657513598468,0.34011853881595433,0.011179551482200623,0.02124461531639099,0.10150909423828125,1.6391220092773438,0.007051292806863785,0.023113401606678963,77.0,60.0,20.0,33.0,14.0,37.0,97.332646,177.527881,320.844937,391.287856,623.398047,35.857774
81,6,1.2589785845659078,0.3464383383040181,1.2343991534841354,0.3055880004540086,0.575009617924587,0.05138676147907972,6.848463245977958,0.3302331864833832,14.693777330263181,51.833333333333336,23.936722137056833,54.0,267.1787448333334,1603.0724690000002,,,,,,,0.24824419617652893,0.4122221767902374,3.535513401031494,36.71778869628906,0.06533613055944443,0.11167487502098083,32,first_k,sum,log1p,"[1,3,7,28]",False,65536,0.75,16384,4.0,False,1.538183541055236,1.2712550111699361,1.7581901141537828,0.8550006566192788,0.9336988885988796,1.197543295798335,0.0087079256772995,0.013927638530731201,0.24279069900512695,1.4653282165527344,0.02139219269156456,0.08138133026659489,58.0,22.0,72.0,27.0,50.0,82.0,131.845086,200.768086,404.184,340.359038,456.254447,69.661812
66,6,1.3124243345079887,0.6406489581532524,1.2904173841630882,0.309328932625552,0.5994265035681339,0.05321553070098162,6.852204178149502,0.3360089957714081,14.719022838560278,53.0,22.5920339943087,53.0,467.95030883333334,2807.701853,,,,,,,0.2474677860736847,0.42455020546913147,3.499183416366577,36.77585220336914,0.05570251867175102,0.11046893894672394,64,gaussian_random_projection,sum,log1p,"[1,7,28]",False,32768,0.75,65536,4.0,False,1.4010370740823606,2.396504507077693,1.495103347869269,0.8888799855766342,0.5132233981981605,1.1797976942438158,0.007931515574455261,0.026255667209625244,0.20646071434020996,1.5233917236328125,0.011758580803871155,0.08017539419233799,49.0,77.0,57.0,31.0,25.0,79.0,129.255982,369.698757,649.800397,547.300786,1050.014651,61.63128
76,6,1.7795853651689164,1.3843244408654132,1.0160614639662595,0.3121009583895405,0.6297002002401904,0.05290004704147577,6.85497620391349,0.3471459150314331,14.749635303763192,58.833333333333336,29.68782017371209,49.5,566.7608634999999,3400.5651809999995,,,,,,,0.2618058919906616,0.4324859380722046,3.4278292655944824,36.84675598144531,0.0590779073536396,0.10190223902463913,64,pca,mean,none,"[1,7,28]",False,32768,0.75,65536,4.0,False,3.933745706276404,3.1208440867344684,0.9783860147695925,0.9302514517963545,0.6605480182737525,1.0537369131629264,0.02226962149143219,0.034191399812698364,0.13510656356811523,1.5942955017089844,0.015133969485759735,0.07160869427025318,93.0,95.0,34.0,32.0,35.0,64.0,153.195679,393.211622,955.048862,631.606304,1202.071407,65.431307
67,6,0.6874184817305284,0.5025119217751061,0.9298907518235713,0.3187175253406167,0.6725457689413975,0.05118978302925825,6.861592770864566,0.31921010464429855,14.79189020366126,33.5,29.330871108782297,32.5,493.1556101666667,2958.933661,,0.383992075920105,,,,,0.24012567102909088,0.3982945382595062,3.4140210151672363,36.94049835205078,0.0664287731051445,0.11018827557563782,64,pca,mean,log1p,"[1,7,28]",False,65536,0.75,16384,8.0,False,0.10411276206519879,0.0,0.8783923597637591,0.9849489506333594,0.9813891438833834,1.17566767403747,0.0005894005298614502,0.0,0.12129831314086914,1.6880378723144531,0.022484835237264633,0.07989473082125187,4.0,1.0,30.0,35.0,53.0,78.0,209.136529,238.653405,949.213235,504.265585,976.238426,81.426481
0,6,1.444803279984196,0.712991921363748,1.2891725421809461,0.3233133104319374,0.563706593308331,0.05893228109925985,6.866188555955887,0.3291509598493576,14.677842749866567,53.833333333333336,32.139798796300305,50.5,416.67784133333333,2500.067048,,,,,,,0.24372950196266174,0.41457241773605347,3.652414321899414,36.694313049316406,0.08756081759929657,0.10454122722148895,64,pca,max,log1p,"[1,7,28]",False,32768,0.75,16384,8.0,False,0.7406998933972073,1.485774907937285,2.6047383725823736,0.8413029107153589,1.9037334188483448,1.092570176424607,0.004193231463432312,0.01627787947654724,0.3596916198730469,1.4418525695800781,0.0436168797314167,0.074247682467103,20.0,31.0,96.0,26.0,80.0,70.0,167.120959,182.938072,968.548023,416.934237,682.015795,82.509962
74,6,1.232410859143418,0.884136583570018,0.953901473401918,0.3252911601836483,0.670914317771634,0.056596879847347736,6.868166405707598,0.33641429245471954,14.790403119823557,49.333333333333336,31.601687718643554,41.5,493.9685778333334,2963.8114670000004,,,,,,,0.24203401803970337,0.4307945668697357,3.4158403873443604,36.944305419921875,0.06503676623106003,0.11098727583885193,32,pca,mean,log1p,null,False,32768,0.25,65536,8.0,False,0.44120658568363974,2.9664629895985284,0.8915675027527347,0.9871703270409175,0.9206326197629185,1.1874251300217686,0.002497747540473938,0.03250002861022949,0.12311768531799316,1.6918449401855469,0.02109282836318016,0.08069373108446598,9.0,93.0,31.0,36.0,47.0,80.0,124.791307,343.111642,724.4603,581.136581,1137.519592,52.792045
45,6,1.5870114920464342,1.0603579643436918,1.7014081046159646,0.32859628430257243,0.5960927405766466,0.04509811196476221,6.871471529826522,0.33999431133270264,14.71149054446517,59.166666666666664,35.6954712346912,69.0,409.0748116666667,2454.44887,,,,,,,0.25362470746040344,0.42636391520500183,3.640246868133545,36.76865768432617,0.047515612095594406,0.09242039173841476,64,first_k,sum,log1p,"[1,3,7,28]",False,32768,0.75,65536,8.0,True,2.4886066620165037,2.5620521399693295,2.5166266903258694,0.8846820738485235,0.15589183890295372,0.9142095472154255,0.014088436961174011,0.028069376945495605,0.34752416610717773,1.5161972045898438,0.0035716742277145386,0.062126846984028816,85.0,87.0,94.0,30.0,6.0,53.0,117.766116,354.957912,467.791315,490.655813,961.087719,62.189995
92,6,1.4024496830597621,0.6580954215365229,1.2367653618536076,0.33706281923999387,0.6938697413392352,0.060819340869784355,6.879938064763944,0.3339550197124481,14.81199709109277,53.666666666666664,31.392143390770034,45.5,266.44849616666664,1598.690977,,,,,,,0.25370484590530396,0.4142051935195923,3.392761468887329,37.00275421142578,0.06554385274648666,0.15065881609916687,64,first_k,max,none,null,False,65536,0.25,16384,4.0,False,2.502762460023953,1.4522562590745105,0.7244394931428741,1.021274464632705,0.9427652792197506,1.771200142264779,0.014168575406074524,0.01591065526008606,0.10003876686096191,1.7502937316894531,0.021599914878606796,0.12036527134478092,86.0,29.0,19.0,40.0,51.0,97.0,119.788882,197.489848,382.027055,349.244147,501.233843,48.907202
99,6,0.9529984307592366,0.6940461901939233,0.9848686898447895,0.34479827030251425,0.7942976422818874,0.027651607990264893,6.887673515826464,0.3311214968562126,14.912320836856013,36.5,25.82053446387197,34.0,384.71677350000004,2308.3006410000003,,,,,,,0.2441934496164322,0.41804954409599304,3.32827091217041,37.2183723449707,0.0804487019777298,0.036706142127513885,64,pca,mean,none,null,True,32768,0.25,16384,4.0,False,0.8226524354131846,1.8031520641429752,0.25742547761188234,1.1470849442763944,1.5933129515690763,0.09436271154190719,0.004657179117202759,0.019755005836486816,0.03554821014404297,1.965911865234375,0.03650476410984993,0.006412597373127937,24.0,50.0,5.0,44.0,77.0,19.0,137.330484,155.131965,852.5875,390.540874,723.419949,49.289869
87,6,1.3447806251872854,0.31320472198845256,1.3372508632139413,0.3454664433375001,0.6775501559084462,0.051286655478179455,6.888341688861449,0.33264605700969696,14.79725745607188,55.666666666666664,13.880441875771343,57.0,392.6228673333333,2355.737204,,,,,,,0.2481304407119751,0.4171616733074188,3.516740560531616,36.97120666503906,0.06793106347322464,0.10887973010540009,32,pca,max,log1p,"[1,7,28]",False,32768,0.25,32768,8.0,False,1.5180895726675703,1.7221110329045575,1.6222449452625554,1.0028668665460267,1.0469591799826907,1.1564121537603125,0.008594170212745667,0.018867135047912598,0.22401785850524902,1.7187461853027344,0.023987125605344772,0.07858618535101414,57.0,42.0,65.0,38.0,57.0,75.0,138.166933,223.548354,782.543083,494.039102,654.253804,63.185928
30,6,1.1059412649143425,0.5355287737478465,1.0735305578556233,0.3466679748768608,0.6680806639925791,0.05630818661302328,6.88954322040081,0.32401731610298157,14.787032389937965,46.666666666666664,33.52412066955174,55.0,347.3666585,2084.199951,,,,,,,0.2417028546333313,0.40633177757263184,3.553670883178711,36.948699951171875,0.07791198045015335,0.10894187539815903,32,gaussian_random_projection,sum,none,"[1,7,28]",False,65536,0.75,16384,4.0,True,0.38270929023597383,0.7336046760718549,1.8896791116317555,0.9897344809702829,1.4825933958352244,1.1573266347409636,0.0021665841341018677,0.00803723931312561,0.26094818115234375,1.6962394714355469,0.03396804258227348,0.07864833064377308,8.0,8.0,78.0,37.0,73.0,76.0,156.06757,210.68206,598.436289,399.104127,647.391358,72.518547
89,6,1.460998758282271,0.6553453903086374,1.260622685849576,0.3481651746357481,0.7068710553789633,0.06395093072205782,6.8910404201596975,0.3381802514195442,14.826245484223652,63.333333333333336,25.41390695400191,58.5,325.385181,1952.311086,,,,,,,0.24993132054805756,0.4264291822910309,3.4381535053253174,37.03944396972656,0.062223780900239944,0.13006076216697693,32,gaussian_random_projection,max,log1p,null,False,65536,0.25,16384,4.0,False,1.8362002026769146,2.568009439191004,1.0531499011346317,1.042682478949231,0.7978550571773242,1.46809547056452,0.010395050048828125,0.028134644031524658,0.1454308032989502,1.7869834899902344,0.018279843032360077,0.09976721741259098,74.0,88.0,39.0,41.0,43.0,95.0,141.637617,202.097303,515.45784,388.916283,649.414945,54.787098
60,6,1.6480086040637574,0.9905597954170705,1.4288467943930059,0.35090851814796525,0.6514381378312301,0.06124384421855211,6.893783763671915,0.34168998152017593,14.769567804864202,65.5,29.541496238342432,72.0,574.474828,3446.848968,,,,,,,0.2485535889863968,0.4348263740539551,3.5918383598327637,36.914459228515625,0.05677563324570656,0.11624939739704132,64,pca,sum,none,"[1,3,7,28]",False,32768,0.75,65536,8.0,False,1.5928352394614584,3.334469028504589,2.166072237111137,0.9697554482706429,0.5600613217101642,1.2648583493245533,0.009017318487167358,0.03653183579444885,0.2991156578063965,1.6619987487792969,0.01283169537782669,0.08595585264265537,60.0,97.0,84.0,34.0,28.0,90.0,158.020681,407.710793,969.100906,638.580733,1204.046427,69.389428
85,6,1.9883791649027112,1.9426933703859688,1.3002056306719552,0.35714772809296846,0.6751337118472869,0.12392386700958014,6.900022973616918,0.32963257282972336,14.792728681754928,53.333333333333336,32.03539708926154,38.5,242.66638299999997,1455.9982979999997,,,,,,,0.2438851147890091,0.4153800308704376,3.436464786529541,36.982322692871094,0.1789245456457138,0.14316067099571228,32,first_k,mean,none,null,False,65536,0.25,16384,8.0,False,0.7681876209152048,1.5594903652926115,1.0409208960512986,1.0093529295236061,5.891459808805008,1.6608633688285381,0.004348844289779663,0.017085492610931396,0.14374208450317383,1.7298622131347656,0.13498060777783394,0.11286712624132633,23.0,32.0,38.0,39.0,92.0,96.0,111.580797,187.631641,324.72486,333.042896,450.387345,48.630759
64,6,3.829639280351215,4.946569735230389,2.1144188053217414,0.36729120432088774,0.5690061631742589,0.16669576801359653,6.910166449844837,0.3851384222507477,14.675323140343444,63.666666666666664,35.23445283620375,66.5,337.1470693333334,2022.8824160000001,,,,,,,0.2631458640098572,0.41655096411705017,3.6465773582458496,36.737728118896484,0.3537258803844452,0.04327051341533661,64,first_k,sum,none,"[1,7,28]",True,65536,0.25,32768,8.0,True,4.170440756485003,1.6663681216485942,2.5624694889948882,0.8666350599081624,13.520963447088542,0.19095880798210002,0.023609593510627747,0.018256425857543945,0.3538546562194824,1.4852676391601562,0.3097819425165653,0.01297696866095066,95.0,38.0,95.0,28.0,97.0,29.0,126.741745,241.021814,370.880871,460.415563,781.326205,42.496218
57,6,1.6655769682398651,1.2233982371352874,1.3281310805861648,0.3817575570816795,0.7787768981985256,0.04207057226449251,6.924632802605629,0.3405686318874359,14.8989899970258,55.0,22.217110523198105,54.0,280.34250366666663,1682.0550219999998,,,,,,,0.2620351314544678,0.41910213232040405,3.501255989074707,37.21677017211914,0.05669756233692169,0.09193582832813263,32,first_k,mean,none,"[1,3,7,28]",False,32768,0.75,32768,4.0,True,3.974238974507456,1.8992277952892453,1.5101120646826833,1.1461500964896465,0.5566537831835933,0.9070790952865665,0.022498860955238342,0.020807594060897827,0.20853328704833984,1.9643096923828125,0.012753624469041824,0.06164228357374668,94.0,56.0,58.0,43.0,27.0,52.0,108.559574,198.216673,411.07548,402.006054,501.132258,61.064983
71,6,2.2031223887152716,2.194364497694436,1.416032292538334,0.3848877490187685,0.7611891439105586,0.0534509913995862,6.927762994542718,0.35034993290901184,14.881260084529845,61.166666666666664,27.18394133797869,64.5,341.4835493333333,2048.901296,,,,,,,0.2762298583984375,0.4244700074195862,3.5283310413360596,37.18204116821289,0.055003952234983444,0.10050193965435028,32,gaussian_random_projection,sum,none,"[1,3,7,28]",False,32768,0.75,32768,4.0,True,6.4816208888830396,2.389184373650512,1.7061784272788132,1.1258861577978547,0.482733269625246,1.0331312150561658,0.03669358789920807,0.026175469160079956,0.23560833930969238,1.9295806884765625,0.011060014367103577,0.07020839489996433,99.0,76.0,69.0,42.0,21.0,60.0,124.044033,207.585372,597.466911,452.766767,603.423047,63.615166
44,6,0.763389233698086,0.6679478527722915,0.5052385662166695,0.39049740849683684,0.9084099602530303,0.015003200620412827,6.933372654020786,0.33039049804210663,15.027184539174979,24.166666666666668,21.470134295496774,15.0,363.05594449999995,2178.335667,,,,,,,0.24256384372711182,0.41821715235710144,3.358410120010376,37.49659729003906,0.054027725011110306,0.030419792979955673,64,gaussian_random_projection,mean,log1p,"[1,3,7,28]",True,32768,0.75,32768,4.0,False,0.5347959411973731,1.8184506261624724,0.475681191235966,1.3094257141012886,0.44012416044730995,0.0018577690441061653,0.0030275732278823853,0.019922614097595215,0.06568741798400879,2.2441368103027344,0.010083787143230438,0.00012624822556972504,11.0,51.0,11.0,51.0,19.0,2.0,125.676571,202.644469,566.507724,442.263983,799.572084,41.670836
37,6,1.7430653108902217,2.138710764732259,1.1205436607036967,0.3948019907499353,0.8721930742479489,0.0296521857380867,6.937677236273885,0.34856759011745453,14.99219189300916,45.166666666666664,38.47813231780704,40.5,354.78678299999996,2128.7206979999996,,,,,,,0.2717823088169098,0.42535287141799927,3.42716383934021,37.42477798461914,0.04432716220617294,0.03265925124287605,32,first_k,mean,none,"[1,7,28]",True,32768,0.75,65536,4.0,True,5.695997788979113,2.4697684065924723,0.9735672722611098,1.2675200491462837,0.01672648259611933,0.03481186576623017,0.03224603831768036,0.027058333158493042,0.13444113731384277,2.1723175048828125,0.00038322433829307556,0.0023657064884901047,98.0,81.0,33.0,48.0,2.0,9.0,95.456772,293.76669,313.561003,470.02179,920.741589,35.172854
40,6,1.1044563903631526,0.5549148542426279,1.2543199643683098,0.39572451543062925,0.8461899652340951,0.03335402254015207,6.938599760954578,0.32578957080841064,14.966371155649291,46.833333333333336,24.991331830590116,47.0,459.94951266666675,2759.6970760000004,,,,,,,0.2485666573047638,0.4030124843120575,3.4684760570526123,37.37059783935547,0.08233454823493958,0.058610979467630386,32,pca,max,none,null,True,65536,0.75,32768,8.0,True,1.5951436505534133,0.43063384711638836,1.2727333155788598,1.23590661315776,1.6756239413686145,0.4166969744038791,0.009030386805534363,0.0047179460525512695,0.17575335502624512,2.1181373596191406,0.03839061036705971,0.028317434713244438,62.0,4.0,47.0,47.0,79.0,42.0,174.673173,253.738142,708.468138,599.020433,970.805111,52.992079
54,6,1.1570296528698665,0.9168918410139837,1.0824245104030514,0.3991864149769147,0.8980579355316072,0.0182424858212471,6.9420616605008645,0.33715789020061493,15.017860300296858,40.833333333333336,30.577224639699836,38.5,411.05786616666666,2466.347197,,,,,,,0.25200989842414856,0.4223058819770813,3.411975383758545,37.48262023925781,0.052468299865722656,0.03099025972187519,64,first_k,mean,log1p,"[1,7,28]",True,32768,0.25,65536,8.0,True,2.2033639103483673,2.1916523004627786,0.8635787407301577,1.3012702800759453,0.37206037913723683,0.010252306464712297,0.012473627924919128,0.024011343717575073,0.11925268173217773,2.2301597595214844,0.008524361997842789,0.0006967149674892426,81.0,68.0,27.0,50.0,16.0,3.0,105.36671,323.668811,371.673993,475.777788,1152.288114,37.571781
77,6,1.3035139642657443,0.4574142787049,1.2702381165160523,0.41275300302853185,0.8257031932884572,0.05724868085235357,6.955628248552482,0.3297487497329712,14.945437392083488,54.166666666666664,27.66526100846812,56.5,387.3612928333334,2324.167757,,,,,,,0.24253320693969727,0.4169642925262451,3.545281410217285,37.34025573730469,0.0735180526971817,0.11521679162979126,64,pca,sum,none,null,False,32768,0.25,16384,4.0,False,0.5293842043615019,1.7040949631579125,1.8289260083037413,1.2182023767392065,1.2908128935423877,1.2496633394897168,0.0029969364404678345,0.01866975426673889,0.25255870819091797,2.0877952575683594,0.029574114829301834,0.08492324687540531,10.0,41.0,74.0,46.0,67.0,87.0,138.419793,162.740229,893.352922,393.577173,680.75135,55.32629
50,6,1.1255918568063776,0.3728029104669459,1.1416632912835474,0.41605420379589003,0.9237104603206475,0.037926859222352505,6.9589294493198395,0.3316989690065384,15.042477758517038,41.833333333333336,13.847984209503803,47.0,368.81126383333327,2212.8675829999997,,,,,,,0.2469763159751892,0.4164216220378876,3.387162446975708,37.55292510986328,0.06614729762077332,0.08394390344619751,32,pca,mean,log1p,null,False,32768,0.25,32768,8.0,True,1.314222918284353,1.6545623323234486,0.6838936855222341,1.342292291289667,0.969103664282742,0.7894762491358218,0.007440045475959778,0.018127083778381348,0.09443974494934082,2.300464630126953,0.022203359752893448,0.05365035869181156,45.0,37.0,16.0,52.0,52.0,49.0,126.125216,210.466012,733.59488,448.186182,643.094894,51.400399
35,6,1.3466500981628187,0.5725171930564134,1.0897042983804566,0.4167014282817642,0.88664966477306,0.05101144779473543,6.959576673805714,0.33561747521162033,15.00610880086963,55.166666666666664,19.456789731779153,53.5,254.27712666666665,1525.66276,,,,,,,0.24555249512195587,0.4256824553012848,3.4363937377929688,37.47618865966797,0.06871417164802551,0.10492852330207825,64,first_k,max,log1p,"[1,7,28]",False,32768,0.25,16384,4.0,False,1.0627166603055946,2.4998514075479523,1.0404063904018799,1.2975175339605718,1.0811392775073636,1.0982693192535495,0.00601622462272644,0.027387917041778564,0.14367103576660156,2.2237281799316406,0.024770233780145645,0.0746349785476923,33.0,83.0,37.0,49.0,58.0,71.0,112.669923,152.344964,460.957724,307.101068,433.905563,58.683518
24,6,1.5606181239976358,0.5083505343316908,1.3947524649264085,0.43608443656315404,0.9202321482869189,0.049502923153340816,6.978959682087104,0.337017759680748,15.040052872914046,61.833333333333336,12.859497138950134,61.0,258.05300416666665,1548.318025,,,,,,,0.2520017623901367,0.42203375697135925,3.4631896018981934,37.563289642333984,0.07696280628442764,0.0962805226445198,64,first_k,mean,none,"[1,3,7,28]",False,32768,0.25,16384,4.0,True,2.2019267467723043,2.1668138990047368,1.2344509875098575,1.3483398661387003,1.441165063714117,0.9710121808460966,0.012465491890907288,0.023739218711853027,0.17046689987182617,2.3108291625976562,0.033018868416547775,0.06598697789013386,80.0,66.0,45.0,53.0,71.0,56.0,116.896338,155.286888,473.449591,302.489937,438.785145,61.410126
48,6,1.4078686422292934,0.36821057466887036,1.2740364280566876,0.4524217629805207,0.9229436529634863,0.05235380958765745,6.99529700850447,0.3323824629187584,15.042898921937791,59.5,16.355427233796124,54.5,413.1542611666667,2478.9255670000002,,,,,,,0.2459447830915451,0.4188201427459717,3.5487911701202393,37.579280853271484,0.06775550544261932,0.1111895963549614,64,pca,max,none,"[1,3,7,28]",False,32768,0.25,16384,4.0,False,1.1320111077477857,1.873488998378064,1.8543422420792244,1.3576705373816693,1.0392966490573112,1.1904023187317057,0.006408512592315674,0.020525604486465454,0.25606846809387207,2.3268203735351562,0.023811567574739456,0.08089605160057545,38.0,52.0,77.0,55.0,54.0,81.0,155.575652,174.608685,971.504933,405.102714,702.671166,69.462417
12,6,0.6153867654708662,0.6573579737271368,0.3133095005572982,0.4611849148447315,1.0897993024967672,0.01273846160620451,7.004060160368681,0.32620248943567276,15.207559709155632,22.833333333333332,22.955754543614262,18.5,490.5747743333334,2943.4486460000003,,,,,,,0.2396169751882553,0.4127880036830902,3.3427836894989014,37.93790054321289,0.04999474808573723,0.04127700254321098,64,pca,mean,log1p,"[1,3,7,28]",True,65536,0.75,16384,4.0,False,0.01425582038087467,1.3229012591255147,0.3625210258862813,1.5669206336487331,0.2640979752283152,0.16162387855547855,8.07046890258789e-05,0.014493465423583984,0.05006098747253418,2.6854400634765625,0.006050810217857361,0.010983457788825035,2.0,25.0,6.0,65.0,12.0,27.0,196.675842,221.546374,879.206754,499.52142,1089.347012,57.151244
19,6,1.6382034291930738,0.5681591986546792,1.4856311502198163,0.4637515330687165,0.918114226234006,0.04706953000277281,7.006626778592666,0.3351544067263603,15.037480947869762,64.83333333333333,14.797522315126496,61.0,261.27230499999996,1567.6338299999998,,,,,,,0.24800743162631989,0.42230138182640076,3.62750506401062,37.573570251464844,0.07773574441671371,0.09064079821109772,64,first_k,sum,log1p,"[1,3,7,28]",False,32768,0.25,16384,8.0,True,1.4963610281247122,2.1912415460415584,2.424355799648392,1.3543384727703325,1.4749012723149202,0.8880224562585278,0.008471161127090454,0.02400684356689453,0.33478236198425293,2.3211097717285156,0.03379180654883385,0.06034725345671177,55.0,67.0,90.0,54.0,72.0,51.0,120.677013,156.033653,478.888947,305.477425,444.524017,62.032775
65,6,0.8821757597508713,0.6373095950617264,0.8575069161733435,0.4640647169823448,1.085084555020483,0.02160208486020565,7.006939962506294,0.3291481211781502,15.202900694747068,31.166666666666668,26.026268781111643,23.5,305.2060315,1831.236189,,,,,,,0.2428162544965744,0.41547998785972595,3.349731683731079,37.931068420410156,0.06996265798807144,0.032580770552158356,64,gaussian_random_projection,mean,log1p,"[1,7,28]",True,32768,0.25,16384,8.0,True,0.5793822302357107,1.5686140098540258,0.4128355347297788,1.5629341755866726,1.1356316021109765,0.03365700598806334,0.0032799839973449707,0.017185449600219727,0.057008981704711914,2.678607940673828,0.026018720120191574,0.0022872257977724075,14.0,33.0,7.0,64.0,61.0,8.0,117.752866,146.198256,557.854448,332.733133,635.646351,41.051135
1,6,3.2800274899876336,5.367926770336167,1.4160919508989602,0.46680740856875974,0.92848169997244,0.05753612518310547,7.0096826540927095,0.3937421888113022,15.037732922308336,49.333333333333336,30.004444115275103,53.0,289.3209353333333,1735.9256119999998,,,,,,,0.24782079458236694,0.4191010892391205,3.386988401412964,37.59833908081055,0.3683832883834839,0.037463270127773285,64,gaussian_random_projection,mean,none,null,True,32768,0.75,16384,8.0,True,1.4633931274100787,1.8991325873108167,0.6826333193340605,1.3687907743878416,14.160711123063773,0.10550400841923312,0.008284524083137512,0.020806550979614258,0.09426569938659668,2.3458786010742188,0.324439350515604,0.007169725373387337,51.0,55.0,15.0,57.0,98.0,20.0,114.746645,141.591492,559.821915,331.784767,547.453855,40.526938
75,6,1.3630671615471093,1.1140033235666122,1.6123039694868742,0.4775091779107849,0.9720457866111946,0.015528939664363861,7.020384423434734,0.3344443440437317,15.090292277107066,49.5,37.46331538985838,53.5,272.91874816666666,1637.512489,,,,,,,0.2508430480957031,0.41804563999176025,3.6853833198547363,37.689208984375,0.0455181747674942,0.03330737352371216,32,first_k,max,log1p,"[1,3,7,28]",True,32768,0.75,32768,4.0,True,1.997249384730795,1.8027957142808568,2.843486259202939,1.4218122246928915,0.06871026569150394,0.04434912068366909,0.011306777596473694,0.01975110173225403,0.39266061782836914,2.436748504638672,0.001574236899614334,0.00301382876932621,79.0,49.0,98.0,58.0,3.0,10.0,97.199874,176.289309,319.021763,390.793144,618.299678,35.908721
93,6,1.1826599657292116,0.8493289318271547,1.2247688059155146,0.4801224125549197,1.0947636001414047,0.016301818192005157,7.022997658078869,0.335217222571373,15.214018323123396,44.0,27.313000567495326,38.0,400.22516683333333,2401.351001,,,,,,,0.25256502628326416,0.4178694188594818,3.4123799800872803,37.96550750732422,0.05539456382393837,0.03426945209503174,32,pca,sum,log1p,"[1,3,7,28]",True,32768,0.75,32768,8.0,True,2.3014226866535936,1.7867110063823348,0.866508660485405,1.5830289513456244,0.4997821814287037,0.058506308079608306,0.013028755784034729,0.019574880599975586,0.11965727806091309,2.7130470275878906,0.011450625956058502,0.00397590734064579,83.0,48.0,28.0,68.0,24.0,13.0,130.715378,202.526385,707.50003,488.306078,826.676657,45.626473
84,6,2.5129449278398415,3.554328481026176,1.2431746052967259,0.481115674910446,0.9693522833193595,0.09698984865099192,7.023990920434396,0.3389625549316406,15.083372659871184,50.5,37.19542982679458,40.5,645.6536118333332,3873.9216709999996,,,,,,,0.243362694978714,0.4108039140701294,3.3953311443328857,37.70566177368164,0.26712119579315186,0.12166479974985123,64,pca,mean,none,null,False,65536,0.25,65536,8.0,False,0.6759064527591698,1.1418020830145565,0.7430480229731952,1.4314122211315665,9.740953659581665,1.3445471275788952,0.003826424479484558,0.012509375810623169,0.10260844230651855,2.4532012939453125,0.223177257925272,0.09137125499546528,18.0,16.0,22.0,59.0,95.0,93.0,197.501667,368.056892,884.62217,655.8226,1704.941811,62.976531
43,6,1.2188749431395196,0.6014182555160011,1.217966667335967,0.481408993092676,1.0894551100399332,0.028912988491356373,7.024284238616626,0.33457592129707336,15.207985436829237,50.5,18.748333259252675,54.5,376.6472314999999,2259.8833889999996,,,,,,,0.24875801801681519,0.42039382457733154,3.390148401260376,37.956783294677734,0.06360165774822235,0.06602023541927338,32,first_k,sum,log1p,null,True,65536,0.25,65536,8.0,False,1.6289459484358344,2.017127915319304,0.7055167350300222,1.577938482563976,0.8579948521079582,0.5257257253800239,0.009221747517585754,0.022099286317825317,0.09742569923400879,2.7043228149414062,0.019657719880342484,0.03572669066488743,65.0,63.0,18.0,67.0,46.0,44.0,111.926767,281.011646,315.257761,475.566949,1035.185681,40.934585
80,6,1.2055617956330547,0.46301781703355543,1.1274682299909848,0.48524939237783354,1.0689388125561479,0.053069776855409145,7.028124637901783,0.33131689578294754,15.187299301517628,50.833333333333336,25.592316555299693,57.0,347.7201978333333,2086.321187,,,,,,,0.24335654079914093,0.41927725076675415,3.4077682495117188,37.91796875,0.06789951026439667,0.11247752606868744,32,gaussian_random_projection,mean,none,"[1,7,28]",False,65536,0.25,16384,4.0,False,0.6748193674900965,1.9152118547534283,0.8331124095568561,1.555290682015977,1.0455819861419666,1.209354473840003,0.003820270299911499,0.020982712507247925,0.11504554748535156,2.665508270263672,0.0239555723965168,0.08218398131430149,17.0,58.0,25.0,63.0,56.0,86.0,155.760718,216.037984,576.390363,397.49104,667.81011,72.830972
56,6,1.56655510899218,1.270284413899159,1.1449146723387589,0.48562122229486704,0.9304040519301073,0.02415742538869381,7.028496467818816,0.33466340601444244,15.044314704888622,56.833333333333336,29.068310351079344,52.0,542.5459271666666,3255.2755629999997,,,,,,,0.24386167526245117,0.4254651367664337,3.7961370944976807,37.59518814086914,0.06508819013834,0.045238569378852844,64,pca,max,log1p,null,True,32768,0.75,65536,8.0,False,0.7640472210889278,2.480015505299344,3.645519419782656,1.3669522404072374,0.9228771042702806,0.21991916310463389,0.004325404763221741,0.02717059850692749,0.5034143924713135,2.3427276611328125,0.02114425227046013,0.014945024624466896,22.0,82.0,99.0,56.0,48.0,34.0,142.437589,365.25701,857.968533,625.127096,1216.727836,47.757499
27,6,0.8920628483928174,1.3401608771093039,0.14667401681846404,0.48981453012675047,1.1771422824838795,0.004884400404989719,7.0326897756507,0.337231308221817,15.292982677123428,32.666666666666664,40.53969248362235,12.5,562.713721,3376.2823259999996,,,3.671522378921509,,,,0.2400767207145691,0.43438589572906494,3.292722702026367,38.14494705200195,0.0484776571393013,0.035528626292943954,64,pca,mean,log1p,"[1,7,28]",True,32768,0.75,65536,8.0,False,0.09546609109932484,3.294264059328172,0.0,1.6877296776333215,0.19788194253760322,0.07703531975848207,0.0005404502153396606,0.036091357469558716,0.0,2.892486572265625,0.0045337192714214325,0.005235081538558006,3.0,96.0,1.0,71.0,8.0,17.0,146.369847,369.365131,888.286863,625.667837,1297.614982,48.977666
61,6,5.842117704902447,9.885734153159698,2.107628366955666,0.49712685278306407,0.772827325406782,0.18066710978746414,7.0400020983070135,0.527110293507576,14.860960447579883,65.66666666666667,32.481789770064495,68.0,207.76613733333332,1246.596824,,,,,,,0.26025283336639404,0.4174523651599884,3.633340358734131,37.252655029296875,0.6367682218551636,0.03954378142952919,32,first_k,max,none,null,True,32768,0.25,16384,8.0,True,3.6594106576471055,1.7486441363786285,2.466612597532704,1.167088461084735,25.874831209407485,0.13611916736402557,0.020716562867164612,0.019157826900482178,0.34061765670776367,2.000194549560547,0.5928242839872837,0.009250236675143242,91.0,43.0,92.0,45.0,100.0,23.0,90.966691,126.686622,301.967459,279.879221,412.008716,35.088115
95,6,1.5025675999756016,0.28731093381307404,1.4827633418462174,0.499729475316902,1.0363613929569164,0.05572343152016401,7.042604720840852,0.3319772854447365,15.1563213458547,64.5,20.69541011915444,67.5,402.87501233333336,2417.250074,,,,,,,0.24983491003513336,0.4141196608543396,3.546656370162964,37.85933303833008,0.06993159651756287,0.11575274914503098,64,pca,max,none,"[1,3,7,28]",False,32768,0.75,16384,4.0,False,1.8191700775173394,1.444449204843366,1.8388829011903123,1.5210774788490689,1.1342758710314065,1.2575500664221162,0.01029863953590393,0.015825122594833374,0.2539336681365967,2.60687255859375,0.025987658649683,0.08545920439064503,73.0,28.0,75.0,62.0,60.0,89.0,154.455534,167.663869,959.742206,402.980809,663.567681,68.839975
4,6,2.1389279226691604,2.8596309602995498,1.23173392317626,0.5029020846510927,1.074832479095364,0.06761316955089569,7.045777330175042,0.32958656549453735,15.191109196432064,43.5,30.07158126869952,31.5,221.6217588333333,1329.7305529999999,,,,,,,0.24557417631149292,0.4135989546775818,3.412644624710083,37.94440460205078,0.2243824154138565,0.03405920788645744,32,first_k,mean,none,"[1,7,28]",True,32768,0.75,16384,8.0,True,1.0665464643407079,1.3969213820118125,0.8684251077030387,1.5707156704973169,7.875546390884278,0.05541252057780923,0.006037905812263489,0.015304416418075562,0.11992192268371582,2.691944122314453,0.18043847754597664,0.003765663132071495,34.0,27.0,29.0,66.0,93.0,12.0,94.040002,127.101729,323.153443,278.653182,471.489787,35.29241
58,6,1.7171907118684953,0.3877204320389603,1.6300640817929648,0.5049527358884612,1.015647591655986,0.0651969751343131,7.047827981412411,0.3323059231042862,15.135469646875615,69.33333333333333,19.996666388842584,75.5,678.5866333333335,4071.5198000000005,,,,,,,0.249091237783432,0.4155206084251404,3.5993080139160156,37.818416595458984,0.0925716981291771,0.11205973476171494,64,pca,sum,none,"[1,3,7,28]",False,65536,0.25,65536,8.0,False,1.6878064830290986,1.5723216805568307,2.2201643914611053,1.4972032470379792,2.1224418817492103,1.2032065873767472,0.009554967284202576,0.017226070165634155,0.30658531188964844,2.5659561157226562,0.048627760261297226,0.08176619000732899,68.0,34.0,86.0,61.0,83.0,84.0,204.772606,396.91974,971.01793,670.195902,1743.822207,84.791415
91,6,1.1478266158777048,0.7630010173334599,1.38073042007889,0.5156351088856658,1.1655220256269538,0.01756074372678995,7.0585103544096155,0.334424190223217,15.285088970798029,47.5,22.492220877450052,51.5,661.0340723333334,3966.204434,,,,,,,0.24897746741771698,0.41987091302871704,3.4437601566314697,38.144500732421875,0.05011419951915741,0.043838657438755035,64,pca,sum,log1p,"[1,7,28]",True,65536,0.25,65536,8.0,False,1.6677098824737113,1.9693987956190728,1.0937509576840685,1.6874692557498703,0.2693116376253422,0.19931916611416545,0.009441196918487549,0.021576374769210815,0.15103745460510254,2.892040252685547,0.006170261651277542,0.013545112684369087,67.0,61.0,42.0,70.0,13.0,32.0,201.266129,362.424844,865.626394,654.416847,1825.483088,56.987132
94,6,1.1639917407895963,0.571741298637915,1.342043098217205,0.5285840441162387,1.140552829995519,0.04893855284899473,7.071459289640188,0.32329022884368896,15.260330093209006,51.0,24.94794580722028,60.0,491.8830126666667,2951.298076,,,,,,,0.247257262468338,0.3993231952190399,3.5063695907592773,38.10369110107422,0.07419218122959137,0.09792240709066391,64,pca,mean,none,"[1,7,28]",False,65536,0.75,16384,8.0,True,1.3638498085097983,0.09389138809832263,1.5471426592086368,1.663657347124564,1.3202363879246115,0.9951728538716459,0.0077209919691085815,0.0010286569595336914,0.21364688873291016,2.8512306213378906,0.030248243361711502,0.06762886233627796,46.0,3.0,62.0,69.0,68.0,58.0,207.001702,238.449158,940.838604,505.772871,978.601324,80.634417
59,6,0.9907903573395077,0.7634969619750813,0.9895918440258693,0.5492880086724957,1.2318051778989993,0.014937500469386578,7.092163254196445,0.3302231505513191,15.351846989873948,36.833333333333336,25.38831752335445,36.0,547.1296133333333,3282.7776799999997,,,,,,,0.24261556565761566,0.4178307354450226,3.4909183979034424,38.31141662597656,0.04956585168838501,0.040632348507642746,64,pca,sum,log1p,"[1,7,28]",True,65536,0.75,32768,8.0,True,0.5439321953594883,1.7831801504966116,1.4352514926922502,1.7848625885044884,0.2453780573916672,0.15213765959254066,0.0030792951583862305,0.019536197185516357,0.1981956958770752,3.0589561462402344,0.005621913820505142,0.010338803753256798,12.0,47.0,53.0,74.0,10.0,25.0,200.787545,280.937842,862.587024,652.657262,1228.81682,56.991187
47,6,1.7310632679330553,0.8907024054457554,1.664731363177134,0.5509103210642934,1.1891361490326162,0.04659144766628742,7.0937855665882426,0.3357411324977875,15.308901253026669,64.66666666666667,17.119190011991417,66.0,227.7219356666666,1366.3316139999997,,,,,,,0.24856284260749817,0.4229194223880768,3.5020058155059814,38.225948333740234,0.11250194907188416,0.050775036215782166,32,first_k,max,none,"[1,3,7,28]",True,32768,0.25,16384,4.0,False,1.594469815616651,2.247653633374477,1.515541998465979,1.7349929107376172,2.99233181884015,0.3013894305634597,0.009026572108268738,0.024624884128570557,0.20928311347961426,2.9734878540039062,0.06855801120400429,0.020481491461396217,61.0,71.0,60.0,73.0,87.0,36.0,95.999867,129.853914,313.947298,289.752817,501.313117,35.464601
78,6,1.2975605636575922,0.7573667791875079,1.2634190606340203,0.5579297017926971,1.179645853932251,0.020931570790708065,7.100804947316647,0.3274576961994171,15.299779772534237,52.5,28.960317677815624,54.5,548.025181,3288.151086,,,,,,,0.24676501750946045,0.4081503748893738,3.629971504211426,38.20384216308594,0.07258158922195435,0.0435190349817276,64,pca,max,none,"[1,7,28]",True,65536,0.25,32768,4.0,True,1.276898779990261,0.8995984263481279,2.442216742410934,1.7220942371085604,1.2499393412777797,0.19461585480989066,0.007228747010231018,0.009855836629867554,0.3372488021850586,2.9513816833496094,0.028637651354074478,0.013225490227341652,44.0,12.0,91.0,72.0,65.0,31.0,200.570263,285.208556,864.98425,646.226496,1234.666432,56.495089
69,6,1.3151213747215478,0.6465732261965231,1.4919110951009833,0.567752624861896,1.2506184822851403,0.04422940034419298,7.110627870385845,0.33397964388132095,15.370045656961338,51.833333333333336,23.447103588005632,57.0,430.39014233333336,2582.340854,,,,,,,0.24872244894504547,0.41923683881759644,3.480686902999878,38.36916732788086,0.0481436587870121,0.0978100448846817,64,first_k,mean,log1p,"[1,3,7,28]",False,65536,0.75,65536,4.0,True,1.6226629640840715,1.911523225646309,1.361159226117895,1.8185593995606215,0.18330401241035385,0.9935194205100345,0.00918617844581604,0.02094230055809021,0.18796420097351074,3.1167068481445312,0.004199720919132233,0.06751650013029575,64.0,57.0,51.0,75.0,7.0,57.0,142.81263,339.468707,469.177449,497.113561,1062.70227,71.066237
18,6,3.937422769888231,5.7628871355099,1.4664105824016493,0.5757550488536557,0.9591922299098944,0.18952388036996126,7.118630294377605,0.4009433686733246,15.064390849575268,60.0,35.68192819901974,57.0,555.260796,3331.564776,,,,,,,0.24796652793884277,0.4058413505554199,3.877992630004883,37.7266960144043,0.39604538679122925,0.05723985657095909,64,pca,max,none,"[1,7,28]",True,65536,0.25,32768,8.0,False,1.4891357277285708,0.6888406048426858,4.238283450312869,1.4436854370747276,15.368070785161866,0.39652061420866735,0.008430257439613342,0.007546812295913696,0.5852699279785156,2.4742355346679688,0.3521014489233494,0.026946311816573143,54.0,7.0,100.0,60.0,99.0,40.0,201.205835,288.667546,889.252193,655.921416,1240.146754,56.371032
7,6,1.5646780148297006,0.5891349342625851,1.3717702438546375,0.6113298979277412,1.3267209940584177,0.0662759905681014,7.154205143451691,0.329012468457222,15.445777196901759,57.0,24.931907267595875,61.5,508.9958188333333,3053.974913,,,,,,,0.24549704790115356,0.4125278890132904,3.4921791553497314,38.5682373046875,0.10292327404022217,0.10386618971824646,64,pca,mean,none,"[1,3,7,28]",False,65536,0.25,16384,8.0,True,1.0529223642130476,1.299159109533379,1.4443813781758963,1.9347142370640438,2.5742541416117044,1.0826368583801325,0.005960777401924133,0.01423335075378418,0.19945645332336426,3.315776824951172,0.0589793361723423,0.07357264496386051,32.0,24.0,54.0,77.0,86.0,69.0,200.707878,254.483459,978.380708,511.117813,1024.887908,84.397147
72,6,1.404619355356805,0.723219476762646,1.1068976583457104,0.6210044221952558,1.299156797197845,0.04307705815881491,7.163879667719205,0.32818111777305603,15.419141488012365,53.0,30.21919919521363,49.0,321.3638675,1928.1832050000003,,,,,,,0.2451503574848175,0.41121187806129456,3.655900239944458,38.510623931884766,0.05977924168109894,0.10061235725879669,64,first_k,max,log1p,null,False,65536,0.25,32768,8.0,True,0.9916823499993419,1.1790392834919565,2.6299819534553674,1.9010975558182033,0.6911589561764969,1.034756033199464,0.005614086985588074,0.01291733980178833,0.3631775379180908,3.2581634521484375,0.01583530381321907,0.07031881250441074,28.0,19.0,97.0,76.0,37.0,61.0,123.377332,245.77755,389.012612,460.799197,660.454748,48.761766
51,6,1.1736412997372214,0.47856175739962387,1.061533134200197,0.6396810247873267,1.4428448133543128,0.052336509339511395,7.182556270311276,0.32581447809934616,15.560650263091475,47.5,29.34450544820955,49.5,559.5328176666666,3357.1969059999997,,,,,,,0.24381552636623383,0.4078134298324585,3.42922306060791,38.835575103759766,0.07151394337415695,0.10739655792713165,64,pca,mean,log1p,"[1,7,28]",False,65536,0.25,32768,8.0,False,0.7558953976547386,0.8688435290877375,0.9884793034491302,2.0907024935951797,1.2033401096852783,1.1345869649512639,0.0042792558670043945,0.00951889157295227,0.13650035858154297,3.5831146240234375,0.027570005506277084,0.0771030131727457,21.0,10.0,36.0,81.0,63.0,74.0,212.636446,311.537743,946.479209,665.169563,1139.854587,81.519358
62,6,1.215083000049151,0.4931801822299368,1.1616561317542013,0.6420920190090934,1.442031890113877,0.047387936152517796,7.184967264533043,0.3286990597844124,15.560247987860198,49.0,27.077666073722085,40.0,477.6043443333333,2865.626066,,,,,,,0.2457195669412613,0.4116785526275635,3.448160171508789,38.83572769165039,0.0568322017788887,0.11168540269136429,32,gaussian_random_projection,mean,none,"[1,3,7,28]",False,65536,0.75,65536,8.0,False,1.0922285248016004,1.2216353330409089,1.1256140508385104,2.090791526717727,0.5625303522262676,1.1976982126698923,0.00618329644203186,0.013384014368057251,0.15543746948242188,3.5832672119140625,0.012888263911008835,0.08139185793697834,37.0,20.0,43.0,82.0,29.0,83.0,158.058444,336.921643,600.300878,560.045257,1133.512933,76.786911
3,6,1.519139086924911,0.6360715351599254,1.513780540266946,0.6427731721972426,1.4242194261265537,0.047670149244368076,7.185648417721192,0.3364246115088463,15.543222179555531,60.833333333333336,16.545895765012745,62.5,312.7586401666667,1876.551841,,,,,,,0.2488684207201004,0.42398080229759216,3.483166217803955,38.799129486083984,0.05879800021648407,0.09994757920503616,64,first_k,max,log1p,"[1,3,7,28]",False,32768,0.25,32768,4.0,False,1.6484476790861113,2.344531831767502,1.3791134014477808,2.0694369322747295,0.6483309918734588,1.0249736850998832,0.009332150220870972,0.025686264038085938,0.1904435157775879,3.5466690063476562,0.014854062348604202,0.06965403445065022,66.0,74.0,52.0,80.0,34.0,59.0,117.867337,219.238959,473.308944,405.757743,598.695029,61.683829
36,6,1.1300483830805577,1.035095456199777,0.9019203011355023,0.6546388190860549,1.4864097510680037,0.017558284103870392,7.197514064610004,0.3331933096051216,15.605934417166575,42.833333333333336,34.324432503199034,36.5,456.0535468333333,2736.321281,,,,,,,0.24106357991695404,0.4253230392932892,3.4930686950683594,38.93721389770508,0.05203200504183769,0.03638317063450813,64,pca,sum,log1p,"[1,7,28]",True,32768,0.25,32768,8.0,False,0.269786662806154,2.4670454584094146,1.4508230579677803,2.1500074565240133,0.35301754430322424,0.08961011847275975,0.0015273094177246094,0.02702850103378296,0.2003459930419922,3.68475341796875,0.008088067173957825,0.006089625880122185,6.0,80.0,55.0,83.0,15.0,18.0,147.107203,226.258809,869.697268,515.210845,929.532498,48.514658
88,6,3.111617618185543,2.899006770660429,2.0040414281546415,0.6565630600477258,1.3774659830281948,0.10786250419914722,7.199438305571675,0.34262561798095703,15.495157663593998,71.0,24.454038521274967,72.0,216.64268849999996,1299.8561309999998,,,,,,,0.2651752233505249,0.42007601261138916,3.5195810794830322,38.71434020996094,0.23402999341487885,0.04342731460928917,32,first_k,max,none,"[1,7,28]",True,32768,0.75,16384,8.0,False,4.528910414171591,1.9881194044060893,1.6428148120651576,2.019963451903194,8.296631456221109,0.19326617034612054,0.02563895285129547,0.021781474351882935,0.22685837745666504,3.4618797302246094,0.19008605554699898,0.013133769854903221,96.0,62.0,66.0,78.0,94.0,30.0,95.39604,125.135871,305.08913,276.138979,462.365124,35.730987
13,6,1.8387228333960106,0.5433673067567572,1.8276689937024382,0.6632166017467777,1.3905893083549652,0.06440835725516081,7.206091847270727,0.3319202810525894,15.510650732494543,67.66666666666667,21.275964529643932,73.5,681.0315168333333,4086.189101,,,,,,,0.2478160262107849,0.4160245358943939,3.626084089279175,38.74357223510742,0.09941349178552628,0.10364070534706116,64,pca,sum,none,"[1,3,7,28]",False,65536,0.25,65536,8.0,True,1.4625508337391258,1.6183180150496612,2.4140656866600168,2.0370199723552154,2.4210636838740154,1.0793188086980288,0.008279755711555481,0.017729997634887695,0.3333613872528076,3.4911117553710938,0.05546955391764641,0.07334716059267521,50.0,35.0,89.0,79.0,85.0,68.0,204.221111,403.52583,973.56943,671.267832,1748.548132,85.056766
41,6,1.3511188386755117,0.567600698125172,1.18193614165259,0.6790496231988072,1.4811821718855542,0.05043755378574133,7.221924868722756,0.32702454924583435,15.600846060491497,54.0,30.489342400255207,64.5,404.7336196666666,2428.4017179999996,,,,,,,0.24302831292152405,0.41102078557014465,3.5537524223327637,38.94863510131836,0.07148954272270203,0.10362304747104645,64,pca,sum,none,"[1,3,7,28]",False,32768,0.75,16384,4.0,True,0.6168406090836108,1.1615971818438384,1.8902695845582698,2.1566715857466874,1.2022751014613418,1.079058969359323,0.0034920424222946167,0.012726247310638428,0.2610297203063965,3.6961746215820312,0.02754560485482216,0.0733295027166605,15.0,17.0,79.0,84.0,62.0,67.0,154.362234,169.995365,968.900361,405.420378,661.143027,68.580353
8,6,1.3971778665813124,0.8678470697331837,1.2484176744946902,0.6986280602092544,1.5239390545488476,0.020245561376214027,7.241503305733204,0.32872699946165085,15.644331266262952,51.833333333333336,34.77019796703301,53.5,402.4691505,2414.814903,,,,,,,0.24673600494861603,0.41071799397468567,3.6354947090148926,39.05008316040039,0.07201160490512848,0.03397636115550995,64,pca,max,none,"[1,3,7,28]",True,32768,0.75,16384,4.0,False,1.271773949436058,1.1339596658199957,2.482213513801657,2.2158652572723367,1.2250613995533226,0.05419341360450254,0.007199734449386597,0.012423455715179443,0.3427720069885254,3.7976226806640625,0.02806766703724861,0.0036828164011240005,43.0,15.0,93.0,85.0,64.0,11.0,144.415157,154.0313,884.72579,392.682194,789.870912,49.08955
38,6,1.268720895876385,0.5551407272480902,1.1014347611445703,0.7000291872148713,1.5582170692559838,0.049559847451746464,7.242904432738821,0.3265867829322815,15.677029358672646,51.666666666666664,30.48715576544763,49.5,534.8059563333334,3208.835738,,,,,,,0.24518010020256042,0.40799346566200256,3.5016233921051025,39.1292724609375,0.061112139374017715,0.11224503815174103,64,pca,sum,log1p,null,False,65536,0.75,32768,4.0,True,0.9969361567719095,0.8852764261645126,1.512772645910047,2.262071222046382,0.7493355588482286,1.205933365517231,0.005643829703330994,0.009698927402496338,0.20890069007873535,3.876811981201172,0.017168201506137848,0.08195149339735508,29.0,11.0,59.0,86.0,40.0,85.0,199.482372,284.397372,897.32306,649.110356,1114.784828,63.73775
11,6,1.422460047216261,0.5501667855780555,1.2085299659223185,0.7082980520402392,1.587723688392993,0.04847647901624441,7.251173297564189,0.3320683538913727,15.706034692688613,56.833333333333336,20.52721770398187,51.0,326.85594433333335,1961.1356660000001,,,,,,,0.24522969126701355,0.4189070165157318,3.4726808071136475,39.199031829833984,0.06520123034715652,0.10598921030759811,32,first_k,mean,none,"[1,3,7,28]",False,65536,0.25,32768,4.0,True,1.0056960109498176,1.8814184628671882,1.3031823814619126,2.3027749398469965,0.9278109377889266,1.1138775503827245,0.005693420767784119,0.020612478256225586,0.17995810508728027,3.9465713500976562,0.021257292479276657,0.07569566555321217,30.0,53.0,48.0,88.0,49.0,73.0,133.354584,259.172813,407.97151,474.567928,614.687682,71.381149
16,6,1.397249868022966,0.9364675802398948,1.3517630401481706,0.711495160125196,1.5783560823801606,0.04989450890570879,7.254370405649145,0.33407630026340485,15.697543859533583,55.5,34.396220722631725,65.0,599.0594611666667,3594.356767,,,,,,,0.24153700470924377,0.4266155958175659,3.5208301544189453,39.181243896484375,0.054234277456998825,0.10176150500774384,64,pca,max,log1p,"[1,7,28]",False,32768,0.25,65536,4.0,True,0.3534132634931498,2.585024465050171,1.6518600976265838,2.2923959035860317,0.4491394957121021,1.0516659826697576,0.0020007342100143433,0.028321057558059692,0.22810745239257812,3.928783416748047,0.010290339589118958,0.07146796025335789,7.0,89.0,67.0,87.0,20.0,63.0,155.402287,405.953837,963.405858,631.611762,1372.664438,65.318585
9,6,1.4686733217740813,0.7369009497478165,1.3136595718842634,0.7346273154641191,1.5962915492875531,0.042047579772770405,7.277502560988069,0.3293227180838585,15.716295439132585,55.666666666666664,31.979159880563884,60.5,557.9380323333335,3347.628194000001,,,,,,,0.2480577975511551,0.4105876386165619,3.6129558086395264,39.236270904541016,0.05504761263728142,0.1020956039428711,64,pca,max,none,"[1,7,28]",False,65536,0.75,32768,8.0,True,1.5052577550241502,1.1220613887443769,2.3189960924331845,2.324503473404693,0.48463890266105314,1.0565823183770304,0.00852152705192566,0.012293100357055664,0.3202331066131592,3.9838104248046875,0.01110367476940155,0.07180205918848515,56.0,14.0,88.0,89.0,22.0,65.0,212.307111,302.468452,951.278847,659.174311,1140.786675,81.612798
97,6,1.7173702692843185,0.42679492995329654,1.7409540276827,0.7419613286231955,1.6247552207887366,0.06812942307442427,7.284836574147145,0.3302573561668396,15.743611330908145,70.66666666666667,27.565679143940326,76.0,491.37685933333336,2948.261156,,,,,,,0.2494547963142395,0.4110599160194397,3.531604290008545,39.30640411376953,0.08841594308614731,0.12208038568496704,32,gaussian_random_projection,sum,none,"[1,7,28]",False,65536,0.25,65536,8.0,False,1.7520261111037996,1.1651688411488883,1.7298819442616002,2.3654253223555495,1.9410568353020472,1.3506625615340258,0.00991852581501007,0.012765377759933472,0.23888158798217773,4.053943634033203,0.04447200521826744,0.09178684093058109,70.0,18.0,71.0,90.0,81.0,94.0,157.475207,333.368829,575.622202,551.677528,1257.035738,73.081652
26,6,3.991222825327345,4.976063510400438,2.401871757643771,0.7860930186385909,1.721486635124511,0.04516851156949997,7.32896826416254,0.38730986416339874,15.831250352258659,61.833333333333336,43.36088867478002,82.0,440.4647048333333,2642.788229,,,,,,,0.26941797137260437,0.4234832227230072,3.353178024291992,39.54497528076172,0.3511365056037903,0.03161858022212982,32,gaussian_random_projection,mean,none,"[1,7,28]",True,32768,0.25,65536,8.0,True,5.278357000908098,2.2991149058291085,0.4377925117846397,2.504628609458434,13.407945749944442,0.019498174039347515,0.02988170087337494,0.025188684463500977,0.060455322265625,4.292514801025391,0.3071925677359104,0.0013250354677438736,97.0,73.0,9.0,91.0,96.0,5.0,113.167936,318.28458,502.082812,527.237738,1141.173326,40.841837
21,6,1.7160492374759606,0.7859745978322994,1.7300631818091454,0.8690044367685914,1.91993979983796,0.05257128272205591,7.411879682292541,0.33259572088718414,16.03917691753506,67.16666666666667,30.805302573853524,81.5,479.29089183333343,2875.7453510000005,,,,,,,0.2508143484592438,0.4143770933151245,3.596785306930542,40.03377151489258,0.05617627501487732,0.11935355514287949,32,gaussian_random_projection,sum,none,"[1,3,7,28]",False,65536,0.75,65536,8.0,False,1.9921798296987483,1.4679465339195426,2.2018959878486886,2.7898350883987617,0.5339013052000978,1.3105366797899238,0.011278077960014343,0.016082555055618286,0.3040626049041748,4.78131103515625,0.012232337146997452,0.08906001038849354,78.0,30.0,85.0,92.0,26.0,92.0,159.633303,340.059187,602.062211,562.807614,1135.508536,75.6745
83,6,1.5880150688631405,1.0129795263397416,1.8574171504195822,0.8772441145653526,1.9707553671794436,0.02240522112697363,7.420119360089302,0.33451421558856964,16.090423668224446,60.833333333333336,29.219285868526402,65.0,329.595882,1977.575292,,,,,,,0.24969545006752014,0.41933298110961914,3.599313735961914,40.145469665527344,0.05283878371119499,0.05406554415822029,64,first_k,max,none,"[1,7,28]",True,65536,0.75,32768,4.0,False,1.7945356198096942,1.9202986810294702,2.220205828157703,2.8550095599315335,0.3882307811034534,0.3498099431469882,0.01015917956829071,0.021038442850112915,0.3065910339355469,4.893009185791016,0.008894845843315125,0.023771999403834343,71.0,59.0,87.0,93.0,17.0,38.0,125.453762,233.590766,360.832489,465.569151,749.796558,42.332566
98,6,1.5191321314614423,0.9587561853450556,1.4125786747595042,0.9053237186744809,2.1377756399871863,0.033648332580924034,7.44819896419843,0.33110949397087097,16.25061893876015,55.833333333333336,35.47628315743726,69.0,341.33387049999993,2048.0032229999997,,,,,,,0.2505339980125427,0.4116849899291992,3.323294162750244,40.52127456665039,0.08066914230585098,0.10173692554235458,64,gaussian_random_projection,mean,none,null,False,32768,0.75,32768,8.0,False,1.9426582261821723,1.222222902279211,0.2213859107462188,3.0742870116255,1.6029344472397975,1.0513042906957535,0.010997727513313293,0.013390451669692993,0.030571460723876953,5.2688140869140625,0.036725204437971115,0.07144338078796864,76.0,21.0,4.0,94.0,78.0,62.0,116.820262,205.662975,576.426215,447.111772,654.446584,47.535415
46,6,1.814487839503511,1.5576010035373464,1.507853078474905,0.9305289617429177,2.179162010356314,0.05181744694709778,7.473404207266867,0.33210449665784836,16.29344326659399,47.333333333333336,38.65057136274529,42.5,360.78067783333336,2164.684067,,,,,,0.0315609090030193,0.24665875732898712,0.4175502359867096,3.3771018981933594,40.63043212890625,0.13838867843151093,0.030293544754385948,64,gaussian_random_projection,mean,none,"[1,3,7,28]",True,32768,0.25,32768,4.0,False,1.2581287919666242,1.7575773649831856,0.611039340258729,3.1379790816678574,4.122202458144669,0.0,0.00712248682975769,0.01925569772720337,0.08437919616699219,5.377971649169922,0.09444474056363106,0.0,41.0,44.0,13.0,95.0,90.0,1.0,124.18038,207.614114,566.569339,446.849592,776.652919,42.817723
10,6,1.838617095733449,1.4710706834567835,1.8303140712856263,1.2157557575652997,2.887647921806312,0.03984745405614376,7.758631003089249,0.3365866616368294,17.0006750849254,55.5,38.80592738229561,65.5,356.83574300000004,2141.014458,,,,,,,0.24736596643924713,0.4258073568344116,3.3890984058380127,42.362178802490234,0.096126027405262,0.031209459528326988,64,gaussian_random_projection,mean,none,"[1,7,28]",True,32768,0.25,32768,4.0,False,1.3830514720397984,2.511251882907788,0.6979131012043834,4.148431570254924,2.277576670531454,0.013477877462344332,0.0078296959400177,0.027512818574905396,0.09637570381164551,7.109718322753906,0.052182089537382126,0.00091591477394104,47.0,85.0,17.0,96.0,84.0,4.0,121.833237,207.623901,568.567582,441.445377,760.417151,41.12721
25,6,2.3094236957028635,1.4728768533634073,1.7297304598187762,1.3406603892023365,3.121795049358024,0.07284710835665464,7.883535634726286,0.3387855142354965,17.23449983022236,70.33333333333333,28.765720339784064,73.5,359.18026633333335,2155.081598,,,,,,,0.261015385389328,0.41655564308166504,3.4392755031585693,42.96443557739258,0.06781414896249771,0.1521175503730774,32,first_k,mean,none,null,False,65536,0.75,65536,4.0,False,3.7941092086387744,1.6667951974375452,1.0612749467257887,4.499840853293446,1.041856245921618,1.792665722200007,0.021479114890098572,0.018261104822158813,0.14655280113220215,7.71197509765625,0.023870211094617844,0.12182400561869144,92.0,39.0,40.0,98.0,55.0,98.0,114.202147,287.609689,336.468174,476.308698,892.273812,48.219078
96,6,2.809912979018689,2.255422414288793,2.0633884828158155,1.3482097936794162,3.0929402730298987,0.05585689935833216,7.891085039203365,0.3488376885652542,17.209116208258493,74.5,24.647515087732476,76.5,390.77462466666674,2344.6477480000003,,,,,,,0.2765381932258606,0.4211371839046478,3.5746772289276123,42.910804748535156,0.05834745988249779,0.1050054207444191,32,first_k,max,none,"[1,3,7,28]",False,65536,0.75,65536,8.0,False,6.536085703381019,2.084978561203429,2.0417984044282016,4.468547936546093,0.6286663873526778,1.0994008812007143,0.037001922726631165,0.0228426456451416,0.2819545269012451,7.658344268798828,0.01440352201461792,0.07471187599003315,100.0,64.0,81.0,97.0,33.0,72.0,133.7155,319.156519,403.213664,489.4826,928.436337,70.643128
14,6,2.255431009143633,1.831175717485183,1.7505943082917756,1.7096464233472943,4.049366748970976,0.053450027480721474,8.252521668871244,0.3335299417376518,18.157485076807422,66.83333333333333,33.60605104243381,72.0,421.2812888333333,2527.6877329999998,,,,,,,0.24929757416248322,0.41776230931282043,3.364625930786133,45.22721481323242,0.07894076406955719,0.17728862166404724,64,first_k,sum,none,null,False,65536,0.25,65536,4.0,False,1.7242541094718555,1.776934507111696,0.5206935294440102,5.820144189141965,1.527496418909847,2.1630633007824263,0.009761303663253784,0.01946777105331421,0.07190322875976562,9.974754333496094,0.03499682620167732,0.1469950769096613,69.0,46.0,12.0,99.0,75.0,100.0,123.779383,319.148711,395.545855,493.593139,1146.4586,49.162045
2,6,3.107149022629631,4.109524035568434,1.6832959045948943,3.3275813879445195,7.972524758868225,0.035072906874120235,9.87045663346847,0.333454966545105,22.077924329254365,66.66666666666667,20.684938159604602,61.5,393.21973783333334,2359.318427,,,,,,,0.2478812038898468,0.41902872920036316,3.558762550354004,54.852684020996094,0.07439711689949036,0.06998617947101593,32,first_k,max,none,"[1,7,28]",True,65536,0.25,65536,4.0,False,1.4740639353539609,1.8925278738358275,1.9265508654874186,11.436484883288706,1.3291811562322757,0.5840854215795968,0.00834493339061737,0.020734190940856934,0.2660398483276367,19.600223541259766,0.03045317903161049,0.03969263471662998,52.0,54.0,80.0,100.0,69.0,45.0,116.431884,284.960476,319.026263,476.751429,1120.027411,42.120964
