number,n_datasets,mean_normalized_regret,std_normalized_regret,median_normalized_regret,mean_regret,std_regret,median_regret,mean_value,median_value,std_value,mean_rank,std_rank,median_rank,mean_duration_s,total_duration_s,test_value_rel-event-user-repeat,test_value_rel-trial-study-outcome,test_value_rel-event-user-ignore,test_value_rel-hm-user-churn,test_value_rel-f1-driver-top3,test_value_rel-avito-user-clicks,value_rel-event-user-repeat,value_rel-trial-study-outcome,value_rel-event-user-ignore,value_rel-hm-user-churn,value_rel-f1-driver-top3,value_rel-avito-user-clicks,fusion.early.reduction_dim,fusion.early.reduction_method,fusion.key_pooling,rewrite.count_feature_window_days,rewrite.count_features_after_simplify,sampling.context_tables_sample_size,sampling.train.anchor_budget_fraction,sampling.train.sample_size,tabicl.outlier_threshold,vectorizer.relative_time,normalized_regret_rel-event-user-repeat,normalized_regret_rel-trial-study-outcome,normalized_regret_rel-event-user-ignore,normalized_regret_rel-hm-user-churn,normalized_regret_rel-f1-driver-top3,normalized_regret_rel-avito-user-clicks,regret_rel-event-user-repeat,regret_rel-trial-study-outcome,regret_rel-event-user-ignore,regret_rel-hm-user-churn,regret_rel-f1-driver-top3,regret_rel-avito-user-clicks,rank_rel-event-user-repeat,rank_rel-trial-study-outcome,rank_rel-event-user-ignore,rank_rel-hm-user-churn,rank_rel-f1-driver-top3,rank_rel-avito-user-clicks,duration_s_rel-event-user-repeat,duration_s_rel-trial-study-outcome,duration_s_rel-event-user-ignore,duration_s_rel-hm-user-churn,duration_s_rel-f1-driver-top3,duration_s_rel-avito-user-clicks
78.0,6,0.6879879028525807,0.5768426149179419,0.6678421556692469,0.007675089137406536,0.0043256203271118945,0.0076224147438455625,0.737849137578869,0.720042388438947,0.09010624674196671,13.5,9.354143466934854,11.5,294.9739471666667,1769.843683,,,,,,,0.7431716833890747,0.6926630301243304,0.9055822649572649,0.6969130934888192,0.7440647900951425,0.6446999634185827,64.0,first_k,max,null,False,65536.0,0.25,32768.0,8.0,True,0.8623188405797074,1.6682875998610907,0.5531220774701613,0.02047956953209561,0.24115709580409697,0.7825622338683326,0.013266443701226316,0.010728693391232058,0.00770151365389482,0.0005341624703365522,0.007543315833796305,0.006276405773953164,17.0,9.0,14.0,7.0,4.0,30.0,90.274502,338.213711,212.050165,513.790262,194.283196,421.231847
7.0,6,0.8757018644141841,0.5915947950546812,0.8801325011997301,0.010922990526554044,0.006718590674415625,0.010833524175349274,0.7346012361897215,0.713993707683833,0.08848572952399242,23.5,23.62837277511932,13.0,308.3196658333333,1849.917995,,,,,,,0.7491638795986622,0.6941306027993335,0.8977550778146015,0.6965545437115408,0.7314328716561251,0.6385704415580663,32.0,gaussian_random_projection,max,null,False,65536.0,0.25,16384.0,4.0,False,0.4728260869565237,1.440083362278582,1.1152700145718824,0.03422622060225585,0.6449949878275777,1.5468105142482829,0.007274247491638852,0.009261120716228977,0.015528700796558215,0.0008927122476150018,0.020175234272813647,0.012405927634469571,10.0,4.0,38.0,8.0,16.0,65.0,112.149673,387.540737,240.999412,430.993163,217.839404,460.395606
72.0,6,0.8779115268187613,0.9719761736795639,0.6005927391609679,0.011273322826166924,0.01246349874933104,0.006047534361595552,0.7342509038901087,0.7076089731624271,0.09198135940607605,22.5,20.83026644092677,20.0,403.96569916666675,2423.7941950000004,,,,0.6920200451991891,,,0.7521181716833891,0.6860042262519042,0.9074788747407795,0.6974472559591558,0.7177706903656985,0.644686204339725,64.0,gaussian_random_projection,sum,null,False,65536.0,0.75,65536.0,4.0,False,0.2807971014492711,2.7037165682529247,0.41690771874117466,0.0,1.0817700128884364,0.7842777595807612,0.0043199554069118795,0.01738749726365829,0.00580490387038024,0.0,0.03383741556324027,0.0062901648528108645,4.0,52.0,9.0,1.0,38.0,31.0,112.820116,394.869255,266.876075,751.397855,234.828889,663.002005
84.0,6,1.0787288863151652,1.0908480841194448,0.8491172482546601,0.011460736631511481,0.006714939257181877,0.010063275892987333,0.7340634900847642,0.7160494891126586,0.0921621794397581,31.166666666666668,24.999333324444205,24.5,288.805835,1732.83501,,,,,,,0.7375418060200669,0.6834577531171958,0.9063662858305717,0.6945571722052504,0.7411173424593718,0.6413405808761282,64.0,first_k,mean,null,False,65536.0,0.75,32768.0,4.0,True,1.2282608695652113,3.099687391455421,0.49681376280475875,0.11080462308479765,0.3353859372762422,1.2014207337045613,0.01889632107023409,0.01993397039836664,0.006917492780588064,0.002890083753905426,0.01049076346956701,0.009635788316407656,35.0,69.0,11.0,14.0,7.0,51.0,90.692407,339.311217,207.164728,498.866469,186.987427,409.812762
17.0,6,1.2573919412215304,0.9816093031462885,1.2843995849081673,0.013253897388794825,0.007476112722479802,0.0165470731411011,0.7322703293274807,0.7128210793603091,0.08993948561144673,38.333333333333336,26.9938264547038,41.0,206.990966,1241.945796,,,,,0.7954183214882943,,0.7370122630992196,0.6868016744177734,0.8950977648894316,0.6886298956213985,0.7516081059289388,0.6344722720081227,32.0,first_k,max,"[1,3,7,28]",True,32768.0,0.25,32768.0,8.0,False,1.2626811594202845,2.5797151788816093,1.3061180103960504,0.33805397075700416,0.0,2.0577833278742355,0.01942586399108137,0.01659004909778905,0.018186013721728123,0.008817360337757263,0.0,0.016504097184413147,37.0,45.0,48.0,19.0,1.0,80.0,85.095449,197.856186,154.636382,384.484628,163.538793,256.334358
75.0,6,1.0150456289815135,0.5909233030844253,1.0906531729025972,0.013382529398797435,0.00795986499584111,0.012489856754839823,0.7321416973174782,0.7132377148640683,0.08955186087768288,29.5,24.679951377585816,23.0,241.94908733333332,1451.694524,,,,,,,0.7320791527313266,0.69501516715139,0.901048026048026,0.6951231873386434,0.731352242389493,0.6382324082459899,32.0,first_k,mean,null,False,65536.0,0.25,16384.0,8.0,False,1.583333333333329,1.3025356026398291,0.8787707431653654,0.08910383554493569,0.6475726765000704,1.588957582705552,0.024358974358974383,0.00837655636417245,0.012235752563133695,0.002324068620512376,0.02025586353944575,0.012743960946545951,50.0,2.0,29.0,12.0,17.0,67.0,88.453187,324.542123,184.215966,357.499484,175.589051,321.394713
93.0,6,1.2203690659233593,0.8350652539868616,1.1791946742809387,0.015738858311747723,0.010093543862203026,0.015774247521856244,0.7297853684045279,0.7140548685912607,0.08207790883092803,36.666666666666664,29.357565748315483,29.0,197.12655833333335,1182.75935,,,,,,,0.7341415830546266,0.6899668958492488,0.8828090174816365,0.6946252986309814,0.73348443855154,0.643684976859134,64.0,first_k,mean,null,False,32768.0,0.75,16384.0,8.0,False,1.4492753623188295,2.0875303924974307,2.1886948389482126,0.10819268392730985,0.5794071316053249,0.909113986243048,0.02229654403567438,0.013424827666313699,0.030474761129523187,0.0028219573281743626,0.01812366737739879,0.007291392333401925,42.0,23.0,92.0,13.0,15.0,35.0,83.420572,213.126647,161.840049,282.638653,193.201896,248.531533
96.0,6,1.375479391925263,1.1268819586780956,1.1780382540539793,0.015807770823272987,0.008353640257728058,0.013251720612685203,0.7297164558930026,0.7067964616066287,0.09343291142377415,43.666666666666664,32.072833779799794,45.5,293.18600683333335,1759.1160410000002,,,,,,,0.7260312151616499,0.6831003533789912,0.9055244248696629,0.6875617080516074,0.7395316335489419,0.6365494003471623,32.0,first_k,mean,"[1,7,28]",True,65536.0,0.75,65536.0,8.0,True,1.976449275362313,3.1552622438347044,0.5572761478066206,0.3790078430780491,0.3860804811685523,1.798800360301338,0.03040691192865108,0.02029137013657123,0.007759353741496833,0.009885547907548364,0.012076472379996872,0.014426968845373533,70.0,75.0,15.0,21.0,8.0,73.0,91.705143,324.728516,192.333133,606.209504,160.461078,383.678667
49.0,6,1.3386071264319834,0.8965211131861996,1.5873490523205476,0.01580805199223208,0.010301851148706048,0.015178158546587939,0.7297161747240435,0.7065056380256944,0.09063664916735668,43.5,30.058276730378275,39.5,198.01700283333332,1188.102017,,,,,,,0.7231605351170568,0.6898507409343322,0.8966585387716339,0.6829765999355366,0.7505599254627224,0.6350907081229792,64.0,first_k,max,"[1,7,28]",True,32768.0,0.25,16384.0,8.0,True,2.163043478260865,2.1055922195207093,1.194023358489755,0.5547990034268573,0.03350995274237458,1.9806747461513399,0.0332775919732442,0.013540982581230265,0.016625239839525796,0.014470656023619188,0.001048180466216353,0.01588566106955669,79.0,24.0,40.0,39.0,2.0,77.0,86.528702,209.549384,168.098231,291.278668,179.692512,252.95452
10.0,6,1.2660086050823864,0.9380485651384214,1.2924028162494148,0.01583861194795111,0.009937582930905213,0.015152349744685656,0.7296856147683245,0.7079497538192603,0.09377080297835264,36.5,29.56856438855292,26.0,312.4054958333333,1874.4329749999997,,,,,,,0.7248327759197324,0.6882245721255009,0.9083573778514255,0.6910667317187882,0.729793409901274,0.6358388210932261,32.0,first_k,mean,"[1,3,7,28]",True,65536.0,0.25,65536.0,8.0,True,2.0543478260869525,2.358457797846509,0.3538136975575913,0.24462667650443587,0.6974079908348806,1.887397641663949,0.03160535117056862,0.015167151390061528,0.004926400759734273,0.006380524240367613,0.021814696027664837,0.015137548099309783,72.0,32.0,5.0,16.0,20.0,74.0,92.080197,323.597138,196.128479,710.809279,170.832287,380.985595
90.0,5,1.2479342866497745,1.039787920423878,1.0760869565217395,0.015882002391703454,0.010172311338755244,0.01655518394648836,0.7485517958293201,0.7344340721363173,0.07920180791133093,45.5,39.113936135346954,33.5,239.99847899999997,1439.9908739999998,,,,,,,0.7398829431438126,0.6872640603290758,0.8842020248270248,0.6969758787103699,0.7344340721363173,,64.0,first_k,max,null,False,32768.0,0.75,65536.0,4.0,False,1.0760869565217395,2.5078152136158733,2.088649165923573,0.01807240994725063,0.5490476872404361,,0.01655518394648836,0.016127663186486618,0.02908175378413491,0.00047137724878587584,0.0171740337926215,,26.0,41.0,90.0,6.0,13.0,97.0,82.918743,212.281044,164.8453,721.589749,188.150402,70.205636
99.0,6,1.1585016517949314,0.698930458077756,1.264941157339715,0.016109133159829758,0.010239126194049045,0.012090446258525622,0.729415093556446,0.7058399879268997,0.08604640743195413,37.5,29.392175829631938,30.0,279.60944966666665,1677.6566979999998,,,,,,,0.7518394648829432,0.6914545722595259,0.8873908003372288,0.6868476923331824,0.7202254035942736,0.6387326279315212,64.0,gaussian_random_projection,sum,"[1,3,7,28]",True,32768.0,0.25,32768.0,4.0,False,0.29891304347825776,1.8562000694685796,1.859631570934562,0.40638291220875905,1.0032937133037303,1.5265886013756995,0.004598662207357829,0.01193715125603656,0.02589297827393089,0.010599563625973363,0.031382702334665225,0.012243741261014685,6.0,14.0,82.0,26.0,34.0,63.0,103.324942,243.632341,207.797972,510.284476,226.688837,385.92813
37.0,6,1.1632998417536504,0.9693703117195279,0.9570407639530184,0.016401414952364617,0.014873908210697671,0.011609732992694133,0.7291228117639109,0.7044011385317813,0.09146857163697268,33.0,23.2379000772445,32.0,397.2114955,2383.268973,,,,,,,0.7269509476031215,0.6864353396861136,0.9070206964552203,0.6958155898513644,0.7129866872121983,0.6455276097754479,32.0,pca,mean,null,False,65536.0,0.75,32768.0,4.0,True,1.91666666666666,2.6366794025703917,0.4498140455425349,0.06255740783627936,1.2347128741228632,0.6793686537831736,0.029487179487179493,0.016956383829448862,0.006263082155939403,0.0016316661077914185,0.03862141871674052,0.0054487594170880005,67.0,47.0,10.0,10.0,44.0,20.0,136.777835,443.521473,305.52002,615.869508,293.952664,587.627473
18.0,6,1.1955457415790676,0.6071499055471266,1.2875327918526733,0.016537396446615282,0.008295418227352058,0.012636613544846964,0.7289868302696604,0.7073695078259825,0.09172191452892313,36.5,23.46699810372004,26.5,410.82711266666666,2464.962676,,,,,,,0.73082497212932,0.6916019996515352,0.9036638515805182,0.6872002762892895,0.7231370160004299,0.6374928659668692,64.0,gaussian_random_projection,mean,"[1,7,28]",True,65536.0,0.75,65536.0,4.0,False,1.6648550724637619,1.8332754428621323,0.6909023684725736,0.3928649882699131,0.910210511241585,1.681166066164439,0.025613154960981044,0.011789723864027213,0.009619927030641517,0.010246979669866318,0.028471089928508886,0.013483503225666715,59.0,13.0,22.0,23.0,30.0,72.0,116.489697,393.037084,272.978912,784.461773,228.721001,669.274209
60.0,6,1.4076194109036368,1.0599107955953053,1.2135057088128756,0.016542568339019053,0.007182701715249563,0.016341314204836144,0.7289816583772565,0.7070084434275795,0.09390626034368851,44.333333333333336,29.39160877983148,45.5,295.22724316666665,1771.363459,,,,,,,0.7277870680044594,0.684550056067084,0.905421160629494,0.6862298188506997,0.7363333393058715,0.6335685074059308,64.0,first_k,max,"[1,7,28]",True,65536.0,0.25,32768.0,8.0,False,1.8623188405797002,2.9298367488711765,0.5646925770460509,0.43007192753507223,0.4883287985106689,2.1704675728791507,0.028651059085841646,0.018841667448478483,0.007862617981665765,0.01121743710845613,0.01527476662306726,0.017407861786605028,65.0,61.0,16.0,30.0,11.0,83.0,93.472049,338.007368,210.935308,538.125234,177.798732,413.024768
83.0,6,1.2518672241885065,0.9983632518012925,0.9025679441206798,0.016559220044688905,0.00986067156733521,0.01734204834305836,0.7289650066715866,0.7049938841986897,0.0946027669473996,39.5,27.179036038829633,46.5,285.5513466666667,1713.30808,,,,,,,0.7250557413600892,0.6849320270372902,0.9094257539198016,0.6758545532798433,0.7353837057210943,0.6431382587114015,32.0,first_k,mean,"[1,7,28]",False,65536.0,0.75,32768.0,8.0,True,2.039855072463759,2.8704411253908098,0.27708301615955455,0.8278553445138708,0.5186882428755543,0.9772805437274888,0.03138238573021179,0.01845969647827228,0.0038580246913580973,0.02159270267931246,0.016224400207844436,0.007838110481134364,71.0,59.0,2.0,52.0,12.0,41.0,102.403922,335.657546,213.128316,464.658282,208.585912,388.874102
24.0,6,1.3156412277598724,1.0595464005548256,1.0743900300315246,0.016606701237742254,0.011120257444529122,0.01914588567233605,0.7289175254785335,0.7088938029263583,0.08564787682529146,41.0,27.48090245970827,34.5,264.4448233333333,1586.66894,,,,,,,0.7386566332218506,0.6828814460393408,0.8905317290733956,0.6972396851919151,0.7205479206608014,0.6436477386838966,64.0,gaussian_random_projection,mean,null,False,32768.0,0.75,32768.0,8.0,False,1.155797101449272,3.1893018409170395,1.6340503273233533,0.00795817788894264,0.9929829586137768,0.9137569603668492,0.017781493868450404,0.020510277476221694,0.022752049537764107,0.00020757076724065016,0.031060185268137364,0.0073286305086393,30.0,78.0,67.0,2.0,33.0,36.0,97.581206,247.765765,197.258642,417.953917,234.32505,391.78436
68.0,6,1.0619865940938207,0.794124384939995,0.7292372132079163,0.016826805117713322,0.01708448659859731,0.010888499593379064,0.7286974215985622,0.6947582220883131,0.09165942094787455,27.833333333333332,19.954114028607403,19.0,372.66814099999993,2236.0088459999997,,,,,,,0.7433946488294315,0.6879386523349372,0.9047812857336668,0.6887137350332672,0.7008027091433588,0.6465534985167122,32.0,gaussian_random_projection,sum,"[1,7,28]",True,65536.0,0.25,65536.0,4.0,False,0.8478260869565137,2.402917679749939,0.610648339459319,0.33483960217021125,1.6242302735213976,0.5514575827055446,0.01304347826086949,0.015453071180625222,0.00850249287749294,0.008733520925888638,0.05080539678557994,0.004422870675823698,15.0,36.0,20.0,18.0,65.0,13.0,114.481261,384.722568,256.015712,782.610212,206.882987,491.296106
34.0,6,1.4007563981786662,1.2966254225377414,0.8137548485513644,0.01695289226710056,0.01112748497017845,0.015246454095734607,0.7285713344491751,0.7067526271879547,0.09117121195894803,44.5,33.86886475806356,30.0,253.36845016666666,1520.210701,,,,,,,0.7221014492753622,0.6798792882384215,0.9033513334108572,0.6914038051005472,0.7310476429377721,0.64364448773209,32.0,first_k,max,null,False,65536.0,0.75,16384.0,8.0,True,2.2318840579710115,3.656130600903135,0.7133473977250597,0.23170342161008994,0.6573106114850311,0.914162299377669,0.034336677814938765,0.023512435277140975,0.009932445200302564,0.006043450858608579,0.02056046299116665,0.007331881460445833,83.0,91.0,23.0,15.0,18.0,37.0,87.934208,328.150352,184.243468,400.464718,174.038087,345.379868
9.0,6,1.2725405284101052,1.3746086675396187,0.8301975706428627,0.017274576894530547,0.01574055891585966,0.01237116672307792,0.7282496498217451,0.6938723497404784,0.09519907212250334,41.333333333333336,34.2325381277326,43.0,232.36193933333334,1394.171636,,,,,,,0.7533166109253064,0.6781168607793996,0.907586984223889,0.6809485481846171,0.7067961512963395,0.6427327435209187,32.0,gaussian_random_projection,sum,null,True,32768.0,0.75,32768.0,8.0,True,0.20289855072464594,3.9301840916985555,0.40914330455208975,0.6325536738766082,1.4326220821996143,1.0278414674091172,0.0031215161649945644,0.025274862736162862,0.005696794387270776,0.016498707774538657,0.04481195463259924,0.008243625671617183,3.0,96.0,7.0,44.0,56.0,42.0,95.415354,229.191438,178.878869,369.83328,202.090225,318.76247
91.0,6,1.3657496637333992,1.2292533563443644,1.2285881886940908,0.017449677073777686,0.014020197129401826,0.015853996267039094,0.728074549642498,0.7039755233911944,0.0920348155182856,43.0,28.39013913315678,45.0,518.2080111666667,3109.248067,,,,,,,0.7341694537346712,0.6799775731664277,0.9048121741574123,0.6963888099473563,0.7115622368350325,0.6415370500140875,64.0,pca,mean,null,False,65536.0,0.25,65536.0,8.0,False,1.4474637681159295,3.6408475164988365,0.6084299354052959,0.04058038499215354,1.2802520406701912,1.1769243367179902,0.022268673355629764,0.023414150349134744,0.008471604453747394,0.0010584460117994965,0.04004586909390628,0.009439319178448424,41.0,90.0,19.0,9.0,49.0,50.0,149.170762,478.120576,358.205422,977.328127,340.996516,805.426664
80.0,5,1.2940734058869179,1.0577562210847729,1.2101449275362175,0.01842188849031936,0.014195936357394112,0.01861761426978803,0.7460119097307041,0.7116428661016645,0.08792314181983915,46.333333333333336,31.626992690843476,40.0,241.11598583333333,1446.695915,,,,,,,0.737820512820513,0.6843892261848918,0.8992201581487296,0.6969867853977221,0.7116428661016645,,64.0,first_k,sum,null,False,32768.0,0.75,65536.0,8.0,False,1.2101449275362175,2.9548454324418634,1.0100480654211756,0.01765425203763092,1.2776743519977019,,0.01861761426978803,0.01900249733067061,0.014063620462430149,0.00046047056143372345,0.03996523982727429,,32.0,64.0,32.0,5.0,48.0,97.0,83.19432,213.959083,165.276712,724.277236,188.929891,71.058673
92.0,6,1.1110154782305612,0.46546636336370806,1.1116113771125273,0.01854866279273565,0.012344918393618348,0.01583311657009323,0.7269755639235399,0.7077518717263382,0.09295245704577201,32.333333333333336,24.7521042876493,27.0,450.50109199999997,2703.006552,,,,,,,0.736092530657748,0.692071086807929,0.9030963525011144,0.6604565653034961,0.7234326566447474,0.6467041916262048,64.0,gaussian_random_projection,max,"[1,3,7,28]",False,65536.0,0.25,65536.0,4.0,True,1.3224637681159375,1.7603334491142935,0.7316601057004344,1.4182078738057395,0.9007589861091173,0.5326686865378458,0.02034559643255296,0.011320636707633502,0.010187426110045306,0.03699069065565974,0.028175449284191356,0.004272177566331026,39.0,12.0,25.0,78.0,29.0,11.0,127.649781,410.834913,289.515613,903.389512,274.95257,696.664163
41.0,6,1.3997259009653227,0.7803376057920521,1.3153108297978733,0.01881828344701525,0.0085686748492719,0.01646742917327998,0.7267059432692604,0.7024875150374368,0.0893723500546019,45.5,24.130893062628246,40.0,245.30987583333334,1471.859255,,,,,,,0.7469620958751394,0.6878224974200207,0.8919931754753183,0.682694621248713,0.717152532654853,0.6336107369415177,64.0,gaussian_random_projection,sum,"[1,7,28]",True,32768.0,0.25,16384.0,4.0,False,0.6159420289855022,2.420979506773218,1.5290893668848855,0.5656099503654051,1.1015322927108613,2.1652022600720633,0.009476031215161607,0.015569226095541788,0.021290603135841413,0.014752634710442747,0.03445557327408577,0.01736563225101817,11.0,38.0,62.0,40.0,40.0,82.0,101.046064,244.669458,204.136564,341.954569,228.62897,351.42363
62.0,6,1.2134596487476221,1.116763510626154,0.7806370983756137,0.018916293230864762,0.017626605876127008,0.015360226369136587,0.7266079334854109,0.704650640755719,0.09595320204489255,38.0,38.22041339389201,23.5,387.1638021666667,2322.982813,,,,,,,0.751978818283166,0.6831003533789911,0.9028546960094579,0.6473830546961232,0.726200928132447,0.6481297504122798,64.0,gaussian_random_projection,max,"[1,3,7,28]",False,65536.0,0.25,32768.0,8.0,False,0.2898550724637717,3.1552622438347218,0.7490158550642769,1.9194408963046625,0.8122583416869505,0.3549254831313501,0.004459308807134965,0.02029137013657134,0.010429082601701833,0.05006420126303257,0.02540717779649182,0.0028466187802560494,5.0,76.0,26.0,95.0,21.0,5.0,127.998553,407.997444,293.834401,638.889068,282.224878,572.038469
14.0,6,1.250258911503999,0.6276645423533818,1.1148624173284634,0.019083431386812382,0.010992114070938091,0.017722547611250916,0.7264407953294633,0.7097773671109997,0.09280824387475678,38.833333333333336,21.921830823785378,28.5,278.7868846666667,1672.7213080000001,,,,,,,0.7311872909698997,0.6889460728470016,0.9017517975851308,0.6608923803147078,0.7306086613749978,0.6452585688850417,32.0,first_k,mean,"[1,7,28]",False,65536.0,0.75,16384.0,8.0,False,1.641304347826082,2.2462660646058046,0.8282259292285757,1.401498905428351,0.6713446942574773,0.7129135276777023,0.025250836120401354,0.01444565066856085,0.011531981026028926,0.03655487564444804,0.020999444553940982,0.005717800307494136,58.0,29.0,28.0,74.0,19.0,25.0,101.432165,337.927162,209.817159,416.021391,202.891893,404.631538
12.0,6,1.3653212465376299,0.5753651166292377,1.506261128662711,0.019099486927633063,0.008762933313831213,0.016306574758372883,0.7264247397886426,0.7042268120083377,0.08824144893518056,43.666666666666664,19.86621923433512,45.0,353.9793721666667,2123.876233,,,,,,,0.7313545150501671,0.690217075665992,0.8940399877899877,0.6870933013780628,0.7182365483506835,0.6376070104969621,32.0,gaussian_random_projection,max,"[1,7,28]",True,65536.0,0.75,65536.0,4.0,True,1.6304347826086958,2.048627995831927,1.382087474716726,0.3969663623916787,1.0668767005584938,1.6669341631182581,0.025083612040133874,0.013174647849570453,0.019243790821172002,0.010353954581093006,0.03337155757825527,0.013369358695573763,56.0,20.0,54.0,25.0,36.0,71.0,114.501063,377.842719,248.975743,679.700062,205.287583,497.569063
53.0,6,1.3608093253471472,1.0443494938084046,1.2296915127434664,0.019153034966358767,0.013987524678738728,0.01654403500410373,0.7263711917499168,0.6962438527816127,0.0932360974786521,44.166666666666664,22.710496838833507,42.5,519.1215971666667,3114.7295830000003,,,,,,,0.7350613154960981,0.6820862316218353,0.9061963994999709,0.6856646778446754,0.70682302771855,0.6423954983183713,64.0,pca,mean,null,True,65536.0,0.25,65536.0,8.0,False,1.3894927536231838,3.312955887460976,0.5090149851019059,0.4517392013909451,1.431762852642125,1.069890271863749,0.021376811594202905,0.021305491893727102,0.007087379111188841,0.011782578114480358,0.044785078210388796,0.008580870874164592,40.0,80.0,12.0,33.0,55.0,45.0,148.704464,472.722463,351.876474,988.294983,319.60449,833.526709
6.0,6,1.6417330003821589,1.1304648919148204,1.8477373274738742,0.019346267468401773,0.012649145278941511,0.017268748245245158,0.7261779592478738,0.7004264933007728,0.08841602469764376,54.833333333333336,33.31916365496989,63.0,206.90404649999996,1241.4242789999998,,,,,,,0.7144370122630992,0.6852045443376712,0.8902140628331106,0.6864159743384464,0.7461701098349789,0.6346260518799368,32.0,first_k,max,"[1,3,7,28]",True,32768.0,0.25,32768.0,8.0,True,2.7300724637681077,2.828065300451602,1.656865090584826,0.4229348026586509,0.17385078046684427,2.0386095643629227,0.04200111482720181,0.018187179177891255,0.02306971577804917,0.011031281620709432,0.005437996093959896,0.01635031731259906,92.0,56.0,70.0,29.0,3.0,79.0,85.577983,203.85948,155.744982,378.399848,164.822949,253.019037
55.0,6,1.3413049093763911,0.7785514515978162,1.4368752083979848,0.01941913194477407,0.014955611986894267,0.015288585088506002,0.7261050947715016,0.6954823682430671,0.09050809648281698,43.833333333333336,23.284472651676413,42.0,364.08319183333333,2184.499151,,,,,,,0.7500278706800445,0.6881821309065891,0.8950044939628273,0.6850246758755059,0.7027826055795452,0.6356087916244972,32.0,gaussian_random_projection,sum,null,True,65536.0,0.25,65536.0,8.0,True,0.41666666666667085,2.3650573115665554,1.3128167206768315,0.4762766138003725,1.5609336961191378,1.9160784474287775,0.0064102564102564985,0.015209592608973366,0.018279284648332395,0.012422580083649937,0.04882550034939359,0.015367577568038637,9.0,34.0,49.0,35.0,60.0,76.0,110.929628,378.246624,249.926847,756.478261,202.934047,485.983744
2.0,6,1.2216781793163944,0.6020728019094983,1.1310981222942436,0.019520156050997717,0.010731898884721898,0.020048938533669403,0.7260040706652778,0.7044662898366516,0.08930839327650893,35.833333333333336,21.169947252335483,37.0,321.1263288333334,1926.7579730000002,,,,,,,0.7327759197324415,0.6895045099379464,0.8968481089016804,0.6692313092687022,0.7194280697353568,0.64823650641554,32.0,first_k,max,"[1,7,28]",False,65536.0,0.75,65536.0,4.0,True,1.5380434782608625,2.1594303577631493,1.1804084473346497,1.0817877972538374,1.0287841901761372,0.34161480510973086,0.02366220735785951,0.01388721357761602,0.016435669709479295,0.028215946690453575,0.03218003619358201,0.002739862776995894,45.0,26.0,39.0,67.0,35.0,3.0,102.634234,341.64369,213.284974,619.538485,205.163591,444.492999
1.0,6,1.4657825675647587,0.6955736727371137,1.5316003194274832,0.01966759074481576,0.005067608971816969,0.0187486160783375,0.7258566359714599,0.7058722129619301,0.08849134517228363,48.833333333333336,15.854547192104436,47.0,198.17247799999998,1189.034868,,,,,,,0.7321906354515051,0.6866006370650333,0.8925776329050139,0.680762070856518,0.7251437888588271,0.6378650506918617,32.0,first_k,sum,"[1,3,7,28]",True,32768.0,0.75,32768.0,4.0,False,1.5760869565217286,2.6109760333449636,1.4871136823332376,0.6397031379798432,0.8460547042818216,1.6347608909269553,0.024247491638795915,0.01679108645052918,0.020706145706145818,0.016685185102637834,0.026464317070111654,0.013111318500674152,48.0,46.0,60.0,46.0,23.0,70.0,86.127841,199.473554,154.506363,339.547424,166.070956,243.30873
50.0,6,1.5996086421508124,0.9745655112564414,1.5843229549343696,0.019727754132737307,0.0072521090655688495,0.02324796541929053,0.7257964725835383,0.7107466535872109,0.09168428493104276,48.666666666666664,30.70287717245188,55.5,252.60498016666665,1515.6298809999998,,,,,,,0.7314102564102565,0.6900830507641653,0.8918157184526232,0.6722321352601927,0.7433570443102614,0.6258806303037308,32.0,first_k,max,"[1,3,7,28]",True,65536.0,0.75,16384.0,4.0,True,1.6268115942028885,2.069468565474152,1.5418343156658505,0.9667373623033484,0.263783474151511,3.1290165411071253,0.02502787068004453,0.013308672751397133,0.02146806015853653,0.025215120698963145,0.008251061618677391,0.02509573888880512,54.0,22.0,63.0,57.0,5.0,91.0,91.845549,327.007531,189.480048,419.383326,164.853547,323.05988
69.0,6,1.3438379521320343,0.9745461925818466,1.2400557472306475,0.019972662364760214,0.015780364476076142,0.016222545101260755,0.7255515643515155,0.7050010249094918,0.09720438141342456,42.833333333333336,35.16484987408117,39.5,294.1211848333333,1764.727109,,,,,,,0.72396878483835,0.6860332649806334,0.9092334583406012,0.652711171636535,0.7365214742613463,0.6448412320516264,32.0,first_k,mean,"[1,3,7,28]",False,65536.0,0.25,32768.0,8.0,False,2.1105072463768053,2.6992011114970835,0.2908936688488312,1.7151630830626543,0.4823141916081904,0.7649484113986406,0.03246934225195097,0.01735845853492901,0.004050320270558516,0.04473608432262077,0.015086631667592498,0.006135137140909519,76.0,51.0,3.0,89.0,10.0,28.0,105.95667,317.046342,220.994531,488.610584,219.879571,412.239411
56.0,6,1.2589878427968646,1.0270064342499021,1.3040274961360971,0.020039567152544974,0.02637558848940867,0.012417524885912523,0.7254846595637306,0.6923556933418393,0.08945036801984606,40.333333333333336,33.92737341243302,44.0,372.18041466666665,2233.082488,,,,,,,0.753567447045708,0.6875745513516411,0.8926254796790509,0.6971368353320376,0.680045152389314,0.6419584915846321,32.0,pca,sum,null,False,32768.0,0.75,65536.0,4.0,False,0.18659420289854498,2.4595345606113597,1.4836773309554514,0.011901399237684776,2.2878419017614036,1.124377661316743,0.0028706800445930103,0.01581717216392131,0.0206582989321088,0.00031042062711816865,0.07156295353962483,0.009017877607903735,2.0,39.0,59.0,3.0,90.0,49.0,111.760605,273.631589,214.792769,752.267568,291.997578,588.632379
94.0,6,1.623973661059105,1.3690233873890834,0.9286565650029479,0.020205203909165397,0.009904710977496166,0.020480686107309576,0.7253190228071102,0.7040262128322491,0.09889463675904786,43.0,30.265491900843113,40.5,348.0347331666667,2088.208399,,,,,,,0.7430044593088071,0.6861248486635484,0.9075273271701843,0.6737527585965507,0.7219275770009498,0.619577166102621,64.0,gaussian_random_projection,mean,"[1,3,7,28]",True,65536.0,0.75,16384.0,8.0,True,0.8731884057971008,2.684960055574888,0.41342786924466857,0.9084372886769648,0.9488758413289311,3.9149525057320753,0.013433667781493908,0.017266874852014058,0.005756451440975474,0.023694497362605094,0.029680528927989003,0.03139920308991484,20.0,49.0,8.0,56.0,32.0,93.0,118.483147,391.853005,269.327011,544.10238,220.045758,544.397098
4.0,6,1.6222841166381434,0.9918117824608867,1.7373778533279765,0.020346851627743856,0.008281077119451639,0.02040942370960347,0.7251773750885318,0.7080697134859875,0.0893272038345981,51.0,35.002857026248584,59.5,265.30579216666666,1591.8347529999999,,,,,,,0.7238851727982163,0.6922542541737587,0.8890160765160764,0.6808961106350322,0.7389224346454999,0.626090201762607,64.0,first_k,max,"[1,7,28]",True,65536.0,0.25,16384.0,4.0,False,2.1159420289854984,1.7318513372699196,1.7429043693860333,0.6345641079719521,0.40555635113848065,3.1028865050769765,0.03255295429208471,0.011137469341803707,0.024267702095083332,0.016551145324123606,0.012685671283438893,0.024886167429928885,77.0,11.0,74.0,45.0,9.0,90.0,93.722807,336.643112,205.791519,407.084813,177.382343,371.210159
57.0,6,1.7056402183060282,1.3914947271699172,1.5055305119887372,0.020356377062657378,0.010111848104837964,0.022303906699268128,0.7251678496536184,0.7036569898397456,0.09589024249585713,54.5,37.9196518971364,58.5,300.8130708333333,1804.8784249999999,,,,,,,0.7226588628762541,0.6781168607793995,0.9078304576816482,0.6846551168032371,0.7261023812510079,0.6316434185301626,32.0,first_k,mean,null,True,65536.0,0.25,65536.0,8.0,True,2.195652173913038,3.930184091698573,0.39165706083212776,0.49044535671482026,0.8154088500644363,2.410493776613174,0.03377926421404687,0.025274862736162973,0.0054533209295115626,0.012792139155918703,0.025505724677930885,0.019332950662373283,81.0,97.0,6.0,36.0,22.0,85.0,87.836613,322.669457,187.218137,675.371042,161.757239,370.025937
59.0,6,1.6056281385058215,1.0626906972810293,1.364218511000825,0.020417437625406598,0.008866564114094401,0.020427305396653828,0.725106789090869,0.7012579379368007,0.09396706096440091,52.0,24.190907382733705,47.0,269.649446,1617.896676,,,,,,,0.731382385730212,0.683142794597903,0.90322899102661,0.685309590374327,0.7172062854992743,0.6303706873168877,32.0,first_k,sum,"[1,3,7,28]",True,65536.0,0.25,32768.0,4.0,False,1.6286231884057814,3.1486627301146752,0.7221340177037445,0.4653531090366737,1.0998138335958685,2.569181952178186,0.025055741360089034,0.020248928917659503,0.010054787584549696,0.01213766558482876,0.03440182042966444,0.020605681875648152,55.0,74.0,24.0,34.0,39.0,86.0,92.365932,323.564632,196.354343,487.489193,169.815314,348.307262
98.0,5,1.3310334219135942,0.7835786955243684,1.422845211944587,0.0204886670596617,0.01460656792967716,0.01981128990057579,0.743945131161362,0.7097256813173031,0.08520031287281854,49.333333333333336,29.412015685203666,51.5,230.7022896666667,1384.2137380000001,,,,,,,0.7320234113712375,0.6890510590200993,0.8934724887105839,0.6954530153875854,0.7097256813173031,,32.0,first_k,sum,null,False,32768.0,0.25,65536.0,8.0,False,1.5869565217391222,2.2299409517193696,1.422845211944587,0.07645836373242305,1.3389660604324691,,0.024414715719063507,0.014340664495463118,0.01981128990057579,0.0019942405715703826,0.041882424611635716,,52.0,27.0,58.0,11.0,51.0,97.0,81.561558,200.860376,146.616679,708.079637,177.051664,70.043824
45.0,6,1.2351315910358345,0.8130368801191241,1.2840878877912454,0.020611017762826218,0.0242371391202109,0.014471499208677796,0.7249132089534492,0.6938556206315734,0.08737615673167894,35.5,30.382560787399076,23.0,333.8986443333333,2003.391866,,,,,,,0.7401895206243032,0.6906973315642047,0.8922308952070857,0.6970139096989422,0.6838795219580369,0.6454680746681237,64.0,pca,sum,null,False,32768.0,0.75,32768.0,8.0,False,1.0561594202898528,1.9739492879472276,1.5120163552926378,0.01661431747896298,2.165258484891866,0.6867916803144606,0.016248606465997795,0.012694391951357797,0.021052883404074074,0.00043334626021362954,0.06772858397090187,0.0055082945244121495,24.0,18.0,61.0,4.0,84.0,22.0,120.978868,299.565618,249.174245,499.949554,334.698061,499.02552
82.0,6,1.3997748130298895,0.56257178855901,1.3562045149982014,0.021090285736943954,0.012013103689601531,0.018358253117529977,0.7244339409793317,0.6999807349919902,0.09135303807842,43.666666666666664,28.019041144669224,50.5,233.98505383333335,1403.910323,,,,,,,0.7439241917502788,0.6924396552879526,0.8951413720758958,0.6751743425730952,0.7075218146960277,0.6324022694927398,64.0,gaussian_random_projection,sum,null,True,32768.0,0.25,16384.0,8.0,True,0.8134057971014406,1.703021882598132,1.302986145849199,0.853934343393272,1.4094228841472038,2.3158778250900895,0.012513935340022209,0.010952068227609857,0.01814240653526389,0.022272913386060633,0.04408629123291108,0.018574099699796065,13.0,10.0,47.0,54.0,54.0,84.0,98.507563,244.113304,190.933578,321.761524,221.504458,327.089896
66.0,6,1.5144827760687607,0.7415876816313138,1.4788347345899204,0.0212338695074679,0.011792400779923672,0.016960869139569568,0.7242903572088076,0.7013401309905789,0.08847839180569551,50.0,22.80350850198276,47.0,374.5667806666667,2247.400684,,,,,,,0.7222965440356744,0.6881441571844049,0.8946096066631781,0.6885826826509183,0.7140975793302395,0.638011573388431,32.0,gaussian_random_projection,max,"[1,3,7,28]",True,65536.0,0.25,65536.0,4.0,False,2.219202898550718,2.370962139631844,1.3411774940733818,0.33986409663716616,1.1991980524129957,1.6164919751064588,0.034141583054626556,0.015247566331157536,0.0186741719479816,0.008864573308237533,0.037510526598699245,0.012964795804104923,82.0,35.0,53.0,20.0,41.0,69.0,115.265099,378.87193,252.991468,793.328297,212.736471,494.207419
58.0,6,1.4277810758884428,0.7250306887091255,1.4153938772811168,0.02125481934437316,0.015239803643475283,0.015828684932871095,0.7242694073719024,0.6942350769725396,0.08645102633009248,48.0,21.316660151158764,48.0,231.49526266666666,1388.971576,,,,,,,0.7409977703455966,0.6871747103945247,0.8882029841851271,0.6867724938301552,0.7012954435505545,0.6411730419254567,32.0,gaussian_random_projection,mean,"[1,3,7,28]",True,32768.0,0.75,16384.0,4.0,True,1.0036231884057858,2.52170892671069,1.8013005937493156,0.4092659919026329,1.6084777316339585,1.222310022928275,0.015440356744704453,0.016217013121037738,0.025080794426032615,0.010674762129000648,0.050312662378384276,0.00980332726707922,23.0,43.0,78.0,27.0,64.0,53.0,100.227703,236.057147,180.583105,364.528578,210.466698,297.108345
36.0,6,1.0711737542635682,0.6798688135268531,1.1682973875906217,0.02165851652316758,0.018517976116988803,0.022802343848719542,0.7238657101931082,0.7019941900443197,0.08891409166711334,42.666666666666664,28.451127687082398,54.0,377.5922715,2265.553629,,0.7364062329737388,,,,,0.728010033444816,0.7033917235155625,0.8957173503304455,0.6694089965424309,0.700596656573077,0.6460695007523163,32.0,gaussian_random_projection,max,"[1,3,7,28]",False,65536.0,0.75,65536.0,4.0,True,1.847826086956521,0.0,1.2616194349594445,1.0749753402217992,1.6308177001288726,0.6118039633147719,0.028428093645485042,0.0,0.017566428280714197,0.028038259416724887,0.05101144935586177,0.004906868440219592,64.0,1.0,44.0,66.0,66.0,15.0,125.474551,372.572154,274.395002,694.841285,262.78193,535.488707
67.0,6,1.291490923285867,0.8015623927586352,1.3011277896357667,0.021660605676241007,0.014413125014718236,0.022912409159352054,0.7238636210400347,0.7061409920526222,0.08967248865933303,42.0,33.71646482061843,36.0,302.7891941666667,1816.735165,,,,,,0.6550666238864563,0.7213210702341137,0.6909609138711306,0.8965840431614241,0.660856306721033,0.7224830230599703,0.6509763691925359,64.0,first_k,max,"[1,7,28]",False,65536.0,0.75,16384.0,8.0,False,2.282608695652164,1.9329628343175014,1.1993736270906297,1.4028819521809037,0.9311184304740027,0.0,0.03511705685618727,0.012430809644431884,0.016699735449735575,0.03659094923812278,0.029125082868968533,0.0,88.0,16.0,41.0,75.0,31.0,1.0,104.066911,349.638975,228.477274,445.757952,226.806207,461.987846
22.0,6,1.3878907344735536,0.8273067403934459,1.2645793682068724,0.021679852459979776,0.013153948946140975,0.01924042336539572,0.7238443742562959,0.6972017686600456,0.08959329920241198,44.833333333333336,24.020130446495635,53.0,349.5389016666666,2097.23341,,,,,,,0.7417224080267558,0.684498679854717,0.8936959755412137,0.6662544104814094,0.7099048574653742,0.6469899141683048,32.0,gaussian_random_projection,mean,"[1,3,7,28]",False,32768.0,0.75,65536.0,4.0,False,0.9565217391304335,2.9378256339007045,1.4067944061419313,1.195920873031254,1.3332378633824906,0.49704389125450765,0.014715719063545185,0.018893043660845432,0.019587803069946008,0.031192845477746367,0.041703248463564546,0.003986455024231117,22.0,62.0,56.0,70.0,50.0,9.0,112.221818,248.412559,203.672059,730.116029,263.500613,539.310332
77.0,6,1.478239712341801,1.033039584700606,0.9820244454827641,0.02181607556634361,0.01324093028688426,0.02327204365579777,0.723708151149932,0.7000443488698975,0.09206571678572224,47.166666666666664,29.714755032923737,44.0,286.78228349999995,1720.6937009999997,,,,,,,0.7154403567447046,0.6846483409950903,0.902375319786034,0.6696465511680324,0.7235132859113795,0.6466250522943511,32.0,first_k,max,"[1,7,28]",False,65536.0,0.75,32768.0,4.0,True,2.6648550724637547,2.914553664466861,0.7834446160203671,1.0658675935289037,0.8981812974366246,0.5425360301342954,0.040997770345596374,0.01874338252047214,0.0109084588251257,0.0278007047911234,0.028094820017559252,0.004351316898184798,91.0,60.0,27.0,65.0,28.0,12.0,102.069686,337.664044,215.205846,472.74474,203.589957,389.419428
40.0,6,1.5321068305648229,0.7919385995254177,1.2765913961115347,0.02199550300621596,0.011408853422934287,0.017223616261182628,0.7235287237100595,0.6985490928023951,0.09024642725422963,52.666666666666664,13.53021310499826,51.0,320.6416326666667,1923.849796,,,,,,,0.7241638795986624,0.6852313493180366,0.8980609337752194,0.6811603976343164,0.7118668362867535,0.6406889456473696,32.0,gaussian_random_projection,max,null,True,65536.0,0.75,32768.0,4.0,True,2.0978260869565046,2.8238971865231397,1.0933034646251625,0.6244314530610621,1.270514105685227,1.2826686865378425,0.03227424749163865,0.018160374197525808,0.015222844835940275,0.01628685832483945,0.03974126964218527,0.010287423545166319,75.0,55.0,37.0,43.0,47.0,59.0,110.821082,378.899709,245.69028,544.64135,209.341433,434.455942
79.0,6,1.352556849317198,0.7195655539035091,1.1606533123414016,0.02208295763623715,0.014887972320027318,0.01825704291141017,0.7234412690800385,0.7025793821063382,0.08953583531356016,41.166666666666664,29.38990756478602,39.5,352.910289,2117.461734,,,,,,,0.715691192865106,0.6928350287483414,0.8984494616935094,0.6757674870539858,0.712323735464335,0.6455807086549532,64.0,first_k,sum,"[1,7,28]",False,32768.0,0.75,65536.0,4.0,True,2.648550724637668,1.6415422021535602,1.0653994214750222,0.8311934278225369,1.2559072032077807,0.6727481166066193,0.04074693422519504,0.010556694767221098,0.014834316917650359,0.021679768905169983,0.03928437046460376,0.005395660537582669,90.0,6.0,34.0,53.0,45.0,19.0,96.25838,220.04266,186.294169,769.665554,226.907353,618.293618
64.0,6,1.3626439449164576,0.8488474483382892,1.3864433723451546,0.022205608823739526,0.015274949871226132,0.020327206890812688,0.7233186178925362,0.6975115333571835,0.08893809714103483,44.5,30.924100633648184,52.5,265.569688,1593.418128,,,,,,,0.7455406911928651,0.6856646965006098,0.890356391844487,0.6603530168145604,0.7093583702137571,0.648638540788937,64.0,gaussian_random_projection,mean,"[1,7,28]",False,32768.0,0.75,16384.0,8.0,False,0.7083333333333283,2.756512678013245,1.6466430326888428,1.4221778803053828,1.350708864384926,0.2914878807730215,0.010897435897435859,0.017727027014952657,0.02292738676667272,0.03709423914459542,0.04224973571518165,0.002337828403598863,12.0,53.0,69.0,79.0,52.0,2.0,110.385463,256.768686,215.376075,382.430715,262.425485,366.031704
86.0,6,1.580810730755957,1.0926699094587333,1.305204857649902,0.022302999475199814,0.01023451218303371,0.023729317862108246,0.7232212272410757,0.7021381096417239,0.09176150179524119,51.166666666666664,27.014193800050126,43.0,375.5724011666667,2253.434407,,,,,,,0.7329431438127091,0.6794280710689379,0.8965343794212841,0.660736657804002,0.7248481482145097,0.6448369631250119,64.0,first_k,max,"[1,3,7,28]",False,32768.0,0.25,65536.0,4.0,True,1.5271739130434692,3.7262938520320277,1.2029404728245594,1.4074692424752444,0.8555062294142858,0.7654806747461553,0.02349498327759192,0.023963652446624573,0.016749399189875613,0.03671059815515376,0.026759957714429072,0.006139406067523945,44.0,92.0,42.0,76.0,24.0,29.0,99.912579,221.519512,192.427699,864.404535,240.217353,634.952729
19.0,6,1.7958908109393377,1.2414175020199774,1.4918927300648894,0.022752559882450635,0.012391657337211441,0.01910247509995494,0.7227716668338249,0.6989358573472935,0.09118230717207862,57.333333333333336,31.436708903233917,55.0,232.97050149999998,1397.823009,,,,,,,0.7114269788182831,0.6803952841104545,0.8981411831114212,0.6864447358763038,0.7244539606887532,0.635767858397734,64.0,first_k,sum,"[1,7,28]",True,32768.0,0.25,32768.0,4.0,True,2.9257246376811534,3.575894407780526,1.0875399638965655,0.42183209712033237,0.8681082629242356,1.8962454962332134,0.04501114827201791,0.022996439405107982,0.01514259549973851,0.011002520082851963,0.027154145240185557,0.0152085107948019,94.0,87.0,35.0,28.0,25.0,75.0,86.27612,207.613912,174.55826,432.915927,179.053698,317.405092
27.0,6,1.4312678307903124,0.432371263100018,1.3443867453243201,0.023013105073033946,0.0129528662482547,0.020471085591427185,0.7225111216432416,0.7040141772627069,0.09297353775783078,47.166666666666664,23.24148589627321,42.0,328.49082366666664,1970.9449419999999,,,,,,,0.7295429208472688,0.6901143232412583,0.8992368136713376,0.6561476500369682,0.7179140312841554,0.6421109907784617,64.0,first_k,max,"[1,3,7,28]",False,65536.0,0.25,32768.0,8.0,False,1.7481884057970873,2.0646057658909487,1.0088518671567446,1.5834099138389282,1.0771874552484544,1.1053635768097123,0.02689520624303221,0.01327740027430413,0.01404696493982216,0.04129960592218762,0.033694074644783356,0.008865378414074199,62.0,21.0,31.0,85.0,37.0,47.0,107.699208,357.426056,240.741394,546.984345,228.687446,489.406493
15.0,6,1.2866314939453256,0.3919527987426078,1.3215927419291262,0.02305386715083707,0.01873811763685573,0.01929337029621714,0.7224703595654386,0.6936236014556265,0.08915719119760827,42.833333333333336,25.521886032710565,45.5,430.15655666666663,2580.93934,,,,,,,0.7376532887402454,0.6939250979498657,0.8934818763687811,0.6714272091739976,0.6933221049613875,0.6450125801983541,32.0,pca,max,"[1,7,28]",False,65536.0,0.75,65536.0,4.0,True,1.2210144927536108,1.4720389023966947,1.4221709911046416,0.9975978975634233,1.8633825003580018,0.7435841794955824,0.01878483835005562,0.009466625565696773,0.019801902242378655,0.026020046785158235,0.05828600096755132,0.005963788994181818,34.0,5.0,57.0,59.0,75.0,27.0,138.210242,448.062044,323.759303,745.120973,321.800804,603.985974
26.0,6,1.71071037696238,0.9001206892655834,1.6841102045725664,0.023427518216161642,0.013546488958862311,0.02207702148138274,0.7220967085001139,0.707837903821549,0.08937432985643258,61.5,31.34804619111054,64.0,223.7592678333333,1342.5556069999998,,,,,,,0.7318561872909699,0.6838196203521281,0.8837065987363606,0.651270591790116,0.7424701223773091,0.6394571304538,64.0,first_k,mean,"[1,3,7,28]",False,32768.0,0.25,16384.0,4.0,True,1.5978260869565155,3.0434178534213796,2.1242306270253826,1.7703943221886174,0.2921380495489035,1.4362553226334818,0.0245819397993311,0.019572103163434384,0.02957717987479913,0.04617666416903976,0.009137983551629647,0.011519238738735837,53.0,66.0,91.0,91.0,6.0,62.0,99.546958,219.739011,193.189491,283.621852,230.43732,316.020975
44.0,6,1.5346733957551706,0.5513930198084693,1.3859873745133349,0.023457782633368136,0.012156567755947744,0.020438453933536826,0.7220664440829075,0.6965972444346826,0.08874694982514922,54.166666666666664,15.223884742951343,58.5,224.41783999999998,1346.50704,,,,,,,0.738768115942029,0.6868731543654145,0.8900768818923581,0.6700031099085646,0.7063213345039507,0.6403560678851279,64.0,first_k,sum,"[1,3,7,28]",False,32768.0,0.75,16384.0,4.0,True,1.148550724637679,2.5686002084057216,1.6667174144718224,1.05219727798913,1.4478018043820642,1.3241729446446056,0.017670011148272047,0.016518569150147933,0.023206896718801606,0.0274441460505912,0.04528677142498805,0.010620301307407987,29.0,44.0,71.0,64.0,57.0,60.0,99.615043,219.76474,187.955268,310.415763,225.408326,303.3479
33.0,6,1.7762528072389399,1.44227189549878,1.6102266590538608,0.023753906721602065,0.016768244481789107,0.021722911344684015,0.7217703199946736,0.6946993537113482,0.09398982564048189,52.166666666666664,31.224456226917173,55.5,304.6763453333333,1828.0580719999998,0.8100601604278076,,,,,,0.756438127090301,0.6875209413909105,0.8905798786751167,0.6767053332058308,0.7018777660317859,0.6174998735740964,32.0,gaussian_random_projection,sum,null,True,65536.0,0.25,16384.0,8.0,True,0.0,2.46787078846825,1.630592226886195,0.7952367918855031,1.5898610912215265,4.173955944972165,0.0,0.015870782124651983,0.022703899936043048,0.02074192275332498,0.04973033989715292,0.03347649561843946,1.0,40.0,66.0,50.0,61.0,95.0,110.410304,382.052342,238.674651,446.412333,207.492818,443.015624
8.0,6,1.870875477542157,1.0014381512143276,1.7044675365344721,0.023772547907028745,0.005190491433301738,0.02281403498761142,0.7217516788092468,0.7071008903153203,0.09067601389645676,63.666666666666664,28.324312289386068,77.0,176.6195748333333,1059.7174489999998,,,,,,,0.7323299888517281,0.6818717917789126,0.8876376048995097,0.6647933214426219,0.7342638547956497,0.6296135110870592,32.0,first_k,max,null,True,32768.0,0.75,16384.0,8.0,False,1.5670289855072355,3.346300798888553,1.841906087561709,1.2519384261618185,0.5544894744379145,2.663589092695712,0.02410813823857294,0.0215199317366499,0.02564617371165001,0.03265393451653387,0.01734425113328908,0.021362858105476668,46.0,81.0,81.0,73.0,14.0,87.0,80.501317,195.63175,143.366191,267.434107,170.18976,202.594324
31.0,6,1.307490840525362,0.46743451446532397,1.413010005304323,0.02384133325419191,0.018600799211690236,0.01932552401302412,0.7216828934620837,0.6961741515383082,0.08820983387814013,44.833333333333336,35.09653354202758,46.5,421.90406499999995,2531.4243899999997,,,,,,,0.7429765886287625,0.6942780301913429,0.88809426904665,0.6607003498387812,0.6980702728852735,0.6459778501816921,64.0,gaussian_random_projection,sum,"[1,3,7,28]",False,32768.0,0.25,65536.0,4.0,True,0.8750000000000009,1.4171587356721174,1.8091085060571124,1.408861274936529,1.7115852785335715,0.6232312479528423,0.013461538461538525,0.009113693324219518,0.025189509564509716,0.03674690612037457,0.05353783304366533,0.004998519010843805,21.0,3.0,80.0,77.0,72.0,16.0,114.841411,258.956557,224.309772,957.109669,272.447336,703.759645
74.0,6,1.3363192633812355,0.6778471746563324,1.1913242499058099,0.02388042972212025,0.022111910706295732,0.013881048917729455,0.7216437969941554,0.689051047113125,0.0964428563658858,43.0,29.886451780029024,33.0,416.70524866666665,2500.231492,,,,,,,0.7430323299888518,0.6890354227815527,0.9058750993274803,0.6592370112817099,0.6890666714446974,0.64361624714064,32.0,pca,mean,"[1,7,28]",False,65536.0,0.25,32768.0,4.0,True,0.8713768115941934,2.232372351510988,0.5320907370756255,1.4649650736733772,1.999427180294986,0.9176834261382426,0.01340579710144918,0.01435630073400973,0.007408679283679387,0.03821024467744594,0.06254143448424143,0.0073601220518958455,19.0,28.0,13.0,81.0,79.0,38.0,149.225169,450.937078,320.888819,659.74636,327.989275,591.444791
63.0,6,1.5723677908160025,0.8716451368576497,1.5704803698823802,0.02438290387991578,0.013956486841043413,0.024091790435174898,0.7211413228363598,0.6941936549906211,0.08750002125543822,53.666666666666664,22.77425447005163,60.5,313.3995843333333,1880.3975059999998,,,,,,,0.7287346711259755,0.6838039841135817,0.8904823681609396,0.6720650855390261,0.7045833258676606,0.6471785022109755,64.0,pca,mean,null,True,32768.0,0.75,16384.0,8.0,False,1.8007246376811543,3.0458492532129635,1.6375954239979111,0.9731419799429813,1.5033653157668492,0.47353013429415725,0.027703455964325552,0.019587739401980775,0.022801410450220105,0.02538217042012969,0.04702478006127819,0.0037978669815603716,63.0,67.0,68.0,58.0,58.0,8.0,121.676863,296.68164,240.599391,478.95403,319.264546,423.221036
30.0,6,1.5216784884048786,1.2947903504894653,0.9469204975386538,0.024552350643049725,0.027979928133028204,0.015002747871453281,0.7209718760732259,0.6830541626255504,0.09500162791710365,48.0,35.008570379265706,32.0,336.8952643333333,2021.3715859999998,,,,,,,0.7377647714604236,0.6799932094049742,0.9048660774851252,0.6861151158461266,0.6715701205855478,0.6455219616571579,64.0,pca,sum,"[1,7,28]",True,32768.0,0.75,32768.0,8.0,True,1.2137681159420248,3.6384161167072353,0.6045586028404313,0.434469593578915,2.5587856222253826,0.6800728791352828,0.018673355629877375,0.023398514110588242,0.008417701126034571,0.011332140113029188,0.08003798534339102,0.005454407535377959,33.0,89.0,18.0,31.0,96.0,21.0,124.630545,299.1361,256.158902,526.397335,327.465186,487.583518
70.0,6,1.6487719168986184,0.9090060005044767,1.6931075930694255,0.024829016023594996,0.018415784142756776,0.02222077009901746,0.7206952106926806,0.6889686110514093,0.0868192088575571,58.166666666666664,19.44650782702814,59.5,320.6237851666667,1923.7427110000003,,,,,,,0.7321070234113712,0.6832812869964573,0.8881557430664573,0.6860664439408074,0.691870778162011,0.6426899885789794,64.0,pca,max,"[1,7,28]",True,32768.0,0.75,16384.0,4.0,True,1.581521739130429,3.1271274748176925,1.804693447008422,0.4363356544210709,1.9097808964628262,1.0331722895512685,0.024331103678929766,0.020110436519105157,0.025128035544702443,0.011380812018348396,0.05973732776692775,0.008286380613556465,49.0,70.0,79.0,32.0,76.0,43.0,124.91396,297.413322,246.638797,496.972797,322.909787,434.894048
11.0,6,1.533060032421185,0.44448654396816195,1.548876253815449,0.024877381821433564,0.01814314232602319,0.0197384818629307,0.7206468448948421,0.6905386211234239,0.09061385389540978,51.5,20.52072123488841,50.5,449.20124283333325,2695.2074569999995,,,,,,,0.733416945373467,0.6904069442769133,0.8947710138186329,0.6764830570258212,0.6906702979699344,0.6381328109042834,64.0,pca,max,null,True,65536.0,0.75,32768.0,4.0,True,1.4963768115942033,2.0191038555054157,1.3295852454381363,0.8037587692549855,1.9481598166976757,1.6013756960366947,0.023021181716833983,0.012984779238649158,0.018512764792526837,0.020964198933334566,0.060937807959004386,0.012843558288252455,43.0,19.0,50.0,51.0,78.0,68.0,147.543518,472.559293,359.217577,712.452728,317.709821,685.72452
29.0,6,1.6058241786261525,1.2488238298464114,1.5206442924773267,0.02538046344333243,0.020038340828216393,0.02181747595949468,0.7201437632729433,0.688384347049777,0.09346765882149191,55.166666666666664,36.89670265303753,61.0,298.5776011666667,1791.465607,,,,,,,0.7509197324414716,0.6784027805699633,0.8946377696377695,0.652616327975953,0.6983659135295909,0.6459200554829108,64.0,gaussian_random_projection,sum,"[1,7,28]",False,32768.0,0.25,32768.0,8.0,False,0.35869565217391075,3.885724209795125,1.339154831553546,1.7187993500215508,1.7021337534011074,0.6304372748116768,0.005518394648829417,0.02498894294559917,0.018646008973390193,0.04483092798320276,0.05324219239934791,0.005056313709625115,7.0,95.0,52.0,90.0,70.0,17.0,110.10788,256.641788,220.087338,503.544926,264.441245,436.64243
13.0,6,1.861597187034734,1.2898924584387124,1.7405837572406648,0.025631184908076737,0.015376120681314852,0.027418655619717236,0.7198930418081989,0.6931309242019071,0.10078474460450774,61.333333333333336,31.626992690843476,68.5,451.105423,2706.632538,,,0.8770096217967038,,,,0.726226309921962,0.6821175040989282,0.9132837786111597,0.6689915499806152,0.704144344304886,0.624594763931642,64.0,pca,mean,"[1,3,7,28]",True,65536.0,0.75,16384.0,4.0,False,1.9637681159420268,3.3080930878777903,0.0,1.090980069800149,1.5173993985393026,3.2893424500491344,0.030211817168338984,0.02127421941663421,0.0,0.028455705978540635,0.04746376162405275,0.026381605260893837,69.0,79.0,1.0,68.0,59.0,92.0,152.761359,474.564647,354.275767,675.662075,325.541156,723.827534
20.0,6,1.6757674202022013,0.6482654828727361,1.4578413258285567,0.025651316489248954,0.013684321178660384,0.02379591566969874,0.7198729102270267,0.693310412312703,0.0871921769292638,60.666666666666664,16.268579122549905,60.5,265.8808925,1595.285355,,,,,,,0.7362876254180603,0.6852447518082193,0.8855689889916081,0.6700059262919991,0.7013760728171865,0.6407540960350867,32.0,gaussian_random_projection,mean,"[1,3,7,28]",False,32768.0,0.75,32768.0,8.0,True,1.309782608695644,2.821813129558917,1.9904739120033021,1.0520892990059962,1.6059000429614694,1.274545528987879,0.02015050167224075,0.01814697170734314,0.02771478961955165,0.027441329667156733,0.05023203311175228,0.010222273157449169,38.0,54.0,88.0,63.0,63.0,58.0,111.842527,244.772158,204.615958,385.072311,265.774062,383.208339
51.0,6,1.6985196600285326,0.5419415917300364,1.4796802067962074,0.025867769192964258,0.011430609183496993,0.025445568804135177,0.7196564575233113,0.6970854660986489,0.08787220794062015,61.5,15.003332963045244,57.0,233.53312000000003,1401.19872,,,,,,,0.7323021181716833,0.686057836212635,0.886528649921507,0.6649350680079784,0.7081130959846627,0.6400019768414016,32.0,first_k,max,"[1,3,7,28]",False,32768.0,0.25,32768.0,4.0,True,1.5688405797101428,2.6953803403960004,1.92155114291307,1.2465039211144593,1.390519833882272,1.3683221421552527,0.02413600891861767,0.017333887302927398,0.026755128689652685,0.032512187951177385,0.04349500994427613,0.010974392351134288,47.0,50.0,86.0,72.0,53.0,61.0,97.371222,211.775199,179.806101,376.307312,218.51816,317.420726
39.0,6,1.5693613361647711,0.8253574523059781,1.3641715491728856,0.02598767896159972,0.0266081035384335,0.017395885027970737,0.7195365477546759,0.6871909758994821,0.09100352889643556,51.166666666666664,24.011802653417476,46.5,358.37661666666673,2150.2597000000005,,,,,,,0.7350613154960981,0.687241722845438,0.8946420092253426,0.6871402289535262,0.6720986902223576,0.6410353197852927,64.0,pca,sum,"[1,7,28]",True,32768.0,0.25,32768.0,8.0,False,1.3894927536231838,2.5112886418895775,1.3388503447225872,0.39516717843914373,2.5418874409279506,1.2394816573861824,0.021376811594202905,0.016150000670124398,0.018641769385817075,0.010307027005629577,0.07950941570658121,0.009941049407243163,40.0,42.0,51.0,24.0,95.0,55.0,125.806408,304.28058,257.040872,635.069781,322.178851,505.883208
95.0,6,1.9860078630594449,1.1938941971085828,1.8607552622619776,0.026049310226427647,0.008186147875694329,0.02603969855259375,0.719474916489848,0.7057349615954408,0.09151920455673347,59.666666666666664,32.29654264262146,65.5,191.8821305,1151.2927829999999,,,,,,,0.7207636566332218,0.6907062665576598,0.8889318904199857,0.6745722162792961,0.7238805970149254,0.617994872033999,64.0,first_k,sum,null,True,32768.0,0.75,16384.0,4.0,False,2.3188405797101375,1.9725599166377459,1.7489506078862092,0.8770196179787213,0.8864384934841711,4.112237962659684,0.035674470457079166,0.012685456957902685,0.024351888191174065,0.02287503967985971,0.027727508914013432,0.03298149715853682,89.0,17.0,76.0,55.0,27.0,94.0,83.107567,211.590984,160.472937,289.2357,177.332742,229.552853
47.0,6,1.4742756707585212,1.1187505733106975,1.1518292574093678,0.026143607192391633,0.027336305909638235,0.016866555954925755,0.719380619523884,0.6792414197224511,0.09844939701822876,47.5,39.47530873850133,47.5,514.4486456666667,3086.691874,,,,,,,0.7431438127090302,0.6829529259869818,0.9084918333430237,0.6599004767582625,0.6755299134579205,0.6462647548880852,64.0,pca,sum,"[1,3,7,28]",False,65536.0,0.75,65536.0,8.0,False,0.8641304347826002,3.178186870441169,0.3441571152047819,1.4395280800361356,2.4321924674208626,0.587459056665576,0.013294314381270822,0.020438797528580688,0.0047919452681359775,0.03754677920089333,0.07607819247101832,0.004711614304450662,18.0,77.0,4.0,80.0,92.0,14.0,154.007251,473.971811,363.198538,889.851517,383.518775,822.143982
76.0,6,1.5710311570746907,0.9734959623536239,1.0514400946735738,0.026266018815246744,0.025392617926297715,0.016674023094806478,0.7192582079010288,0.6792298937714055,0.09497689187479921,52.666666666666664,28.29605390627228,52.5,273.38116433333334,1640.286986,,,,,,,0.743283166109253,0.6831986383069975,0.900926894974514,0.6704749357153333,0.6752611492358136,0.6424044630642618,32.0,pca,sum,null,True,32768.0,0.75,16384.0,8.0,True,0.8550724637681142,3.1399791594304065,0.8874703669066425,1.034107670513207,2.440784762995834,1.0687725188339403,0.013154960981047958,0.020193085208564998,0.012356883636645777,0.026972320243822456,0.07634695669312519,0.008571906128274076,16.0,72.0,30.0,61.0,93.0,44.0,111.80105,267.983126,208.07973,410.369193,276.328149,365.725738
21.0,6,1.714823159975052,1.210866708514219,1.62202512404028,0.02656687339743848,0.018714810275015085,0.027469235787596025,0.7189573533188373,0.689561453851459,0.08847490369637036,61.833333333333336,37.10211135052379,76.5,270.7481076666666,1624.4886459999998,,,,,,,0.7508082497212932,0.6791354500332829,0.8826015805182472,0.6558777784907981,0.699987457669635,0.6453336034797663,64.0,gaussian_random_projection,mean,"[1,3,7,28]",False,32768.0,0.75,16384.0,8.0,False,0.365942028985504,3.77179576241756,2.2035929446051408,1.5937566779817594,1.6502935700988008,0.703557975761548,0.005629877369007774,0.024256273482279544,0.030682198092912505,0.04156947746835771,0.05162064825930379,0.00564276571276956,8.0,93.0,93.0,86.0,67.0,24.0,114.410032,256.036377,223.997582,383.232013,274.442227,372.370415
32.0,6,1.57569836231717,0.3709135591767056,1.565188925943013,0.026803577776544445,0.01784690900116411,0.02139936962336042,0.7187206489397312,0.6924882214544035,0.09204000239941032,55.166666666666664,20.701851769024593,52.5,276.42391216666664,1658.5434729999997,,,,,,,0.7313266443701226,0.6896117298594079,0.8955965220846173,0.6583719419804827,0.695364713049399,0.6420523422943576,32.0,first_k,max,"[1,3,7,28]",False,65536.0,0.25,16384.0,4.0,False,1.6322463768115887,2.142757902049352,1.2702973096413657,1.4981314750744372,1.798081053988242,1.1126760563380358,0.02511148272017838,0.013779993656154566,0.01768725652654246,0.03907531397867314,0.05624339287953983,0.008924026898178283,57.0,25.0,45.0,82.0,74.0,48.0,105.82185,339.738134,218.136683,375.366304,215.905985,403.574517
16.0,6,1.900499092072251,1.172091067934599,1.6530211243917878,0.0268275787437026,0.015247771898978467,0.02349615244760228,0.718696647972573,0.6866101150165129,0.08744876001789911,66.66666666666667,26.127890589687233,68.5,322.86944950000003,1937.216697,,,,,,,0.7391861761426979,0.6770133890876926,0.8842740978157644,0.6768332854918211,0.6962068409453334,0.6386660983521287,64.0,pca,mean,"[1,3,7,28]",True,32768.0,0.75,16384.0,4.0,False,1.1213768115941989,4.101771448419644,2.083472889797522,0.790331153838567,1.7711585278533457,1.5348837209302297,0.017251950947603123,0.026378334427869854,0.029009680795395343,0.020613970467334708,0.055401264983605425,0.012310270840407145,27.0,98.0,89.0,49.0,73.0,64.0,125.769346,296.821508,250.636822,498.169145,329.077573,436.742303
88.0,6,1.7422535776506347,0.9550105201828819,1.6316562825676941,0.027295435575789395,0.01722905882443252,0.02470949440279946,0.7182287911404862,0.689600361080422,0.08944040127944271,63.166666666666664,29.996110859020817,77.5,263.81633316666665,1582.897999,,,,,,,0.743561872909699,0.6810319023941315,0.8862246109269918,0.6568918447364762,0.6981688197667126,0.6434936961089062,64.0,gaussian_random_projection,sum,"[1,3,7,28]",False,32768.0,0.25,16384.0,4.0,True,0.8369565217391275,3.476901701979915,1.9433871985036706,1.554877794979306,1.7084347701560822,0.9329634785457078,0.01287625418060201,0.02235982112143098,0.02705916768416794,0.04055541122267958,0.05343928616222615,0.0074826730836297095,14.0,84.0,87.0,84.0,71.0,39.0,114.570849,257.157021,220.109895,334.719582,276.380691,379.959961
54.0,6,2.2144556317114783,1.4742147494648403,2.048255410236109,0.0273386256049285,0.01022892158997767,0.023776748672284187,0.7181856011113471,0.6981752010945038,0.09477538352819852,63.333333333333336,28.054708458058634,59.5,237.82214449999995,1426.9328669999998,,,,,,,0.7130713489409142,0.6832790532480935,0.895493863499816,0.6776172532669669,0.7241672788518394,0.6154848088604528,32.0,first_k,sum,null,True,65536.0,0.25,16384.0,8.0,True,2.8188405797101335,3.1274748176450715,1.2776702407620841,0.7602741516086939,0.8772733782041998,4.425200622338686,0.04336677814938683,0.02011267026746899,0.017789915111343757,0.01983000269218893,0.027440827077099383,0.035491560332083116,93.0,71.0,46.0,48.0,26.0,96.0,87.70105,324.724112,182.553115,360.519531,164.809094,306.625965
38.0,6,1.6225770104891166,0.46250300452428583,1.6880054340414126,0.027429374196071592,0.017725025014380943,0.022237786248526514,0.718094852520204,0.6941388424254941,0.09350518104385926,55.666666666666664,22.105806175452337,56.0,277.0726445,1662.4358670000001,,,,,,,0.7271181716833891,0.688800879203356,0.8981281615210186,0.6528616987244048,0.6994768056476321,0.6421833983414235,32.0,first_k,max,"[1,3,7,28]",False,65536.0,0.25,16384.0,8.0,False,1.9057971014492667,2.26884334838489,1.0884751734487577,1.709391936391585,1.6666189316912399,1.0963355715689602,0.0293199554069119,0.014590844312206475,0.015155617090141127,0.044585557234750994,0.052131300281306636,0.008792970851112414,66.0,30.0,36.0,88.0,68.0,46.0,107.075967,338.375654,217.740835,378.913953,217.77628,402.553178
35.0,6,1.692081275052914,0.7907831415344068,1.8637706690924727,0.027503903746821805,0.02457974657855741,0.01878690784203657,0.718020322969454,0.6876446560224485,0.0888661135550231,58.166666666666664,25.607941476555016,60.5,309.3662125,1856.197275,,,,,,,0.7234392419175028,0.6878537698971134,0.8912479165455356,0.6874355421477837,0.6771514575979645,0.6409940097108229,32.0,pca,max,"[1,7,28]",True,32768.0,0.25,32768.0,8.0,False,2.1449275362318785,2.4161167071900493,1.5826138019530671,0.38384499196705696,2.3803522841185596,1.2446323288568735,0.032998885172798254,0.015537953618449007,0.022035862065624134,0.010011713811372114,0.07445664833097432,0.009982359481712999,78.0,37.0,65.0,22.0,91.0,56.0,116.019733,268.788884,221.540519,539.945694,282.515649,427.386796
81.0,6,1.8670792599460817,0.8507997091881424,2.0036462709523013,0.027980120786593177,0.022023954517364927,0.02149342033634566,0.7175441059296824,0.6871094205033558,0.08890204474206141,64.66666666666667,25.47678681990071,72.5,398.81315466666666,2392.878928,,,,,,,0.726923076923077,0.6849632995143832,0.8887253619396477,0.6892555414923284,0.6811739621221623,0.634223393586496,32.0,pca,max,"[1,3,7,28]",True,32768.0,0.25,65536.0,8.0,False,1.918478260869553,2.865578325807607,1.7637834663650778,0.3140669652526616,2.25175426034654,2.0888142810350496,0.029515050167224,0.018428424001179278,0.02455841667151204,0.008191714466827427,0.07043414380677648,0.016752975606039833,68.0,58.0,77.0,17.0,87.0,81.0,116.198794,270.342204,228.297379,925.355865,279.511654,573.173032
85.0,6,1.7100424760708925,0.7745683881319855,1.6107958714831865,0.02834309968342043,0.019358976611603313,0.02092750140719335,0.7171811270328551,0.6877033086080727,0.09124662341249322,60.833333333333336,21.903576572483928,66.0,326.71981683333337,1960.318901,,,,,,,0.7370680044593088,0.6835716742837485,0.8912488250285869,0.6546965840263064,0.6918349429323969,0.6446667314667835,32.0,pca,max,"[1,7,28]",False,32768.0,0.25,32768.0,8.0,True,1.2590579710144916,3.081972907259521,1.5825485547750076,1.6390431881913654,1.9109265358728191,0.7867056993121508,0.019370122630992248,0.019820049231813908,0.02203495358257279,0.04275067193284943,0.059773162996541895,0.006309637725752326,36.0,68.0,64.0,87.0,77.0,33.0,124.395682,277.887112,236.432929,533.008853,325.236831,463.357494
61.0,6,1.943651699959849,1.2069357043646933,2.124187078557231,0.028707434223151973,0.02537297376360401,0.022476409292773614,0.7168167924931237,0.6825003082073333,0.09763597347269642,63.5,31.085366332086227,72.0,466.79522883333334,2800.771373,,,,,,,0.7297658862876254,0.6811301873221378,0.9048993885303409,0.6838704290925288,0.6729497769256956,0.6282850868004133,64.0,pca,sum,null,True,32768.0,0.25,65536.0,8.0,True,1.733695652173908,3.4616186175755996,0.6021662063115849,0.5205299609782124,2.5146785049405542,2.8292212577792335,0.026672240802675606,0.022261536193424636,0.008384390080818815,0.013576826866626979,0.07865832900324321,0.02269128239212259,61.0,83.0,17.0,37.0,94.0,89.0,121.916493,296.110683,250.267734,1024.064546,320.47046,787.941457
43.0,6,1.9524475226393365,0.9713136876452696,1.9407941565463231,0.029054540815196355,0.01999134200450312,0.023483715357010826,0.7164696859010792,0.6839048585044664,0.08868428529938235,71.33333333333333,17.772638145944082,77.5,324.9119671666667,1949.4718030000004,,,,,,,0.7229933110367892,0.6806968401395646,0.889011231273136,0.6830880671549613,0.6847216498539714,0.6383070159480531,64.0,pca,max,"[1,3,7,28]",True,32768.0,0.75,16384.0,4.0,False,2.1739130434782585,3.5290031260855117,1.74325235433568,0.5505253960554545,2.1383359587569664,1.5796552571241491,0.033444816053511794,0.0226948833759979,0.024272547338023753,0.014359188804194511,0.06688645607496735,0.012669353244482817,80.0,86.0,75.0,38.0,83.0,66.0,126.192791,300.159527,249.141357,498.480689,332.753286,442.744153
23.0,6,1.709641444100838,0.8768308260595805,1.5595896557045572,0.029167718691947436,0.027902589643966972,0.019164838833171882,0.716356508024328,0.6794556595282071,0.099011160468808,53.0,36.94861296449435,48.0,451.6600856666667,2709.9605140000003,,,,,,,0.7401337792642141,0.6910949387729574,0.9041789614706282,0.6659639490024337,0.6678163802834567,0.628951039352279,64.0,pca,sum,"[1,7,28]",True,65536.0,0.75,16384.0,4.0,False,1.059782608695646,1.9121222646752594,0.6539072185128058,1.2070570467338553,2.6787913504224345,2.746188175565027,0.016304347826086918,0.012296784742605094,0.009104817140531574,0.03148330695672208,0.0837917256454821,0.022025329840256846,25.0,15.0,21.0,71.0,98.0,88.0,151.479449,476.502352,348.09801,684.02101,324.048923,725.81077
46.0,6,2.1495536754177276,1.3078898918275779,1.8573303477020657,0.029332089255658517,0.01767756924813205,0.023054092793008074,0.716192137460617,0.6888784163914907,0.08864697856478257,68.83333333333333,22.157767637256843,75.5,179.64420216666667,1077.865213,,,,,,,0.6951783723522854,0.6813937696290638,0.8891735469116422,0.6825784604306959,0.7137571446489043,0.6350715307911109,32.0,first_k,sum,"[1,7,28]",True,32768.0,0.25,16384.0,4.0,True,3.981884057970999,3.420632163945856,1.7315948585223666,0.5700635083774235,1.2100816268079564,1.9830658368817649,0.06125975473801559,0.02199795388649861,0.024110231699517537,0.014868795528459877,0.03785096128003451,0.01590483840142498,96.0,82.0,73.0,41.0,43.0,78.0,84.012292,203.407126,149.197343,259.629853,165.428245,216.190354
48.0,6,1.6800759102206095,0.9360734777628897,1.4232843104807396,0.02953217108208611,0.02741158756872465,0.021666749330297497,0.7159920556341896,0.6766637741292332,0.09258288381314488,55.5,29.008619408720573,57.0,316.43575066666665,1898.614504,,,,,,,0.7320512820512821,0.6844450698939863,0.8957200757795997,0.6679995281170021,0.6688824783644801,0.6468538995987866,32.0,pca,sum,"[1,3,7,28]",False,32768.0,0.75,32768.0,4.0,True,1.585144927536222,2.9461618617575946,1.2614236934252572,1.1290137802561113,2.6447085779750634,0.5140026203734092,0.02438684503901889,0.018946653621576104,0.017563702831560057,0.02944772784215366,0.08272562756445867,0.0041224695937492895,51.0,63.0,43.0,69.0,97.0,10.0,128.028908,284.104606,238.219724,440.276671,335.414744,472.569851
65.0,6,1.7758957740940173,1.1351854814827702,1.2913766595083893,0.02966022440174308,0.027702563090618165,0.021388961618671987,0.7158640023145325,0.6753094559841222,0.09258174146020554,60.0,29.68501305372797,57.5,473.0803036666667,2838.481822,,,,,,,0.7381828316610926,0.6800535206107962,0.893844058278582,0.6705653913574483,0.667323645876261,0.6452145661030151,64.0,pca,sum,"[1,3,7,28]",False,32768.0,0.75,65536.0,8.0,False,1.186594202898545,3.6290378603682427,1.3961591161182338,1.0306396383785337,2.6945438923098735,0.7183999344906753,0.01825529542920845,0.023338202904766292,0.01943972033257768,0.026881864601707495,0.08428446005267776,0.0057618030895207895,31.0,88.0,55.0,60.0,100.0,26.0,138.052095,310.177451,273.598645,924.496638,372.054372,820.102621
73.0,5,2.0839212238126947,1.2981967876845641,1.8917766806585614,0.029785886691294183,0.01185076632275062,0.026340557590557756,0.7346479115297294,0.7109810479375698,0.08662576275397314,75.5,26.402651382010863,88.5,257.15649916666666,1542.938995,,,,,,,0.7109810479375698,0.6790192951183663,0.886943221020602,0.6822880023159048,0.714007991256204,,64.0,first_k,sum,null,True,32768.0,0.25,65536.0,4.0,False,2.954710144927519,3.7898575894408393,1.8917766806585614,0.5811995530985702,1.202062150937985,,0.04545707915273123,0.02437242839719611,0.026340557590557756,0.015159253643250992,0.03760011467273483,,95.0,94.0,83.0,42.0,42.0,97.0,82.967928,208.111565,173.745604,828.77074,181.064829,68.278329
89.0,6,1.8059005859569608,0.8018138441349747,1.9723796092788408,0.029931515261814496,0.017381443996524696,0.033479651770283336,0.7155927114544611,0.6927579691925807,0.08551919014851497,64.16666666666667,32.70117225217877,76.0,490.11524316666663,2940.6914589999997,,,,,,,0.7215440356744705,0.6863526909966539,0.8812185664864236,0.6575905012688724,0.6991632473885075,0.6476872269118388,64.0,pca,max,"[1,7,28]",False,32768.0,0.25,65536.0,8.0,True,2.268115942028978,2.6495310871830884,2.302920898671131,1.5280915907271693,1.676643276528704,0.41010072060269437,0.03489409141583055,0.017039032518908592,0.03206521212473612,0.03985675469028338,0.05244485854043124,0.0032891422806970994,85.0,48.0,94.0,83.0,69.0,6.0,134.485557,307.131312,267.844003,1060.200815,365.00112,806.028652
87.0,6,2.0329569958133136,1.6118407197652493,1.778837902419164,0.029974628103570083,0.019877752082512933,0.032247164046100785,0.7155495986127055,0.6917933590156289,0.09058242943926698,62.0,41.79952152836202,71.0,245.2481071666667,1471.4886430000001,,,,,,,0.7455406911928651,0.6715407055964332,0.8806404684380874,0.6376424964281467,0.7120460124348247,0.645887217585876,32.0,gaussian_random_projection,mean,"[1,3,7,28]",False,32768.0,0.25,16384.0,8.0,False,0.7083333333333283,4.952761375477675,2.344439852976361,2.2928898962030795,1.2647859086352484,0.6345316082541903,0.010897435897435859,0.031851017919129254,0.032643310173072315,0.059804759531009055,0.0395620934941141,0.005089151606659903,12.0,100.0,96.0,100.0,46.0,18.0,111.950786,243.913719,201.932592,307.868253,261.658106,344.165187
71.0,6,2.0447512632625524,1.2219411112839247,1.9256679798055245,0.030423048366798433,0.021051799540299364,0.025390684651428463,0.7151011783494772,0.6801965268167739,0.08944620920410377,72.83333333333333,19.589963416675047,75.5,315.0963205,1890.5779229999998,,,,,,,0.7231605351170568,0.676117655993817,0.8897764768300482,0.6789861625188931,0.6814068911146547,0.6411593485223932,64.0,pca,max,null,True,32768.0,0.75,16384.0,4.0,False,2.163043478260865,4.241055922195274,1.688292481350184,0.7077907336136243,2.244307604181572,1.2240173599737965,0.0332775919732442,0.027274067521745438,0.02350730178111149,0.0184610934402627,0.0702012148142841,0.009817020670142673,79.0,99.0,72.0,47.0,86.0,54.0,121.642361,294.518771,240.093557,475.824279,328.357351,430.141604
25.0,6,2.002870479401132,0.8880137054987383,1.9967709147937978,0.03147862619309566,0.020761423476422295,0.02674384891728193,0.71404560052318,0.6807404220466068,0.08872985030770976,74.16666666666667,14.455679391390314,79.0,340.40018116666664,2042.401087,,,,,,,0.7242474916387961,0.6807906575708433,0.8868127022888928,0.6704306344468589,0.6806901865223702,0.6413019306713184,64.0,pca,mean,"[1,7,28]",False,32768.0,0.75,16384.0,8.0,True,2.0923913043478115,3.5144147273359367,1.9011505252397838,1.0358061629353918,2.267220392381479,1.2062397641663896,0.03219063545150491,0.022601065944719112,0.026471076322266973,0.02701662151229689,0.07091791940656855,0.009674438521217521,74.0,85.0,84.0,62.0,88.0,52.0,133.697613,308.620792,260.725095,489.424448,369.463587,480.469552
0.0,6,1.8958024933562714,0.8777101390593499,1.9331329494526353,0.031872797234796045,0.021654547394126998,0.028437522703979312,0.7136514294814796,0.686383106171603,0.08616529088860564,64.5,32.377461296401854,72.5,348.584394,2091.506364,,,,,,,0.7389910813823858,0.6843356162241612,0.8754648404946024,0.6492854558242016,0.6884305961190448,0.6454009868444817,64.0,pca,max,"[1,7,28]",False,32768.0,0.75,16384.0,8.0,False,1.1340579710144851,2.9631816602987535,2.7161530263816047,1.8465036190828632,2.019762279822407,0.695156403537515,0.01744704570791522,0.01905610729140128,0.037818938116557343,0.04816180013495419,0.063177509809894,0.005575382348054214,28.0,65.0,99.0,92.0,80.0,23.0,148.274564,315.667211,270.933059,493.124388,371.148513,492.358629
3.0,6,1.818777470626084,0.791546634008797,1.5596799021181278,0.0322993289043263,0.02866091824200697,0.018660138787342906,0.7132248978119494,0.676324882591757,0.09732648308184443,62.333333333333336,28.104566651465497,57.0,398.21937199999996,2389.3162319999997,,,,,,,0.7375418060200669,0.6849677670111107,0.8991223448068686,0.64925999735519,0.6676819981724034,0.6407754735060562,32.0,pca,sum,"[1,3,7,28]",False,65536.0,0.25,16384.0,4.0,True,1.2282608695652113,2.8648836401528657,1.0170730115922557,1.847479686319438,2.6830874982099164,1.2718801179168173,0.01889632107023409,0.01842395650445172,0.014161433804291135,0.04818725860396578,0.08392610775653542,0.010200895686479639,35.0,57.0,33.0,93.0,99.0,57.0,143.874003,451.707927,319.637885,532.590965,337.473268,604.032184
5.0,6,1.8799595032618246,0.8968132038493339,1.989754517404666,0.03252544655436743,0.022851194318190472,0.026590867054117617,0.7129987801619082,0.685065439920642,0.0906562574888207,66.66666666666667,33.08574718314016,77.0,332.53867633333334,1995.232058,,,,,,,0.7298773690078038,0.6831964045586336,0.8866628025854217,0.6431735555781143,0.6869344752826504,0.6481480739588252,64.0,pca,max,"[1,7,28]",False,32768.0,0.25,16384.0,8.0,False,1.7264492753623149,3.1403265022577855,1.9119163096196008,2.0808313620710854,2.0675927251897313,0.3526408450704281,0.02656075808249725,0.02019531895692883,0.026620976025737986,0.05427370038104151,0.0646736306462884,0.0028282952337106426,60.0,73.0,85.0,97.0,81.0,4.0,134.238307,308.616648,269.691888,410.981749,368.234595,503.468871
28.0,6,1.9812706207838893,0.5841619929000058,2.2308356142525367,0.03334562733402433,0.019294860869522024,0.03465850201098658,0.7121785993822511,0.694869794903131,0.08771558409395558,69.16666666666667,28.617593656117677,73.0,243.67918766666665,1462.075126,,,,,,,0.721850613154961,0.6881932996484079,0.8785542885245265,0.6397136473121466,0.7015462901578543,0.6432134574956112,32.0,gaussian_random_projection,max,"[1,3,7,28]",False,32768.0,0.25,16384.0,4.0,False,2.248188405797091,2.363320597429712,2.494269122860437,2.2134828227079826,1.6004582557639837,0.9679045201441288,0.034587513935339986,0.015198423867154531,0.034729490086633175,0.05773360864700916,0.050061815771084484,0.007762911696924668,84.0,33.0,97.0,99.0,62.0,40.0,112.019778,246.008265,202.146299,296.917497,261.306511,343.676776
42.0,6,1.8413784478785098,0.7566625372478393,2.0568797621959174,0.03395833845850118,0.02441546778251469,0.035356436873647035,0.7115658882577746,0.6873584754904605,0.08601550874623987,63.166666666666664,43.374723822367635,86.0,347.02012199999996,2082.120732,,,,,,,0.7214882943143813,0.6927546138072453,0.8775207376397853,0.6482237409461024,0.6819623371736755,0.6474456056654567,64.0,pca,max,"[1,3,7,28]",False,32768.0,0.75,16384.0,4.0,False,2.2717391304347707,1.6540465439388952,2.5684986624328396,1.8872093310652014,2.226550193326633,0.4402268260727196,0.034949832775919676,0.010637109708317105,0.035763040971374394,0.04922351501305344,0.0696457687552633,0.0035307635270791504,87.0,8.0,98.0,94.0,85.0,7.0,137.333999,310.955872,269.015001,495.845762,380.249131,488.720967
97.0,6,1.9700582996999272,0.596420316348241,2.204131747494417,0.034459078112459594,0.02241815326617534,0.033520538774162,0.711065148603816,0.686505500341011,0.0881972454357455,70.33333333333333,30.546139963449832,84.0,390.14306983333336,2340.858419,,,,,,,0.721516164994426,0.6882893508280505,0.8811646631587108,0.6460204768401243,0.6847216498539715,0.644678585947613,32.0,pca,max,"[1,3,7,28]",False,65536.0,0.25,16384.0,8.0,False,2.2699275362318705,2.3483848558527582,2.3067922312359954,1.9716815711825546,2.138335958756963,0.785227644939422,0.03492196209587506,0.015102372687511911,0.03211911545244894,0.051426779119031485,0.06688645607496724,0.0062977832449229165,86.0,31.0,95.0,96.0,82.0,32.0,143.10601,426.73053,311.69011,523.634885,328.657843,607.039041
52.0,6,1.948723309959467,0.6675075160238728,2.12035504121446,0.03578084503802864,0.02532877570368196,0.03500215481646651,0.7097433816782471,0.686601408636963,0.08684332423277029,66.83333333333333,38.10205593753002,81.0,333.51931483333334,2001.1158890000002,,,,,,,0.7245540691192864,0.6927903537810659,0.8751635269492413,0.6408935375943035,0.6804124634928599,0.6446463391327248,64.0,pca,max,"[1,3,7,28]",False,32768.0,0.25,16384.0,4.0,False,2.0724637681159392,1.6484890587009513,2.7377933404380177,2.1682463143129804,2.2760990978089466,0.7892482803799645,0.03188405797101457,0.010601369734496546,0.03812025166191846,0.056553718364852346,0.0711956424360789,0.0063300300598110315,73.0,7.0,100.0,98.0,89.0,34.0,138.38942,310.734842,270.397504,416.552884,375.363176,489.678063
