param,level,n,mean_rank,se_rank,mean_regret,se_regret,mean_normalized_regret,se_normalized_regret,rank_wins,regret_wins,normalized_regret_wins,n_tasks,groups
fusion.early.reduction_dim,32.0,95,49.80526315789473,1.2110464068213067,,,1.5465144124846069,0.06948090176961161,7,8,8,12,all
fusion.early.reduction_dim,64.0,105,50.757142857142846,1.2186066553073323,,,1.5247195904400515,0.05026058902803706,5,4,4,12,all
fusion.early.reduction_method,gaussian_random_projection,53,46.33333333333333,1.6569078106475938,,,1.4456894358548293,0.07670735995364551,5,3,3,12,all
fusion.early.reduction_method,first_k,75,51.562222222222225,1.3228974983438653,,,1.6415380642128055,0.081551638056917,4,3,3,12,all
fusion.early.reduction_method,pca,72,51.91898148148149,1.4627169493549115,,,1.4899657120274534,0.056244990086110676,3,6,6,12,all
fusion.key_pooling,mean,67,45.74378109452736,1.4861891986098668,,,1.435744975662438,0.06885994089463994,5,5,5,12,all
fusion.key_pooling,sum,64,51.76822916666667,1.3365980677335414,,,1.5252239634893223,0.05443308933819925,4,4,4,12,all
fusion.key_pooling,max,69,53.376811594202906,1.4748637967223197,,,1.6406547702832328,0.08804085592471546,3,3,3,12,all
rewrite.count_feature_window_days,null,60,47.4388888888889,1.6616684312186478,,,1.5092811405652298,0.09570620786725063,7,8,8,12,all
rewrite.count_feature_window_days,"[1,7,28]",66,49.94949494949495,1.4050588001097994,,,1.5782999372724404,0.08243180916479803,4,3,3,12,all
rewrite.count_feature_window_days,"[1,3,7,28]",74,52.94594594594596,1.367185301564608,,,1.5174292147074078,0.040720387748285625,1,1,1,12,all
rewrite.count_features_after_simplify,True,91,48.37362637362637,1.282592565541717,,,1.6064780335583497,0.0830482343615109,7,6,6,12,all
rewrite.count_features_after_simplify,False,109,51.91743119266055,1.1386508537145312,,,1.475458028701222,0.03371539508868453,5,6,6,12,all
sampling.context_tables_sample_size,65536.0,91,47.924908424908416,1.325826608884882,,,1.462030223170197,0.059338009717835344,6,7,7,12,all
sampling.context_tables_sample_size,32768.0,109,52.292048929663615,1.091158682231102,,,1.5960520722362856,0.05900956694259137,6,5,5,12,all
sampling.train.anchor_budget_fraction,0.75,99,48.90572390572392,1.2194106677789138,,,1.4521176228950867,0.045339824525502365,7,8,8,12,all
sampling.train.anchor_budget_fraction,0.25,101,51.67656765676568,1.200169179910908,,,1.616383975402272,0.06995471704230417,5,4,4,12,all
sampling.train.sample_size,32768.0,57,47.87426900584796,1.3711436181010017,,,1.4697924341678807,0.07198273023066801,5,4,4,12,all
sampling.train.sample_size,65536.0,66,49.41414141414142,1.5169731344362793,,,1.4961646082588105,0.06629461739464285,4,5,5,12,all
sampling.train.sample_size,16384.0,77,52.86796536796537,1.4667796050002648,,,1.6167453673973036,0.07674729750784874,3,3,3,12,all
tabicl.outlier_threshold,8.0,105,50.06031746031746,1.1748754551922889,,,1.5927274672856737,0.07137123724533508,8,7,7,12,all
tabicl.outlier_threshold,4.0,95,50.57543859649123,1.2642020589957021,,,1.4713478117604977,0.04010028874593892,4,5,5,12,all
vectorizer.relative_time,True,92,49.0090579710145,1.1710760193838383,,,1.5424718325800029,0.07224703808101468,6,7,7,12,all
vectorizer.relative_time,False,108,51.40895061728394,1.2337836708874432,,,1.528768681341507,0.04834695347635865,6,5,5,12,all
method.target_transform,log1p,46,44.916666666666664,1.7161006211529763,0.36512281330626295,0.025696479962525644,1.1678100583118467,0.04078597402204515,5,5,5,6,minimize
method.target_transform,none,54,55.25617283950618,1.4211741159158178,0.6090513941383472,0.06652396780807893,1.8656430948792948,0.12666141538165496,1,1,1,6,minimize
