param,level,n,mean_rank,se_rank,mean_regret,se_regret,mean_normalized_regret,se_normalized_regret,rank_wins,regret_wins,normalized_regret_wins
fusion.early.reduction_dim,32,48,50.260416666666664,1.7962131430018526,0.4625749738835212,0.07251531205124122,1.5813807705445475,0.13119806491337166,3,4,4
fusion.early.reduction_dim,64,52,50.721153846153854,1.653205576580399,0.5284774220990351,0.036530008044562676,1.5107252465324732,0.09210584471532215,3,2,2
fusion.early.reduction_method,gaussian_random_projection,25,47.35333333333333,2.5485529663364312,0.45509843792766325,0.059442664774001876,1.4910566636199014,0.15164152924518182,3,1,1
fusion.early.reduction_method,pca,39,48.042735042735046,1.9744461172598347,0.45355442291300774,0.026796067815708348,1.335354419406417,0.09030394262696291,2,5,5
fusion.early.reduction_method,first_k,36,55.34722222222222,1.6734962583260806,0.5727317014933322,0.09759936113638756,1.8085764127355297,0.15757294566302976,1,0,0
fusion.key_pooling,mean,40,44.72083333333334,1.9703679814171087,0.46388866548271224,0.04313192489376047,1.4169107625714026,0.11008593654418151,3,3,3
fusion.key_pooling,sum,31,53.21505376344087,1.8060232680412833,0.45192598748791923,0.05427693836426686,1.4935058376021035,0.09681395325940706,2,2,2
fusion.key_pooling,max,29,55.56896551724139,1.964179030514999,0.5903162918663745,0.108216372251368,1.7754785633553638,0.19712806703773894,1,1,1
method.target_transform,log1p,46,44.916666666666664,1.7161006211529763,0.36512281330626295,0.025696479962525644,1.1678100583118467,0.04078597402204515,5,5,5
method.target_transform,none,54,55.25617283950618,1.4211741159158178,0.6090513941383472,0.06652396780807893,1.8656430948792948,0.12666141538165496,1,1,1
rewrite.count_feature_window_days,null,29,49.04597701149425,2.0929890616893183,0.4324443105329899,0.06680003095721566,1.5855160105850437,0.1853546264235761,3,4,4
rewrite.count_feature_window_days,"[1,7,28]",36,50.15740740740741,1.9780089980371403,0.5627672071223734,0.08697610404614509,1.627282254584919,0.14615545549382128,2,1,1
rewrite.count_feature_window_days,"[1,3,7,28]",35,52.05714285714286,2.225698128572354,0.48239772096276284,0.04172117249177914,1.4257675523943862,0.07013526527365349,1,1,1
rewrite.count_features_after_simplify,True,46,44.804347826086946,1.8878748652703783,0.49316298059336305,0.07139271012548506,1.6083670844437263,0.16016665128027135,4,3,3
rewrite.count_features_after_simplify,False,54,55.35185185185184,1.23865820199403,0.4999801405234101,0.04162440609944078,1.4903537763225085,0.052892536329060214,2,3,3
sampling.context_tables_sample_size,32768,54,49.37654320987655,1.556666925947759,0.4272902587854109,0.029906670081167396,1.5612195390194619,0.1134946044935868,4,3,3
sampling.context_tables_sample_size,65536,46,51.81884057971015,1.8969551136897354,0.5784945808944927,0.07734340224470573,1.5251768412777378,0.10891964805842784,2,3,3
sampling.train.anchor_budget_fraction,0.75,49,48.683673469387756,1.860854584086317,0.4607089471743524,0.038454899660016584,1.4099172896590582,0.08258974631467789,3,4,4
sampling.train.anchor_budget_fraction,0.25,51,52.245098039215684,1.5429462306295272,0.5315624761571682,0.06833283174439786,1.6740792669124125,0.1308616968273846,3,2,2
sampling.train.sample_size,32768,28,49.54761904761904,1.8655943226947136,0.5379539409075819,0.04742982518642889,1.514956500313976,0.13978762145566268,1,1,1
sampling.train.sample_size,16384,35,49.71428571428571,2.2620418652241336,0.40454658391397624,0.023472207767132144,1.5465881395264545,0.15978112820614868,3,3,3
sampling.train.sample_size,65536,37,51.96396396396396,2.0660306015183743,0.553042808463713,0.09761342641490665,1.5652600787462063,0.11049052098348679,2,2,2
tabicl.outlier_threshold,8.0,54,50.333333333333336,1.7011115698348112,0.45090108719527905,0.03166570627014454,1.6568388411124526,0.133350907020989,3,3,3
tabicl.outlier_threshold,4.0,46,50.69565217391305,1.7371899399572357,0.5507775214568212,0.07737508367779752,1.4129280953424876,0.06624497586470113,3,3,3
vectorizer.relative_time,True,46,48.583333333333336,1.6317909014005807,0.417124229233604,0.026743310761815343,1.5685877047806078,0.1385912523643877,4,3,3
vectorizer.relative_time,False,54,52.13271604938272,1.7442482521170506,0.5647538916817235,0.06865128602927854,1.5242399145540535,0.08696838233594731,2,3,3
