number,value,datetime_start,datetime_complete,duration,duration_s,params_fusion.early.reduction_dim,params_fusion.early.reduction_method,params_fusion.key_pooling,params_rewrite.count_feature_window_days,params_rewrite.count_features_after_simplify,params_sampling.context_tables_sample_size,params_sampling.train.anchor_budget_fraction,params_sampling.train.sample_size,params_tabicl.outlier_threshold,params_vectorizer.relative_time,user_attrs_effective_context_sample_size,user_attrs_effective_context_sample_size_raised,user_attrs_effective_context_tables_used,user_attrs_effective_restrict_to_test_keys_batches,user_attrs_trial_timeout_s,user_attrs_val_accuracy,user_attrs_val_accuracy_sem,user_attrs_val_accuracy_std,user_attrs_val_accuracy_var,user_attrs_val_ap,user_attrs_val_auroc,user_attrs_val_confusion_matrix,user_attrs_val_f1,user_attrs_val_n,user_attrs_val_n_0,user_attrs_val_n_1,user_attrs_val_precision,user_attrs_val_recall,state,test_value,test_auroc,test_ap,test_f1,test_precision,test_recall,test_accuracy,test_accuracy_var,test_accuracy_std,test_accuracy_sem,test_confusion_matrix,test_n,test_n_0,test_n_1
72,0.6974472559591558,2026-08-25 04:19:45.292655,2026-08-25 04:32:16.690510,0 days 00:12:31.397855,751.397855,64,gaussian_random_projection,sum,null,False,65536,0.75,65536,4.0,False,,,1,16,1965.0976719999999,0.8195438633157427,0.001389896022837018,0.3845669244972193,0.14789171941724996,0.8959580797998876,0.6974472559591558,"[[1732, 12599], [1216, 61009]]",0.8982942289428931,76556,14331,62225,0.8288365395065753,0.9804580152671756,COMPLETE,0.6920200451991891,0.6920200451991891,0.9008220424510992,0.9014381984911451,0.8473305338932213,0.9629274943595904,0.826040898424405,0.1436973325546068,0.3790743100694201,0.0013881222713517,"[[2277, 10689], [2284, 59325]]",74575.0,12966.0,61609.0
24,0.6972396851919151,2026-08-24 21:10:34.594883,2026-08-24 21:17:32.548800,0 days 00:06:57.953917,417.953917,64,gaussian_random_projection,mean,null,False,32768,0.75,32768,8.0,False,,,1,16,1852.08063,0.8191519933120853,0.0013910716265503214,0.3848921994077337,0.14814200516492265,0.8957919390224308,0.6972396851919151,"[[1243, 13088], [757, 61468]]",0.8987798012881906,76556,14331,62225,0.8244541016148935,0.9878344716753716,COMPLETE,,,,,,,,,,,,,,
56,0.6971368353320376,2026-08-25 01:37:14.841469,2026-08-25 01:49:47.109037,0 days 00:12:32.267568,752.267568,32,pca,sum,null,False,32768,0.75,65536,4.0,False,53406.0,64.0,1,16,1871.673562,0.8196483619833848,0.0013895821167475625,0.38448007059058215,0.14782492468133904,0.8953181516247609,0.6971368353320376,"[[1489, 12842], [965, 61260]]",0.8987214564979791,76556,14331,62225,0.8266983347278076,0.9844917637605464,COMPLETE,,,,,,,,,,,,,,
45,0.6970139096989422,2026-08-25 00:02:15.703092,2026-08-25 00:10:35.652646,0 days 00:08:19.949554,499.949554,64,pca,sum,null,False,32768,0.75,32768,8.0,False,,,1,16,1972.497552,0.819452426981556,0.0013901705483512572,0.3846428822890054,0.14795014689559366,0.8954635992857207,0.6970139096989422,"[[1214, 13117], [705, 61520]]",0.8990077596410984,76556,14331,62225,0.8242560660262337,0.988670148654078,COMPLETE,,,,,,,,,,,,,,
80,0.6969867853977221,2026-08-25 05:39:09.673441,2026-08-25 05:51:13.950677,0 days 00:12:04.277236,724.277236,64,first_k,sum,null,False,32768,0.75,65536,8.0,False,53474.0,64.0,1,16,1977.9403,0.8197659229844819,0.0013892287648844712,0.384382302529503,0.14774975449788239,0.8960792293641167,0.6969867853977221,"[[1728, 12603], [1195, 61030]]",0.8984380750489481,76556,14331,62225,0.8288403297434574,0.9807955002008839,COMPLETE,,,,,,,,,,,,,,
90,0.6969758787103699,2026-08-25 07:19:45.267493,2026-08-25 07:31:46.857242,0 days 00:12:01.589749,721.589749,64,first_k,max,null,False,32768,0.75,65536,4.0,False,53415.0,64.0,1,16,1985.637118,0.8189952453106223,0.001391541186332262,0.38502212075310155,0.1482420334692159,0.8953781291115818,0.6969758787103699,"[[1649, 12682], [1175, 61050]]",0.898078068801165,76556,14331,62225,0.8279986979873054,0.9811169144234633,COMPLETE,,,,,,,,,,,,,,
78,0.6969130934888192,2026-08-25 05:17:46.114126,2026-08-25 05:26:19.904388,0 days 00:08:33.790262,513.790262,64,first_k,max,null,False,65536,0.25,32768,8.0,True,,,1,16,1965.0976719999999,0.8195046763153769,0.001390013692888247,0.38459948233533314,0.1479167618126062,0.8953012005717365,0.6969130934888192,"[[1313, 13018], [800, 61425]]",0.8988936693300553,76556,14331,62225,0.8251279502438107,0.987143431096826,COMPLETE,,,,,,,,,,,,,,
7,0.6965545437115408,2026-08-24 18:35:43.345966,2026-08-24 18:42:54.339129,0 days 00:07:10.993163,430.993163,32,gaussian_random_projection,max,null,False,65536,0.25,16384,4.0,False,,,1,16,1643.926996,0.8192434296462721,0.0013907975369000837,0.38481636221409005,0.14808363262768573,0.8944411007098467,0.6965545437115408,"[[1045, 13286], [552, 61673]]",0.8991281782132027,76556,14331,62225,0.8227564401873024,0.99112896745681,COMPLETE,,,,,,,,,,,,,,
91,0.6963888099473563,2026-08-25 07:31:46.906410,2026-08-25 07:48:04.234537,0 days 00:16:17.328127,977.328127,64,pca,mean,null,False,65536,0.25,65536,8.0,False,,,1,16,1987.891188,0.8192695543131825,0.0013907192012262801,0.38479468770847375,0.14806695168866182,0.8951841328069474,0.6963888099473563,"[[1546, 12785], [1051, 61174]]",0.8984021617811196,76556,14331,62225,0.8271339525953569,0.9831096826034552,COMPLETE,,,,,,,,,,,,,,
37,0.6958155898513644,2026-08-24 22:58:34.174864,2026-08-24 23:08:50.044372,0 days 00:10:15.869508,615.869508,32,pca,mean,null,False,65536,0.75,32768,4.0,True,,,1,16,1957.697792,0.8191519933120853,0.0013910716265503214,0.3848921994077337,0.14814200516492265,0.8942596336850872,0.6958155898513644,"[[1104, 13227], [618, 61607]]",0.8989851086028645,76556,14331,62225,0.8232487906566534,0.9900683005222981,COMPLETE,,,,,,,,,,,,,,
98,0.6954530153875854,2026-08-25 08:40:33.787193,2026-08-25 08:52:21.866830,0 days 00:11:48.079637,708.079637,32,first_k,sum,null,False,32768,0.25,65536,8.0,False,56346.0,64.0,1,16,1993.299668,0.819295678980093,0.001390640854729051,0.38477301020815036,0.1480502693846414,0.8946655700126784,0.6954530153875854,"[[1612, 12719], [1115, 61110]]",0.8983197847913329,76556,14331,62225,0.8277235232767611,0.9820811570912013,COMPLETE,,,,,,,,,,,,,,
75,0.6951231873386434,2026-08-25 04:57:05.362516,2026-08-25 05:03:02.862000,0 days 00:05:57.499484,357.499484,32,first_k,mean,null,False,65536,0.25,16384,8.0,False,,,1,16,1983.383048,0.8191781179789958,0.0013909933287441084,0.38487053537960825,0.14812532900338626,0.8945128297465562,0.6951231873386434,"[[1398, 12933], [910, 61315]]",0.8985660167212562,76556,14331,62225,0.8258134899256545,0.9853756528726396,COMPLETE,,,,,,,,,,,,,,
93,0.6946252986309814,2026-08-25 08:03:07.722761,2026-08-25 08:07:50.361414,0 days 00:04:42.638653,282.638653,64,first_k,mean,null,False,32768,0.75,16384,8.0,False,,,1,16,1992.67658,0.8168268979570511,0.001397997029235916,0.38680837210550695,0.14962071673091232,0.8942879896762692,0.6946252986309814,"[[578, 13753], [270, 61955]]",0.8983346987305431,76556,14331,62225,0.81834152269245,0.9956609079951788,COMPLETE,,,,,,,,,,,,,,
84,0.6945571722052504,2026-08-25 06:19:45.913050,2026-08-25 06:28:04.779519,0 days 00:08:18.866469,498.866469,64,first_k,mean,null,False,65536,0.75,32768,4.0,True,,,1,16,1977.9403,0.8188646219760698,0.0013919321890167528,0.38513030632768713,0.1483253528520581,0.8934302505186225,0.6945571722052504,"[[1450, 12881], [986, 61239]]",0.8982947669514834,76556,14331,62225,0.8262142471667566,0.984154278826838,COMPLETE,,,,,,,,,,,,,,
34,0.6914038051005472,2026-08-24 22:31:18.791107,2026-08-24 22:37:59.255825,0 days 00:06:40.464718,400.464718,32,first_k,max,null,False,65536,0.75,16384,8.0,True,,,1,16,1871.673562,0.8187731856418831,0.0013922057303044414,0.3852059917962408,0.14838365611572557,0.893046472404216,0.6914038051005472,"[[1024, 13307], [567, 61658]]",0.8988701800422771,76556,14331,62225,0.8224904955645969,0.9908879067898755,COMPLETE,,,,,,,,,,,,,,
10,0.6910667317187882,2026-08-24 18:53:31.765531,2026-08-24 19:05:22.574810,0 days 00:11:50.809279,710.809279,32,first_k,mean,"[1,3,7,28]",True,65536,0.25,65536,8.0,True,,,1,16,1636.133124,0.8159909086159152,0.0014004663673896512,0.38749160722793513,0.15014974567208836,0.895524747318835,0.6910667317187882,"[[538, 13793], [294, 61931]]",0.8978825507977586,76556,14331,62225,0.8178516718609687,0.9952752109280836,COMPLETE,,,,,,,,,,,,,,
81,0.6892555414923284,2026-08-25 05:51:14.001445,2026-08-25 06:06:39.357310,0 days 00:15:25.355865,925.355865,32,pca,max,"[1,3,7,28]",True,32768,0.25,65536,8.0,False,56325.0,64.0,1,16,1983.383048,0.8161345942839229,0.001400042723893991,0.3873743903472963,0.1500589182969395,0.8941669988209241,0.6892555414923284,"[[521, 13810], [266, 61959]]",0.8979955650245662,76556,14331,62225,0.8177354854887883,0.9957251908396947,COMPLETE,,,,,,,,,,,,,,
68,0.6887137350332672,2026-08-25 03:42:21.090080,2026-08-25 03:55:23.700292,0 days 00:13:02.610212,782.610212,32,gaussian_random_projection,sum,"[1,7,28]",True,65536,0.25,65536,4.0,False,,,1,16,1965.0976719999999,0.8152071686086002,0.0014027715137054134,0.3881294125130811,0.15064444085774947,0.8938218988593591,0.6887137350332672,"[[371, 13960], [187, 62038]]",0.8976508974627956,76556,14331,62225,0.8163109555514618,0.9969947770188831,COMPLETE,,,,,,,,,,,,,,
17,0.6886298956213985,2026-08-24 20:07:29.985780,2026-08-24 20:13:54.470408,0 days 00:06:24.484628,384.484628,32,first_k,max,"[1,3,7,28]",True,32768,0.25,32768,8.0,False,,,1,16,1972.497552,0.8154814776111604,0.0014019657946247315,0.3879064800751321,0.1504714372842789,0.8943397033627696,0.6886298956213985,"[[437, 13894], [232, 61993]]",0.8977206904541242,76556,14331,62225,0.8169119875604517,0.9962715950180796,COMPLETE,,,,,,,,,,,,,,
66,0.6885826826509183,2026-08-25 03:21:41.921512,2026-08-25 03:34:55.249809,0 days 00:13:13.328297,793.328297,32,gaussian_random_projection,max,"[1,3,7,28]",True,65536,0.25,65536,4.0,False,,,1,16,1965.0976719999999,0.8155206646115262,0.0014018505968604613,0.38787460628803844,0.15044671020310083,0.8936122292183615,0.6885826826509183,"[[391, 13940], [183, 62042]]",0.8978127012379981,76556,14331,62225,0.8165354952488747,0.9970590598633989,COMPLETE,,,,,,,,,,,,,,
96,0.6875617080516074,2026-08-25 08:21:43.844678,2026-08-25 08:31:50.054182,0 days 00:10:06.209504,606.209504,32,first_k,mean,"[1,7,28]",True,65536,0.75,65536,8.0,True,,,1,16,1990.283884,0.8165525889544908,0.0013988084807118862,0.3870328906258604,0.1497944584262092,0.8936586247729761,0.6875617080516074,"[[742, 13589], [455, 61770]]",0.8979241772299105,76556,14331,62225,0.819676481906607,0.9926878264363198,COMPLETE,,,,,,,,,,,,,,
35,0.6874355421477837,2026-08-24 22:37:59.298700,2026-08-24 22:46:59.244394,0 days 00:08:59.945694,539.945694,32,pca,max,"[1,7,28]",True,32768,0.25,32768,8.0,False,,,1,16,1785.649332,0.8160170332828256,0.0014003893651558146,0.3874703016685556,0.1501332346751215,0.8932897132133037,0.6874355421477837,"[[705, 13626], [459, 61766]]",0.8976507262910832,76556,14331,62225,0.8192646434634975,0.9926235435918039,COMPLETE,,,,,,,,,,,,,,
18,0.6872002762892895,2026-08-24 20:13:54.513489,2026-08-24 20:26:58.975262,0 days 00:13:04.461773,784.461773,64,gaussian_random_projection,mean,"[1,7,28]",True,65536,0.75,65536,4.0,False,,,1,16,1848.235102,0.8161345942839229,0.001400042723893991,0.3873743903472963,0.1500589182969395,0.8932310925839926,0.6872002762892895,"[[760, 13571], [505, 61720]]",0.897641001774339,76556,14331,62225,0.8197526928849398,0.9918842908798714,COMPLETE,,,,,,,,,,,,,,
39,0.6871402289535262,2026-08-24 23:15:09.038366,2026-08-24 23:25:44.108147,0 days 00:10:35.069781,635.069781,64,pca,sum,"[1,7,28]",True,32768,0.25,32768,8.0,False,,,1,16,1957.697792,0.8164872772872146,0.001399001510520916,0.3870862995706845,0.14983580331532573,0.8937437591985358,0.6871402289535262,"[[746, 13585], [464, 61761]]",0.8978781865364066,76556,14331,62225,0.819698457781435,0.9925431900361591,COMPLETE,,,,,,,,,,,,,,
12,0.6870933013780628,2026-08-24 19:17:15.113745,2026-08-24 19:28:34.813807,0 days 00:11:19.700062,679.700062,32,gaussian_random_projection,max,"[1,7,28]",True,65536,0.75,65536,4.0,True,,,1,16,1683.9498239999998,0.8159647839490046,0.0014005433590244848,0.38751290985470255,0.15016625530405883,0.8927379562920388,0.6870933013780628,"[[654, 13677], [412, 61813]]",0.8976945140326036,76556,14331,62225,0.8188236852563253,0.9933788670148654,COMPLETE,,,,,,,,,,,,,,
99,0.6868476923331824,2026-08-25 08:52:21.915753,2026-08-25 09:00:52.200229,0 days 00:08:30.284476,510.284476,64,gaussian_random_projection,sum,"[1,3,7,28]",True,32768,0.25,32768,4.0,False,,,1,16,1993.922756,0.8152332932755108,0.001402694828683872,0.38810819472239416,0.15062797081067583,0.8928618595544149,0.6868476923331824,"[[398, 13933], [212, 62013]]",0.8976268536813079,76556,14331,62225,0.8165406999710321,0.9965930092406589,COMPLETE,,,,,,,,,,,,,,
58,0.6867724938301552,2026-08-25 02:01:02.576349,2026-08-25 02:07:07.104927,0 days 00:06:04.528578,364.528578,32,gaussian_random_projection,mean,"[1,3,7,28]",True,32768,0.75,16384,4.0,True,,,1,16,1965.0976719999999,0.8152332932755108,0.001402694828683872,0.38810819472239416,0.15062797081067583,0.8924312151436629,0.6867724938301552,"[[361, 13970], [175, 62050]]",0.8976816521393178,76556,14331,62225,0.8162325703762168,0.9971876255524307,COMPLETE,,,,,,,,,,,,,,
19,0.6864447358763038,2026-08-24 20:26:59.021091,2026-08-24 20:34:11.937018,0 days 00:07:12.915927,432.915927,64,first_k,sum,"[1,7,28]",True,32768,0.25,32768,4.0,True,,,1,16,1972.497552,0.8155990386122577,0.001401620129994509,0.38781083897567725,0.1503972468270187,0.8926611742998605,0.6864447358763038,"[[685, 13646], [471, 61754]]",0.8974241598546776,76556,14331,62225,0.8190185676392573,0.9924306950582563,COMPLETE,,,,,,,,,,,,,,
6,0.6864159743384464,2026-08-24 18:29:24.897734,2026-08-24 18:35:43.297582,0 days 00:06:18.399848,378.399848,32,first_k,max,"[1,3,7,28]",True,32768,0.25,32768,8.0,True,,,1,16,1808.212274,0.8159125346151836,0.001400697310504134,0.3875555063123351,0.1501992704730104,0.8929893084989946,0.6864159743384464,"[[631, 13700], [393, 61832]]",0.8976966687718229,76556,14331,62225,0.8186199226817773,0.9936842105263158,COMPLETE,,,,,,,,,,,,,,
60,0.6862298188506997,2026-08-25 02:15:14.685223,2026-08-25 02:24:12.810457,0 days 00:08:58.125234,538.125234,64,first_k,max,"[1,7,28]",True,65536,0.25,32768,8.0,False,,,1,16,1953.827282,0.8142666805998223,0.0014055251636829488,0.3888913131773057,0.15123645346476927,0.8917690717361729,0.6862298188506997,"[[214, 14117], [102, 62123]]",0.8973097894774853,76556,14331,62225,0.8148347324239245,0.9983607874648454,COMPLETE,,,,,,,,,,,,,,
30,0.6861151158461266,2026-08-24 21:52:53.335399,2026-08-24 22:01:39.732734,0 days 00:08:46.397335,526.397335,64,pca,sum,"[1,7,28]",True,32768,0.75,32768,8.0,True,,,1,16,1844.68075,0.8161737812842886,0.0013999271290757716,0.38734240670031833,0.15003414002839482,0.893072211504341,0.6861151158461266,"[[818, 13513], [560, 61665]]",0.8975786554878714,76556,14331,62225,0.8202532655830163,0.9910004017677783,COMPLETE,,,,,,,,,,,,,,
70,0.6860664439408074,2026-08-25 04:03:32.396999,2026-08-25 04:11:49.369796,0 days 00:08:16.972797,496.972797,64,pca,max,"[1,7,28]",True,32768,0.75,16384,4.0,True,,,1,16,1965.0976719999999,0.8156251632791682,0.001401543286562475,0.38778957735477937,0.1503807563049984,0.8917412589683538,0.6860664439408074,"[[515, 13816], [299, 61926]]",0.897692926569397,76556,14331,62225,0.817591296770616,0.9951948573724387,COMPLETE,,,,,,,,,,,,,,
53,0.6856646778446754,2026-08-25 01:02:09.401999,2026-08-25 01:18:37.696982,0 days 00:16:28.294983,988.294983,64,pca,mean,null,True,65536,0.25,65536,8.0,False,,,1,16,1785.649332,0.8163697162861173,0.0013993487967364161,0.387182389342596,0.14991020261704163,0.8927934341448436,0.6856646778446754,"[[691, 13640], [418, 61807]]",0.8978877331628798,76556,14331,62225,0.8192108367463252,0.9932824427480916,COMPLETE,,,,,,,,,,,,,,
59,0.685309590374327,2026-08-25 02:07:07.149650,2026-08-25 02:15:14.638843,0 days 00:08:07.489193,487.489193,32,first_k,sum,"[1,3,7,28]",True,65536,0.25,32768,4.0,False,,,1,16,1957.697792,0.8139793092638069,0.001406363842675143,0.3891233652123998,0.1514169933542227,0.8905184237658526,0.685309590374327,"[[142, 14189], [52, 62173]]",0.8972414440026842,76556,14331,62225,0.8141876849742018,0.9991643230212937,COMPLETE,,,,,,,,,,,,,,
55,0.6850246758755059,2026-08-25 01:24:38.316933,2026-08-25 01:37:14.795194,0 days 00:12:36.478261,756.478261,32,gaussian_random_projection,sum,null,True,65536,0.25,65536,8.0,True,,,1,16,1785.649332,0.8161607189508334,0.0013999656633343664,0.3873530686498974,0.15004239979249212,0.8927415793522457,0.6850246758755059,"[[827, 13504], [570, 61655]]",0.8975572119024049,76556,14331,62225,0.8203275722135739,0.9908396946564886,COMPLETE,,,,,,,,,,,,,,
57,0.6846551168032371,2026-08-25 01:49:47.158768,2026-08-25 02:01:02.529810,0 days 00:11:15.371042,675.371042,32,first_k,mean,null,True,65536,0.25,65536,8.0,True,,,1,16,1957.697792,0.8157949736140864,0.0014010435464208576,0.38765130547965204,0.1502735346400785,0.8922022839562722,0.6846551168032371,"[[664, 13667], [435, 61790]]",0.8975755726965036,76556,14331,62225,0.8188769762911327,0.9930092406588992,COMPLETE,,,,,,,,,,,,,,
61,0.6838704290925288,2026-08-25 02:24:12.861814,2026-08-25 02:41:16.926360,0 days 00:17:04.064546,1024.064546,64,pca,sum,null,True,32768,0.25,65536,8.0,True,56283.0,64.0,1,16,1957.697792,0.8160039709493704,0.0014004278675977175,0.3874809548148521,0.15014149034422947,0.8920569268091099,0.6838704290925288,"[[873, 13458], [628, 61597]]",0.8973921911421912,76556,14331,62225,0.8206914929052028,0.9899075934110084,COMPLETE,,,,,,,,,,,,,,
43,0.6830880671549613,2026-08-24 23:48:46.722532,2026-08-24 23:57:05.203221,0 days 00:08:18.480689,498.480689,64,pca,max,"[1,3,7,28]",True,32768,0.75,16384,4.0,False,,,1,16,1972.497552,0.8142013689325461,0.0014057158838660557,0.3889440830773931,0.15127749976091404,0.8902650181028411,0.6830880671549613,"[[183, 14148], [76, 62149]]",0.8973159498130261,76556,14331,62225,0.8145667588502824,0.9987786259541984,COMPLETE,,,,,,,,,,,,,,
49,0.6829765999355366,2026-08-25 00:37:05.708727,2026-08-25 00:41:56.987395,0 days 00:04:51.278668,291.278668,64,first_k,max,"[1,7,28]",True,32768,0.25,16384,8.0,True,,,1,16,1972.497552,0.8149720466064058,0.0014034612044989806,0.38832024136860566,0.15079260985657217,0.8912221190732843,0.6829765999355366,"[[406, 13925], [240, 61985]]",0.8974553878452238,76556,14331,62225,0.816559083124753,0.9961430293290479,COMPLETE,,,,,,,,,,,,,,
41,0.682694621248713,2026-08-24 23:34:48.837173,2026-08-24 23:40:30.791742,0 days 00:05:41.954569,341.954569,64,gaussian_random_projection,sum,"[1,7,28]",True,32768,0.25,16384,4.0,False,,,1,16,1972.497552,0.8149720466064058,0.0014034612044989806,0.38832024136860566,0.15079260985657217,0.890702542574695,0.682694621248713,"[[452, 13879], [286, 61939]]",0.8973870460653565,76556,14331,62225,0.8169432060988155,0.9954037766171153,COMPLETE,,,,,,,,,,,,,,
46,0.6825784604306959,2026-08-25 00:10:35.694590,2026-08-25 00:14:55.324443,0 days 00:04:19.629853,259.629853,32,first_k,sum,"[1,7,28]",True,32768,0.25,16384,4.0,True,,,1,16,1977.9403,0.8151810439416898,0.001402848188180117,0.3881506273855893,0.1506609095398266,0.8908657891706069,0.6825784604306959,"[[701, 13630], [519, 61706]]",0.8971438125631538,76556,14331,62225,0.819077200807051,0.9916593009240658,COMPLETE,,,,,,,,,,,,,,
73,0.6822880023159048,2026-08-25 04:32:16.752480,2026-08-25 04:46:05.523220,0 days 00:13:48.770740,828.77074,64,first_k,sum,null,True,32768,0.25,65536,4.0,False,56322.0,64.0,1,16,1972.497552,0.8151287946078688,0.0014030015054959286,0.38819304837798374,0.15069384280899165,0.8909323088168568,0.6822880023159048,"[[452, 13879], [274, 61951]]",0.8974828872550795,76556,14331,62225,0.8169721746010814,0.9955966251506629,COMPLETE,,,,,,,,,,,,,,
40,0.6811603976343164,2026-08-24 23:25:44.149795,2026-08-24 23:34:48.791145,0 days 00:09:04.641350,544.64135,32,gaussian_random_projection,max,null,True,65536,0.75,32768,4.0,True,,,1,16,1965.0976719999999,0.8148544856053085,0.0014038057299289954,0.3884155672655469,0.15086665289421658,0.8887770831704311,0.6811603976343164,"[[266, 14065], [109, 62116]]",0.8975911448925624,76556,14331,62225,0.8153739121303212,0.9982482924869426,COMPLETE,,,,,,,,,,,,,,
9,0.6809485481846171,2026-08-24 18:47:21.878029,2026-08-24 18:53:31.711309,0 days 00:06:09.833280,369.83328,32,gaussian_random_projection,sum,null,True,32768,0.75,32768,8.0,True,,,1,16,1643.926996,0.8153769789435185,0.0014022728724633411,0.38799144468977603,0.15053736115245953,0.889855782665055,0.6809485481846171,"[[421, 13910], [224, 62001]]",0.8976805467075926,76556,14331,62225,0.8167590994717498,0.9964001607071112,COMPLETE,,,,,,,,,,,,,,
4,0.6808961106350322,2026-08-24 18:15:46.745743,2026-08-24 18:22:33.830556,0 days 00:06:47.084813,407.084813,64,first_k,max,"[1,7,28]",True,65536,0.25,16384,4.0,False,,,1,16,2051.430706,0.8136005015936046,0.001407467439496227,0.3894287167123652,0.15165472540023958,0.8877692518325411,0.6808961106350322,"[[105, 14226], [44, 62181]]",0.8970656125569854,76556,14331,62225,0.8138128705485099,0.9992928887103254,COMPLETE,,,,,,,,,,,,,,
1,0.680762070856518,2026-08-24 17:50:54.936697,2026-08-24 17:56:34.484121,0 days 00:05:39.547424,339.547424,32,first_k,sum,"[1,3,7,28]",True,32768,0.75,32768,4.0,False,,,1,16,170506.71323728096,0.8146063012696588,0.001404532361767211,0.388616617248188,0.15102287520142466,0.8903999591105222,0.680762070856518,"[[229, 14102], [91, 62134]]",0.8974946013678942,76556,14331,62225,0.8150217744897423,0.998537565287264,COMPLETE,,,,,,,,,,,,,,
71,0.6789861625188931,2026-08-25 04:11:49.424155,2026-08-25 04:19:45.248434,0 days 00:07:55.824279,475.824279,64,pca,max,null,True,32768,0.75,16384,4.0,False,,,1,16,1972.497552,0.813143319922671,0.0014087964435099002,0.389796435576068,0.15194126118780774,0.8879566694062406,0.6789861625188931,"[[36, 14295], [10, 62215]]",0.8968897538472628,76556,14331,62225,0.8131616782119985,0.9998392928887103,COMPLETE,,,,,,,,,,,,,,
54,0.6776172532669669,2026-08-25 01:18:37.741559,2026-08-25 01:24:38.261090,0 days 00:06:00.519531,360.519531,32,first_k,sum,null,True,65536,0.25,16384,8.0,True,,,1,16,1871.673562,0.8148414232718533,0.0014038439973750301,0.3884261553914125,0.15087487819215373,0.8868095576802297,0.6776172532669669,"[[461, 13870], [305, 61920]]",0.8972937724160417,76556,14331,62225,0.8169943264282887,0.9950984331056649,COMPLETE,,,,,,,,,,,,,,
16,0.6768332854918211,2026-08-24 19:59:11.777291,2026-08-24 20:07:29.946436,0 days 00:08:18.169145,498.169145,64,pca,mean,"[1,3,7,28]",True,32768,0.75,16384,4.0,False,,,1,16,1848.235102,0.8137964365954334,0.001406896887973129,0.38927085220962554,0.15153179638000813,0.8875618918213637,0.6768332854918211,"[[117, 14214], [41, 62184]]",0.8971671367666261,76556,14331,62225,0.8139480091101862,0.9993411008437123,COMPLETE,,,,,,,,,,,,,,
33,0.6767053332058308,2026-08-24 22:23:52.336599,2026-08-24 22:31:18.748932,0 days 00:07:26.412333,446.412333,32,gaussian_random_projection,sum,null,True,65536,0.25,16384,8.0,True,,,1,16,1957.697792,0.8155729139453471,0.0014016969628536924,0.38783209767119914,0.15041373598404253,0.8859707815597972,0.6767053332058308,"[[611, 13720], [399, 61826]]",0.8975183456605527,76556,14331,62225,0.8183887962301114,0.993587786259542,COMPLETE,,,,,,,,,,,,,,
11,0.6764830570258212,2026-08-24 19:05:22.619706,2026-08-24 19:17:15.072434,0 days 00:11:52.452728,712.452728,64,pca,max,null,True,65536,0.75,32768,4.0,True,,,1,16,1643.926996,0.815403103610429,0.001402196118845163,0.38797020791925374,0.150520882232909,0.8872036946246074,0.6764830570258212,"[[474, 13857], [275, 61950]]",0.8976179436652371,76556,14331,62225,0.8172068542482884,0.995580554439534,COMPLETE,,,,,,,,,,,,,,
83,0.6758545532798433,2026-08-25 06:12:01.212471,2026-08-25 06:19:45.870753,0 days 00:07:44.658282,464.658282,32,first_k,mean,"[1,7,28]",False,65536,0.75,32768,8.0,True,,,1,16,1983.383048,0.8156774126129892,0.001401389567972899,0.3877470453349304,0.15034777116596856,0.8870759861164315,0.6758545532798433,"[[1042, 13289], [822, 61403]]",0.8969375607119642,76556,14331,62225,0.8220826862314572,0.9867898754519887,COMPLETE,,,,,,,,,,,,,,
79,0.6757674870539858,2026-08-25 05:26:19.955346,2026-08-25 05:39:09.620900,0 days 00:12:49.665554,769.665554,64,first_k,sum,"[1,7,28]",False,32768,0.75,65536,4.0,True,53474.0,64.0,1,16,1972.497552,0.8146454882700246,0.0014044176935054265,0.38858488996783935,0.15099821671131783,0.8877170865124103,0.6757674870539858,"[[2074, 12257], [1933, 60292]]",0.8947126300324989,76556,14331,62225,0.831052116500572,0.9689353153877059,COMPLETE,,,,,,,,,,,,,,
82,0.6751743425730952,2026-08-25 06:06:39.406926,2026-08-25 06:12:01.168450,0 days 00:05:21.761524,321.761524,64,gaussian_random_projection,sum,null,True,32768,0.25,16384,8.0,True,,,1,16,1985.637118,0.8147499869376665,0.00140411179585053,0.388500251895335,0.15093244572273876,0.887457003615735,0.6751743425730952,"[[776, 13555], [627, 61598]]",0.8967665856250637,76556,14331,62225,0.8196346120580682,0.9899236641221374,COMPLETE,,,,,,,,,,,,,,
95,0.6745722162792961,2026-08-25 08:16:54.566769,2026-08-25 08:21:43.802469,0 days 00:04:49.235700,289.2357,64,first_k,sum,null,True,32768,0.75,16384,4.0,False,,,1,16,1992.67658,0.8130780082553948,0.001408986040713083,0.3898488947615922,0.15198216074683496,0.8858199610230972,0.6745722162792961,"[[35, 14296], [14, 62211]]",0.896851483435689,76556,14331,62225,0.8131412811899564,0.9997750100441944,COMPLETE,,,,,,,,,,,,,,
94,0.6737527585965507,2026-08-25 08:07:50.411681,2026-08-25 08:16:54.514061,0 days 00:09:04.102380,544.10238,64,gaussian_random_projection,mean,"[1,3,7,28]",True,65536,0.75,16384,8.0,True,,,1,16,1990.283884,0.8157949736140864,0.0014010435464208576,0.38765130547965204,0.1502735346400785,0.8840275458995279,0.6737527585965507,"[[521, 13810], [292, 61933]]",0.8977878928447176,76556,14331,62225,0.8176729202698599,0.9953073523503415,COMPLETE,,,,,,,,,,,,,,
50,0.6722321352601927,2026-08-25 00:41:57.028417,2026-08-25 00:48:56.411743,0 days 00:06:59.383326,419.383326,32,first_k,max,"[1,3,7,28]",True,65536,0.75,16384,4.0,True,,,1,16,1965.0976719999999,0.8147107999373008,0.0014042265271839553,0.38853199662682125,0.15095711240282425,0.8831804785851168,0.6722321352601927,"[[258, 14073], [112, 62113]]",0.8975153708881519,76556,14331,62225,0.8152810227600872,0.9982000803535557,COMPLETE,,,,,,,,,,,,,,
63,0.6720650855390261,2026-08-25 02:51:55.901967,2026-08-25 02:59:54.855997,0 days 00:07:58.954030,478.95403,64,pca,mean,null,True,32768,0.75,16384,8.0,False,,,1,16,1972.497552,0.8132216939234025,0.0014085688409639409,0.38973346078538645,0.15189217045575437,0.8859318950276893,0.6720650855390261,"[[78, 14253], [46, 62179]]",0.8968750225376289,76556,14331,62225,0.8135205149675528,0.9992607472880675,COMPLETE,,,,,,,,,,,,,,
15,0.6714272091739976,2026-08-24 19:46:46.615470,2026-08-24 19:59:11.736443,0 days 00:12:25.120973,745.120973,32,pca,max,"[1,7,28]",False,65536,0.75,65536,4.0,True,,,1,16,1723.972652,0.8099169235592246,0.001418085270834211,0.39236653844534924,0.15395150049158574,0.8854361756483495,0.6714272091739976,"[[2187, 12144], [2408, 59817]]",0.8915535152698493,76556,14331,62225,0.8312419227081336,0.9613017276014464,COMPLETE,,,,,,,,,,,,,,
65,0.6705653913574483,2026-08-25 03:06:17.378067,2026-08-25 03:21:41.874705,0 days 00:15:24.496638,924.496638,64,pca,sum,"[1,3,7,28]",False,32768,0.75,65536,8.0,False,53485.0,64.0,1,16,1957.697792,0.8023799571555462,0.0014391826461005778,0.39820391950684014,0.15856636151061004,0.8838210430031843,0.6705653913574483,"[[2932, 11399], [3730, 58495]]",0.8854895965001249,76556,14331,62225,0.8369101782699516,0.9400562474889513,COMPLETE,,,,,,,,,,,,,,
76,0.6704749357153333,2026-08-25 05:03:02.909805,2026-08-25 05:09:53.278998,0 days 00:06:50.369193,410.369193,32,pca,sum,null,True,32768,0.75,16384,8.0,True,,,1,16,1977.9403,0.8125032655833638,0.0014106516941105422,0.3903097603183061,0.15234170899973357,0.8866076345244938,0.6704749357153333,"[[860, 13471], [883, 61342]]",0.8952553306382172,76556,14331,62225,0.8199377113603251,0.9858095620731218,COMPLETE,,,,,,,,,,,,,,
25,0.6704306344468589,2026-08-24 21:17:32.601600,2026-08-24 21:25:42.026048,0 days 00:08:09.424448,489.424448,64,pca,mean,"[1,7,28]",False,32768,0.75,16384,8.0,True,,,1,16,1731.663708,0.815507602278071,0.0014018889987568377,0.38788523161463956,0.1504549529047426,0.8850765859383514,0.6704306344468589,"[[1097, 13234], [890, 61335]]",0.8967498574498881,76556,14331,62225,0.8225267872708498,0.985697067095219,COMPLETE,,,,,,,,,,,,,,
20,0.6700059262919991,2026-08-24 20:34:11.979353,2026-08-24 20:40:37.051664,0 days 00:06:25.072311,385.072311,32,gaussian_random_projection,mean,"[1,3,7,28]",False,32768,0.75,32768,8.0,True,,,1,16,1852.08063,0.8154422906107948,0.0014020809686176791,0.38793834728499693,0.1504961612942149,0.8827613298875756,0.6700059262919991,"[[1132, 13199], [930, 61295]]",0.8966566461135614,76556,14331,62225,0.8228179450694015,0.9850542386500603,COMPLETE,,,,,,,,,,,,,,
44,0.6700031099085646,2026-08-24 23:57:05.245529,2026-08-25 00:02:15.661292,0 days 00:05:10.415763,310.415763,64,first_k,sum,"[1,3,7,28]",False,32768,0.75,16384,4.0,True,,,1,16,1977.9403,0.8158994722817284,0.0014007357917523993,0.387566153594616,0.15020752341212548,0.8839451505850277,0.6700031099085646,"[[1583, 12748], [1346, 60879]]",0.8962547478137973,76556,14331,62225,0.8268569953957108,0.9783688228204098,COMPLETE,,,,,,,,,,,,,,
77,0.6696465511680324,2026-08-25 05:09:53.324385,2026-08-25 05:17:46.069125,0 days 00:07:52.744740,472.74474,32,first_k,max,"[1,7,28]",False,65536,0.75,32768,4.0,True,,,1,16,1972.497552,0.814723862270756,0.0014041882860349548,0.3885214157770176,0.1509488905173782,0.8818384967490465,0.6696465511680324,"[[1332, 12999], [1185, 61040]]",0.8959079434039805,76556,14331,62225,0.8244303677791435,0.9809562073121736,COMPLETE,,,,,,,,,,,,,,
36,0.6694089965424309,2026-08-24 22:46:59.286023,2026-08-24 22:58:34.127308,0 days 00:11:34.841285,694.841285,32,gaussian_random_projection,max,"[1,3,7,28]",False,65536,0.75,65536,4.0,True,,,1,16,1871.673562,0.810779037567271,0.0014156186072464619,0.3916840433420294,0.15341638980876077,0.8834532257309571,0.6694089965424309,"[[2240, 12091], [2395, 59830]]",0.8920131796699119,76556,14331,62225,0.8318849849140029,0.961510646846123,COMPLETE,,,,,,,,,,,,,,
2,0.6692313092687022,2026-08-24 17:56:34.532611,2026-08-24 18:06:54.071096,0 days 00:10:19.538485,619.538485,32,first_k,max,"[1,7,28]",False,65536,0.75,65536,4.0,True,,,1,16,170167.13372577797,0.814880610272219,0.0014037291871440527,0.3883943888299558,0.15085020127459492,0.8841887059553626,0.6692313092687022,"[[1813, 12518], [1654, 60571]]",0.8952658261525045,76556,14331,62225,0.8287293573588365,0.9734190437926878,COMPLETE,,,,,,,,,,,,,,
13,0.6689915499806152,2026-08-24 19:28:34.851068,2026-08-24 19:39:50.513143,0 days 00:11:15.662075,675.662075,64,pca,mean,"[1,3,7,28]",True,65536,0.75,16384,4.0,False,,,1,16,1723.972652,0.8139401222634411,0.001406478109820872,0.38915498150892996,0.15144159963321563,0.8822034429294331,0.6689915499806152,"[[153, 14178], [66, 62159]]",0.8972012528687519,76556,14331,62225,0.8142709302173258,0.9989393330654881,COMPLETE,,,,,,,,,,,,,,
48,0.6679995281170021,2026-08-25 00:29:45.264734,2026-08-25 00:37:05.541405,0 days 00:07:20.276671,440.276671,32,pca,sum,"[1,3,7,28]",False,32768,0.75,32768,4.0,True,,,1,16,1977.9403,0.8162521552850202,0.00139969586780744,0.3872784195867096,0.1499845742775795,0.8821709460819493,0.6679995281170021,"[[1224, 13107], [960, 61265]]",0.8970182361252443,76556,14331,62225,0.8237643199053407,0.9845721173161912,COMPLETE,,,,,,,,,,,,,,
22,0.6662544104814094,2026-08-24 20:47:00.370224,2026-08-24 20:59:10.486253,0 days 00:12:10.116029,730.116029,32,gaussian_random_projection,mean,"[1,3,7,28]",False,32768,0.75,65536,4.0,False,53429.0,64.0,1,16,1727.81818,0.8054496055175296,0.001430690283171985,0.3958541884194047,0.15670053848918553,0.8813795824655773,0.6662544104814094,"[[2638, 11693], [3201, 59024]]",0.8879661807404733,76556,14331,62225,0.8346507911817527,0.9485576536761752,COMPLETE,,,,,,,,,,,,,,
23,0.6659639490024337,2026-08-24 20:59:10.532362,2026-08-24 21:10:34.553372,0 days 00:11:24.021010,684.02101,64,pca,sum,"[1,7,28]",True,65536,0.75,16384,4.0,False,,,1,16,1731.663708,0.8138486859292544,0.0014067446416136857,0.3892287275375242,0.15149900234048022,0.880514896182642,0.6659639490024337,"[[110, 14221], [30, 62195]]",0.8972093392286553,76556,14331,62225,0.813900230318258,0.999517878666131,COMPLETE,,,,,,,,,,,,,,
51,0.6649350680079784,2026-08-25 00:48:56.454955,2026-08-25 00:55:12.762267,0 days 00:06:16.307312,376.307312,32,first_k,max,"[1,3,7,28]",False,32768,0.25,32768,4.0,True,,,1,16,1957.697792,0.8073436438685406,0.0014253819971822702,0.3943854517773287,0.15553988457360768,0.8819637157869697,0.6649350680079784,"[[2201, 12130], [2619, 59606]]",0.8899007920215585,76556,14331,62225,0.8309077729452437,0.9579108075532342,COMPLETE,,,,,,,,,,,,,,
8,0.6647933214426219,2026-08-24 18:42:54.391003,2026-08-24 18:47:21.825110,0 days 00:04:27.434107,267.434107,32,first_k,max,null,True,32768,0.75,16384,8.0,False,,,1,16,1683.9498239999998,0.8134960029259627,0.001407771493439101,0.3895128446527082,0.1517202561494448,0.8829132500458726,0.6647933214426219,"[[91, 14240], [38, 62187]]",0.8970227620229063,76556,14331,62225,0.8136784120795006,0.9993893129770992,COMPLETE,,,,,,,,,,,,,,
14,0.6608923803147078,2026-08-24 19:39:50.551582,2026-08-24 19:46:46.572973,0 days 00:06:56.021391,416.021391,32,first_k,mean,"[1,7,28]",False,65536,0.75,16384,8.0,False,,,1,16,1848.235102,0.8147107999373008,0.0014042265271839553,0.38853199662682125,0.15095711240282425,0.8797006756453507,0.6608923803147078,"[[1213, 13118], [1067, 61158]]",0.8960813473893964,76556,14331,62225,0.8233884431040982,0.9828525512253917,COMPLETE,,,,,,,,,,,,,,
67,0.660856306721033,2026-08-25 03:34:55.293182,2026-08-25 03:42:21.051134,0 days 00:07:25.757952,445.757952,64,first_k,max,"[1,7,28]",False,65536,0.75,16384,8.0,False,,,1,16,1972.497552,0.8071868958670777,0.0014258233010762643,0.39450755507030427,0.15563621100754915,0.8805710349543654,0.660856306721033,"[[1553, 12778], [1983, 60242]]",0.8908573329882805,76556,14331,62225,0.8250068474390578,0.9681317798312575,COMPLETE,,,,,,,,,,,,,,
86,0.660736657804002,2026-08-25 06:36:57.881300,2026-08-25 06:51:22.285835,0 days 00:14:24.404535,864.404535,64,first_k,max,"[1,3,7,28]",False,32768,0.25,65536,4.0,True,56357.0,64.0,1,16,1985.637118,0.8077747008725639,0.0014241665444000788,0.3940491511255973,0.15527473350280382,0.8812625438733164,0.660736657804002,"[[2270, 12061], [2655, 59570]]",0.8900609610327516,76556,14331,62225,0.8316231799081403,0.9573322619525914,COMPLETE,,,,,,,,,,,,,,
31,0.6607003498387812,2026-08-24 22:01:39.774199,2026-08-24 22:17:36.883868,0 days 00:15:57.109669,957.109669,64,gaussian_random_projection,sum,"[1,3,7,28]",False,32768,0.25,65536,4.0,True,56347.0,64.0,1,16,1957.697792,0.8065468415277706,0.001427621543038162,0.3950051062319928,0.15602903394934792,0.8792654677839413,0.6607003498387812,"[[2365, 11966], [2844, 59381]]",0.889123468990507,76556,14331,62225,0.8322844688634421,0.9542948975492166,COMPLETE,,,,,,,,,,,,,,
92,0.6604565653034961,2026-08-25 07:48:04.281967,2026-08-25 08:03:07.671479,0 days 00:15:03.389512,903.389512,64,gaussian_random_projection,max,"[1,3,7,28]",False,65536,0.25,65536,4.0,True,,,1,16,1990.283884,0.8094728042217462,0.0014193516338984137,0.3927169253382502,0.15422658344712878,0.8811281147660736,0.6604565653034961,"[[2168, 12163], [2423, 59802]]",0.8913033758104181,76556,14331,62225,0.8309872854860001,0.9610606669345119,COMPLETE,,,,,,,,,,,,,,
64,0.6603530168145604,2026-08-25 02:59:54.904647,2026-08-25 03:06:17.335362,0 days 00:06:22.430715,382.430715,64,gaussian_random_projection,mean,"[1,7,28]",False,32768,0.75,16384,8.0,False,,,1,16,1965.0976719999999,0.8146846752703903,0.0014043030015966056,0.3885531561446503,0.150973555149969,0.8798407253218855,0.6603530168145604,"[[937, 13394], [793, 61432]]",0.8964837907056498,76556,14331,62225,0.8209980488065646,0.9872559260747288,COMPLETE,,,,,,,,,,,,,,
47,0.6599004767582625,2026-08-25 00:14:55.365380,2026-08-25 00:29:45.216897,0 days 00:14:49.851517,889.851517,64,pca,sum,"[1,3,7,28]",False,65536,0.75,65536,8.0,False,,,1,16,1972.497552,0.7992188724593762,0.0014477870671363688,0.40058465567734813,0.16046806636413957,0.8775581833574854,0.6599004767582625,"[[3073, 11258], [4113, 58112]]",0.8831946502526692,76556,14331,62225,0.8377108260054779,0.9339011651265569,COMPLETE,,,,,,,,,,,,,,
74,0.6592370112817099,2026-08-25 04:46:05.565904,2026-08-25 04:57:05.312264,0 days 00:10:59.746360,659.74636,32,pca,mean,"[1,7,28]",False,65536,0.25,32768,4.0,True,,,1,16,1977.9403,0.8005642928052668,0.001444142169239251,0.3995761578103352,0.15966110589046986,0.876605263813303,0.6592370112817099,"[[2837, 11494], [3774, 58451]]",0.8844821063781494,76556,14331,62225,0.8356708842662092,0.9393491361992768,COMPLETE,,,,,,,,,,,,,,
32,0.6583719419804827,2026-08-24 22:17:36.927927,2026-08-24 22:23:52.294231,0 days 00:06:15.366304,375.366304,32,first_k,max,"[1,3,7,28]",False,65536,0.25,16384,4.0,False,,,1,16,1965.0976719999999,0.8128428862532002,0.001409668052224104,0.3900375988552478,0.15212932852076722,0.877672490186487,0.6583719419804827,"[[1704, 12627], [1701, 60524]]",0.8941614466375133,76556,14331,62225,0.8273844513403781,0.9726637203696263,COMPLETE,,,,,,,,,,,,,,
89,0.6575905012688724,2026-08-25 07:02:05.018474,2026-08-25 07:19:45.219289,0 days 00:17:40.200815,1060.200815,64,pca,max,"[1,7,28]",False,32768,0.25,65536,8.0,True,56355.0,64.0,1,16,1983.383048,0.8048618005120435,0.0014323270301903129,0.3963070559409143,0.157059282588555,0.8766777956238136,0.6575905012688724,"[[2372, 11959], [2980, 59245]]",0.8880378328549265,76556,14331,62225,0.8320459524745801,0.952109280835677,COMPLETE,,,,,,,,,,,,,,
88,0.6568918447364762,2026-08-25 06:56:30.248823,2026-08-25 07:02:04.968405,0 days 00:05:34.719582,334.719582,64,gaussian_random_projection,sum,"[1,3,7,28]",False,32768,0.25,16384,4.0,True,,,1,16,1985.637118,0.7996368671299441,0.001446657405176223,0.40027209227793065,0.16021774785655224,0.8768149655974374,0.6568918447364762,"[[2674, 11657], [3682, 58543]]",0.8841683972059656,76556,14331,62225,0.833945868945869,0.9408276416231418,COMPLETE,,,,,,,,,,,,,,
27,0.6561476500369682,2026-08-24 21:30:25.745121,2026-08-24 21:39:32.729466,0 days 00:09:06.984345,546.984345,64,first_k,max,"[1,3,7,28]",False,65536,0.25,32768,8.0,False,,,1,16,1731.663708,0.8113799049062125,0.001413892812029891,0.3912065372927683,0.1530425548205981,0.8790753422452946,0.6561476500369682,"[[1373, 12958], [1482, 60743]]",0.8937657254682695,76556,14331,62225,0.8241814900747615,0.9761832061068703,COMPLETE,,,,,,,,,,,,,,
21,0.6558777784907981,2026-08-24 20:40:37.094162,2026-08-24 20:47:00.326175,0 days 00:06:23.232013,383.232013,64,gaussian_random_projection,mean,"[1,3,7,28]",False,32768,0.75,16384,8.0,False,,,1,16,1731.663708,0.8142405559329119,0.0014056014596184252,0.3889124233127228,0.1512528730069745,0.8790184850219719,0.6558777784907981,"[[967, 13364], [857, 61368]]",0.896164489584322,76556,14331,62225,0.8211743296044532,0.9862274005624749,COMPLETE,,,,,,,,,,,,,,
85,0.6546965840263064,2026-08-25 06:28:04.826689,2026-08-25 06:36:57.835542,0 days 00:08:53.008853,533.008853,32,pca,max,"[1,7,28]",False,32768,0.25,32768,8.0,True,,,1,16,1983.383048,0.8099038612257694,0.0014181225588794167,0.39237685558319957,0.15395959679735904,0.8761300223288678,0.6546965840263064,"[[2215, 12116], [2437, 59788]]",0.8914999739057177,76556,14331,62225,0.8314975522919448,0.9608356769787063,COMPLETE,,,,,,,,,,,,,,
38,0.6528616987244048,2026-08-24 23:08:50.083578,2026-08-24 23:15:08.997531,0 days 00:06:18.913953,378.913953,32,first_k,max,"[1,3,7,28]",False,65536,0.25,16384,8.0,False,,,1,16,1965.0976719999999,0.8107137258999948,0.0014158058662169556,0.39173585556768087,0.1534569805373429,0.8778169473014132,0.6528616987244048,"[[1776, 12555], [1936, 60289]]",0.8927140942777395,76556,14331,62225,0.8276453791664379,0.968887103254319,COMPLETE,,,,,,,,,,,,,,
69,0.652711171636535,2026-08-25 03:55:23.741881,2026-08-25 04:03:32.352465,0 days 00:08:08.610584,488.610584,32,first_k,mean,"[1,3,7,28]",False,65536,0.25,32768,8.0,False,,,1,16,1972.497552,0.8085584408798788,0.0014219495954832279,0.39343574896262073,0.15479168856177833,0.8767258958258499,0.652711171636535,"[[1944, 12387], [2269, 59956]]",0.8910885203020035,76556,14331,62225,0.8287740348064083,0.9635355564483729,COMPLETE,,,,,,,,,,,,,,
29,0.652616327975953,2026-08-24 21:44:29.743950,2026-08-24 21:52:53.288876,0 days 00:08:23.544926,503.544926,64,gaussian_random_projection,sum,"[1,7,28]",False,32768,0.25,32768,8.0,False,,,1,16,1731.663708,0.8153769789435185,0.0014022728724633411,0.38799144468977603,0.15053736115245953,0.8757437542440325,0.652616327975953,"[[1381, 12950], [1184, 61041]]",0.8962383273624244,76556,14331,62225,0.8249787136273331,0.9809722780233026,COMPLETE,,,,,,,,,,,,,,
26,0.651270591790116,2026-08-24 21:25:42.076554,2026-08-24 21:30:25.698406,0 days 00:04:43.621852,283.621852,64,first_k,mean,"[1,3,7,28]",False,32768,0.25,16384,4.0,True,,,1,16,1844.68075,0.8019097131511573,0.001440471634036103,0.39856056641994314,0.1588505251049859,0.8741556607228018,0.651270591790116,"[[2659, 11672], [3493, 58732]]",0.8856584909785944,76556,14331,62225,0.8342139651156184,0.9438650060265167,COMPLETE,,,,,,,,,,,,,,
0,0.6492854558242016,2026-08-24 17:42:41.754614,2026-08-24 17:50:54.879002,0 days 00:08:13.124388,493.124388,64,pca,max,"[1,7,28]",False,32768,0.75,16384,8.0,False,,,1,16,170999.87282062997,0.8141360572652698,0.001405906538544768,0.38899683485323,0.1513185375258311,0.8741494252012593,0.6492854558242016,"[[992, 13339], [890, 61335]]",0.8960620603510617,76556,14331,62225,0.8213702225674264,0.985697067095219,COMPLETE,,,,,,,,,,,,,,
3,0.64925999735519,2026-08-24 18:06:54.115541,2026-08-24 18:15:46.706506,0 days 00:08:52.590965,532.590965,32,pca,sum,"[1,3,7,28]",False,65536,0.25,16384,4.0,True,,,1,16,1972.497552,0.800734103140185,0.001443680315529286,0.39944836863913785,0.15955899920846855,0.872429518913862,0.64925999735519,"[[2648, 11683], [3572, 58653]]",0.8849209043383801,76556,14331,62225,0.8338972929936306,0.9425954198473282,COMPLETE,,,,,,,,,,,,,,
42,0.6482237409461024,2026-08-24 23:40:30.834892,2026-08-24 23:48:46.680654,0 days 00:08:15.845762,495.845762,64,pca,max,"[1,3,7,28]",False,32768,0.75,16384,4.0,False,,,1,16,1965.0976719999999,0.8147630492711218,0.001404073546814676,0.3884896688633372,0.15092422281354537,0.8731296341108332,0.6482237409461024,"[[990, 13341], [840, 61385]]",0.8964520156844419,76556,14331,62225,0.8214677622246608,0.9865006026516674,COMPLETE,,,,,,,,,,,,,,
62,0.6473830546961232,2026-08-25 02:41:16.967004,2026-08-25 02:51:55.856072,0 days 00:10:38.889068,638.889068,64,gaussian_random_projection,max,"[1,3,7,28]",False,65536,0.25,32768,8.0,False,,,1,16,1965.0976719999999,0.8087021265478865,0.0014215421675725641,0.3933230187324569,0.15470299706481264,0.8724613928326198,0.6473830546961232,"[[1735, 12596], [2049, 60176]]",0.8915161077653577,76556,14331,62225,0.826911449458583,0.9670711128967456,COMPLETE,,,,,,,,,,,,,,
97,0.6460204768401243,2026-08-25 08:31:50.103570,2026-08-25 08:40:33.738455,0 days 00:08:43.634885,523.634885,32,pca,max,"[1,3,7,28]",False,65536,0.25,16384,8.0,False,,,1,16,1992.67658,0.8071607712001672,0.0014258968165638765,0.39452789589041554,0.15565226063571855,0.8730741107725513,0.6460204768401243,"[[2002, 12329], [2434, 59791]]",0.8901112806580074,76556,14331,62225,0.8290488075429839,0.9608838891120932,COMPLETE,,,,,,,,,,,,,,
5,0.6431735555781143,2026-08-24 18:22:33.878228,2026-08-24 18:29:24.859977,0 days 00:06:50.981749,410.981749,64,pca,max,"[1,7,28]",False,32768,0.25,16384,8.0,False,,,1,16,1972.497552,0.8126077642510058,0.001410349221918151,0.39022607002862786,0.15227638572998758,0.8723304316638745,0.6431735555781143,"[[1336, 12995], [1351, 60874]]",0.8945875644774935,76556,14331,62225,0.824080466772259,0.978288469264765,COMPLETE,,,,,,,,,,,,,,
52,0.6408935375943035,2026-08-25 00:55:12.804516,2026-08-25 01:02:09.357400,0 days 00:06:56.552884,416.552884,64,pca,max,"[1,3,7,28]",False,32768,0.25,16384,4.0,False,,,1,16,1871.673562,0.8114974659073096,0.0014135545197622205,0.39111293603424124,0.15296932873332447,0.8674546386547706,0.6408935375943035,"[[1745, 12586], [1845, 60380]]",0.89325472849524,76556,14331,62225,0.8275087026834416,0.970349537967055,COMPLETE,,,,,,,,,,,,,,
28,0.6397136473121466,2026-08-24 21:39:32.774452,2026-08-24 21:44:29.691949,0 days 00:04:56.917497,296.917497,32,gaussian_random_projection,max,"[1,3,7,28]",False,32768,0.25,16384,4.0,False,,,1,16,1844.68075,0.8105700402319871,0.0014162176103070256,0.3918497800309475,0.15354625011030193,0.8683100335356341,0.6397136473121466,"[[1710, 12621], [1881, 60344]]",0.8927287521266366,76556,14331,62225,0.8270266566161858,0.9697709923664122,COMPLETE,,,,,,,,,,,,,,
87,0.6376424964281467,2026-08-25 06:51:22.334354,2026-08-25 06:56:30.202607,0 days 00:05:07.868253,307.868253,32,gaussian_random_projection,mean,"[1,3,7,28]",False,32768,0.25,16384,8.0,False,,,1,16,1987.891188,0.8114190919065782,0.0014137800711228681,0.39117534328748554,0.15301814919608217,0.8668551712309925,0.6376424964281467,"[[1589, 12742], [1695, 60530]]",0.8934515155317092,76556,14331,62225,0.8261000109182225,0.9727601446364001,COMPLETE,,,,,,,,,,,,,,
