	dataset	model	setting	reduction_method	reduction_dim	round	auroc	ap	f1	precision	recall	accuracy	accuracy_var	accuracy_std	accuracy_sem	confusion_matrix	n	n_0	n_1
0	credit-g	BASELINE	-	-	-1	0	0.8360714285714286	0.9139112089299856	0.8504983388704319	0.7950310559006211	0.9142857142857143	0.775	0.17437499999999997	0.41758232721225164	0.02952752952754429	[[27, 33], [12, 128]]	200	60	140
1	credit-g	RelICL	reduced	gaussian_random_projection	32	0	0.7917857142857142	0.8809006556257246	0.839344262295082	0.7757575757575758	0.9142857142857143	0.755	0.184975	0.43008720046055776	0.030411757594719844	[[23, 37], [12, 128]]	200	60	140
2	credit-g	RelICL	un-reduced	first_k	512	0	0.8351190476190476	0.9093129212227012	0.8590604026845637	0.810126582278481	0.9142857142857143	0.79	0.1659	0.40730823708832603	0.028801041647829335	[[30, 30], [12, 128]]	200	60	140
3	credit-g	BASELINE	-	-	-1	1	0.7865476190476189	0.8945796985502903	0.8338983050847457	0.7935483870967742	0.8785714285714286	0.755	0.184975	0.43008720046055776	0.030411757594719844	[[28, 32], [17, 123]]	200	60	140
4	credit-g	RelICL	reduced	gaussian_random_projection	32	1	0.789047619047619	0.8908659995853236	0.819672131147541	0.7575757575757576	0.8928571428571429	0.725	0.199375	0.4465142774872938	0.031573327350787724	[[20, 40], [15, 125]]	200	60	140
5	credit-g	RelICL	un-reduced	first_k	512	1	0.8233333333333334	0.9053149248588592	0.8523489932885906	0.8037974683544303	0.9071428571428571	0.78	0.17159999999999997	0.41424630354415953	0.029291637031753616	[[29, 31], [13, 127]]	200	60	140
6	credit-g	BASELINE	-	-	-1	2	0.8445238095238095	0.9238254797433219	0.8421052631578947	0.7804878048780488	0.9142857142857143	0.76	0.1824	0.4270831300812525	0.030199337741083	[[24, 36], [12, 128]]	200	60	140
7	credit-g	RelICL	reduced	gaussian_random_projection	32	2	0.8025	0.9059319734711181	0.8316831683168316	0.7730061349693251	0.9	0.745	0.189975	0.4358612164439502	0.030820042180373472	[[23, 37], [14, 126]]	200	60	140
8	credit-g	RelICL	un-reduced	first_k	512	2	0.8347619047619048	0.9121522742295433	0.8562091503267973	0.7891566265060241	0.9357142857142857	0.78	0.17159999999999997	0.41424630354415953	0.029291637031753616	[[25, 35], [9, 131]]	200	60	140
9	phoneme	BASELINE	-	-	-1	0	0.9757894693378697	0.9408753335040941	0.8642745709828393	0.8549382716049383	0.8738170347003155	0.9195189639222942	0.07400383890956486	0.27203646613931165	0.008273976395467415	[[717, 47], [40, 277]]	1081	764	317
10	phoneme	RelICL	reduced	gaussian_random_projection	32	0	0.9559144135960493	0.8887331724642977	0.8201219512195121	0.7935103244837758	0.8485804416403786	0.8908418131359852	0.09724267710457563	0.31183758128964445	0.009484525451410859	[[694, 70], [48, 269]]	1081	764	317
11	phoneme	RelICL	un-reduced	first_k	512	0	0.9573141526417495	0.8889828423445422	0.8249619482496194	0.7970588235294118	0.8548895899053628	0.8936170212765957	0.09506564056134001	0.3083271648125413	0.009377756298429223	[[695, 69], [46, 271]]	1081	764	317
12	phoneme	BASELINE	-	-	-1	1	0.9760991461178918	0.9453945630791921	0.8603896103896104	0.8862876254180602	0.8359621451104101	0.9204440333024977	0.07322681486032821	0.27060453591972217	0.008230424304804789	[[730, 34], [52, 265]]	1081	764	317
13	phoneme	RelICL	reduced	gaussian_random_projection	32	1	0.9678638082811701	0.927253796346242	0.8275862068965517	0.863013698630137	0.7949526813880127	0.902867715078631	0.08769760414732303	0.29613781276176643	0.00900701772585673	[[724, 40], [65, 252]]	1081	764	317
14	phoneme	RelICL	un-reduced	first_k	512	1	0.9643685896906535	0.9200417628599156	0.8344155844155844	0.8595317725752508	0.8107255520504731	0.9056429232192414	0.08545381884214859	0.29232485156440013	0.008891046689357213	[[722, 42], [60, 257]]	1081	764	317
15	phoneme	BASELINE	-	-	-1	2	0.9772160470378384	0.9479775949350254	0.8684627575277337	0.8726114649681529	0.8643533123028391	0.9232192414431082	0.07088547367232009	0.26624326033220086	0.008097776311771384	[[724, 40], [43, 274]]	1081	764	317
16	phoneme	RelICL	reduced	gaussian_random_projection	32	2	0.9627417543396039	0.9125338324229959	0.8229665071770335	0.832258064516129	0.8138801261829653	0.8973172987974098	0.09213896407632974	0.3035440068199828	0.009232276771776522	[[712, 52], [59, 258]]	1081	764	317
17	phoneme	RelICL	un-reduced	first_k	512	2	0.9634663980048558	0.9132006307562481	0.8359621451104101	0.8359621451104101	0.8359621451104101	0.9037927844588344	0.08695138721898132	0.2948752061787856	0.008968615605682902	[[712, 52], [52, 265]]	1081	764	317
18	compass	BASELINE	-	-	-1	0	0.7280498734805974	0.7180973126179035	0.6383419689119171	0.6581196581196581	0.6197183098591549	0.6695075757575758	0.2212671817607897	0.47039045670675517	0.01447526566462094	[[399, 160], [189, 308]]	1056	559	497
19	compass	RelICL	reduced	gaussian_random_projection	32	0	0.7289677240545238	0.7174126263572843	0.6409185803757829	0.665943600867679	0.6177062374245473	0.6742424242424242	0.21963957759412306	0.46865720691580437	0.014421928589369002	[[405, 154], [190, 307]]	1056	559	497
20	compass	RelICL	un-reduced	first_k	512	0	0.7300475482591433	0.7175891240092702	0.6430062630480167	0.6681127982646421	0.6197183098591549	0.6761363636363636	0.21897598140495866	0.46794869527006766	0.014400125650656515	[[406, 153], [189, 308]]	1056	559	497
21	compass	BASELINE	-	-	-1	1	0.7104595371873459	0.7093962801872155	0.6137566137566137	0.6473214285714286	0.5835010060362174	0.6543560606060606	0.22617420655417816	0.4755777607859499	0.014634893912938752	[[401, 158], [207, 290]]	1056	559	497
22	compass	RelICL	reduced	gaussian_random_projection	32	1	0.7096964614160816	0.7087555698764373	0.6182572614107884	0.6381156316916489	0.5995975855130785	0.6515151515151515	0.2270431588613407	0.47649046040958754	0.01466298030231121	[[390, 169], [199, 298]]	1056	559	497
23	compass	RelICL	un-reduced	first_k	512	1	0.7097900461804818	0.7044290266163655	0.6195426195426196	0.6408602150537634	0.5995975855130785	0.6534090909090909	0.22646565082644626	0.47588407288587237	0.014644320016209869	[[392, 167], [199, 298]]	1056	559	497
24	compass	BASELINE	-	-	-1	2	0.7318418561458195	0.7210117406361406	0.6465067778936392	0.670995670995671	0.6237424547283702	0.6789772727272727	0.21796713584710745	0.4668695062296396	0.014366915903647802	[[407, 152], [187, 310]]	1056	559	497
25	compass	RelICL	reduced	gaussian_random_projection	32	2	0.7308682146546542	0.7147461575490692	0.6377708978328174	0.6546610169491526	0.6217303822937625	0.6676136363636364	0.2219056689049587	0.4710686456398459	0.014496135486355895	[[396, 163], [188, 309]]	1056	559	497
26	compass	RelICL	un-reduced	first_k	512	2	0.7325707374839376	0.722741451492602	0.6412371134020619	0.6575052854122622	0.6257545271629779	0.6704545454545454	0.22094524793388431	0.47004813363514625	0.014464731400300699	[[397, 162], [186, 311]]	1056	559	497
27	bioresponse	BASELINE	-	-	-1	0	0.8663362093594653	0.8734360898538756	0.8019559902200489	0.7980535279805353	0.8058968058968059	0.7842876165113183	0.16918055109831362	0.41131563439567137	0.015009120666897628	[[261, 83], [79, 328]]	751	344	407
28	bioresponse	RelICL	reduced	gaussian_random_projection	32	0	0.8438446374492886	0.8643672714090473	0.78239608801956	0.7785888077858881	0.7862407862407862	0.762982689747004	0.18084010489343103	0.4252529892821813	0.015517701969858196	[[253, 91], [87, 320]]	751	344	407
29	bioresponse	RelICL	un-reduced	first_k	512	0	0.8624185760813668	0.878980884727129	0.7985347985347986	0.7936893203883495	0.8034398034398035	0.7802929427430093	0.1714358662484641	0.4140481448436451	0.015108831389290794	[[259, 85], [80, 327]]	751	344	407
30	bioresponse	BASELINE	-	-	-1	1	0.8964059196617337	0.909932342858589	0.8335358444714459	0.8245192307692307	0.8427518427518428	0.8175765645805593	0.14914512562920987	0.3861931196036639	0.014092387082181917	[[271, 73], [64, 343]]	751	344	407
31	bioresponse	RelICL	reduced	gaussian_random_projection	32	1	0.8787176447060168	0.8945361020751211	0.8242424242424242	0.8133971291866029	0.8353808353808354	0.8069241011984021	0.15579759610355304	0.3947120420047418	0.014403246975600694	[[266, 78], [67, 340]]	751	344	407
32	bioresponse	RelICL	un-reduced	first_k	512	1	0.8887599280041141	0.9065524213535027	0.8298653610771114	0.8268292682926829	0.8329238329238329	0.8149134487350199	0.150829519805816	0.38836776360276865	0.014171740968736857	[[273, 71], [68, 339]]	751	344	407
33	bioresponse	BASELINE	-	-	-1	2	0.8691289069196045	0.8839464123426806	0.8165249088699879	0.8076923076923077	0.8255528255528255	0.7989347536617842	0.16063801305316838	0.40079672285732126	0.014625280133348533	[[264, 80], [71, 336]]	751	344	407
34	bioresponse	RelICL	reduced	gaussian_random_projection	32	2	0.8604008342380437	0.8742914036786247	0.8024096385542169	0.7872340425531915	0.8181818181818182	0.7816245006657789	0.17068764062475067	0.4131436077500784	0.015075824361962562	[[254, 90], [74, 333]]	751	344	407
35	bioresponse	RelICL	un-reduced	first_k	512	2	0.8723965773384378	0.886665383549212	0.8139255702280912	0.795774647887324	0.8329238329238329	0.7936085219707057	0.1637940358261776	0.40471475859693773	0.014768251288042234	[[257, 87], [68, 339]]	751	344	407
36	philippine	BASELINE	-	-	-1	0	0.9369507624709227	0.9415607986252855	0.8548672566371681	0.8829981718464351	0.8284734133790738	0.8594687232219366	0.12078223702519077	0.34753738939168943	0.010173399670776037	[[520, 64], [100, 483]]	1167	584	583
37	philippine	RelICL	reduced	gaussian_random_projection	32	0	0.849392901618929	0.8608595707805617	0.7608695652173914	0.7422512234910277	0.7804459691252144	0.7549271636675235	0.18501214122443166	0.43013037700728796	0.012591129384657096	[[426, 158], [128, 455]]	1167	584	583
38	philippine	RelICL	un-reduced	first_k	512	0	0.8582805634530888	0.865281476832671	0.7589743589743589	0.7563884156729132	0.7615780445969125	0.7583547557840618	0.18325282016375782	0.4280803898378876	0.012531120477900972	[[441, 143], [139, 444]]	1167	584	583
39	philippine	BASELINE	-	-	-1	1	0.9337478559176673	0.9300680854538144	0.8474280732345248	0.8617021276595744	0.8336192109777015	0.8500428449014568	0.12747000673329467	0.35702941998285614	0.010451258179928665	[[506, 78], [97, 486]]	1167	584	583
40	philippine	RelICL	reduced	gaussian_random_projection	32	1	0.8340964895791725	0.8227092628804328	0.7643097643097643	0.7504132231404959	0.7787307032590052	0.7600685518423308	0.1823643483426329	0.42704138949595144	0.012500706007230375	[[433, 151], [129, 454]]	1167	584	583
41	philippine	RelICL	un-reduced	first_k	512	1	0.8458375431753565	0.8380494696917666	0.7673819742489271	0.7680412371134021	0.7667238421955404	0.7677806341045416	0.17829353199856962	0.42224818767943767	0.012360395470089503	[[449, 135], [136, 447]]	1167	584	583
42	philippine	BASELINE	-	-	-1	2	0.9378128010526563	0.9369032638775359	0.8581255374032674	0.8618307426597582	0.8544520547945206	0.8586118251928021	0.12139755883188715	0.34842152463917486	0.010199280803310968	[[503, 80], [85, 499]]	1167	583	584
43	philippine	RelICL	reduced	gaussian_random_projection	32	2	0.8219060598228342	0.8285058309347826	0.736480686695279	0.7383820998278829	0.7345890410958904	0.7369323050556984	0.1938630828209935	0.4402988562567401	0.012888789454066431	[[431, 152], [155, 429]]	1167	583	584
44	philippine	RelICL	un-reduced	first_k	512	2	0.8368206489814142	0.8387463824175808	0.7555555555555555	0.7542662116040956	0.7568493150684932	0.7549271636675235	0.18501214122443166	0.43013037700728796	0.012591129384657096	[[439, 144], [142, 442]]	1167	583	584
45	kr-vs-kp	BASELINE	-	-	-1	0	1.0	1.0	1.0	1.0	1.0	1.0	0.0	0.0	0.0	[[306, 0], [0, 334]]	640	306	334
46	kr-vs-kp	RelICL	reduced	gaussian_random_projection	32	0	0.9999608625885483	0.9999640894077884	0.9955022488755623	0.996996996996997	0.9940119760479041	0.9953125	0.004665527343749956	0.06830466560748216	0.002699978976697653	[[305, 1], [2, 332]]	640	306	334
47	kr-vs-kp	RelICL	un-reduced	first_k	512	0	0.9998923721185081	0.9999023750817643	0.9940119760479041	0.9940119760479041	0.9940119760479041	0.99375	0.006210937499999978	0.07880950133074043	0.003115219068340133	[[304, 2], [2, 332]]	640	306	334
48	kr-vs-kp	BASELINE	-	-	-1	1	0.9996477632969356	0.9996602515435069	0.9970149253731343	0.9940476190476191	1.0	0.996875	0.003115234375000044	0.05581428468591212	0.0022062533197567246	[[304, 2], [0, 334]]	640	306	334
49	kr-vs-kp	RelICL	reduced	gaussian_random_projection	32	1	0.9999070486478024	0.9999094027794343	0.9955290611028316	0.9910979228486647	1.0	0.9953125	0.004665527343749956	0.06830466560748216	0.002699978976697653	[[303, 3], [0, 334]]	640	306	334
50	kr-vs-kp	RelICL	un-reduced	first_k	512	1	0.999001996007984	0.9989408241632423	0.9940298507462687	0.9910714285714286	0.9970059880239521	0.99375	0.006210937499999978	0.07880950133074043	0.003115219068340133	[[303, 3], [1, 333]]	640	306	334
51	kr-vs-kp	BASELINE	-	-	-1	2	0.9999217251770968	0.9999299646321393	0.996996996996997	1.0	0.9940119760479041	0.996875	0.003115234375000044	0.05581428468591212	0.0022062533197567246	[[306, 0], [2, 332]]	640	306	334
52	kr-vs-kp	RelICL	reduced	gaussian_random_projection	32	2	0.9998434503541935	0.9998616765439785	0.996996996996997	1.0	0.9940119760479041	0.996875	0.003115234375000044	0.05581428468591212	0.0022062533197567246	[[306, 0], [2, 332]]	640	306	334
53	kr-vs-kp	RelICL	un-reduced	first_k	512	2	0.999814097295605	0.9998317972033754	0.992503748125937	0.993993993993994	0.9910179640718563	0.9921875	0.00775146484375	0.08804240366863003	0.0034801815783604417	[[304, 2], [3, 331]]	640	306	334
54	qsar-biodeg	BASELINE	-	-	-1	0	0.9569416498993963	0.9215941429690185	0.8226950354609929	0.8285714285714286	0.8169014084507042	0.8815165876777251	0.10444509332674469	0.32317966106601553	0.022248605401391945	[[128, 12], [13, 58]]	211	140	71
55	qsar-biodeg	RelICL	reduced	gaussian_random_projection	32	0	0.9433601609657948	0.8975404272653097	0.8029197080291971	0.8333333333333334	0.7746478873239436	0.8720379146919431	0.11158779003167044	0.33404758647784066	0.022996784241675044	[[129, 11], [16, 55]]	211	140	71
56	qsar-biodeg	RelICL	un-reduced	first_k	512	0	0.9456237424547284	0.9088646096873452	0.8260869565217391	0.8507462686567164	0.8028169014084507	0.8862559241706162	0.10080636104310321	0.31750017487098053	0.02185761344719785	[[130, 10], [14, 57]]	211	140	71
57	qsar-biodeg	BASELINE	-	-	-1	1	0.8850100603621731	0.847081016852784	0.7938931297709924	0.8666666666666667	0.7323943661971831	0.8720379146919431	0.11158779003167044	0.33404758647784066	0.022996784241675044	[[132, 8], [19, 52]]	211	140	71
58	qsar-biodeg	RelICL	reduced	gaussian_random_projection	32	1	0.8782696177062373	0.8373367473035263	0.78125	0.8771929824561403	0.704225352112676	0.8672985781990521	0.11509175445295482	0.3392517567426215	0.02335505409776947	[[133, 7], [21, 50]]	211	140	71
59	qsar-biodeg	RelICL	un-reduced	first_k	512	1	0.8665492957746479	0.8242793082405901	0.7633587786259542	0.8333333333333334	0.704225352112676	0.8530805687203792	0.1253341119920936	0.35402558098546155	0.024372126102747294	[[130, 10], [21, 50]]	211	140	71
60	qsar-biodeg	BASELINE	-	-	-1	2	0.9290744466800805	0.8988224927237516	0.8368794326241135	0.8428571428571429	0.8309859154929577	0.8909952606635071	0.09712270613867614	0.31164516062130043	0.02145453764338342	[[129, 11], [12, 59]]	211	140	71
61	qsar-biodeg	RelICL	reduced	gaussian_random_projection	32	2	0.9104627766599598	0.8646054875151158	0.8057553956834532	0.8235294117647058	0.7887323943661971	0.8720379146919431	0.11158779003167044	0.33404758647784066	0.022996784241675044	[[128, 12], [15, 56]]	211	140	71
62	qsar-biodeg	RelICL	un-reduced	first_k	512	2	0.9254527162977868	0.8921073484545936	0.8368794326241135	0.8428571428571429	0.8309859154929577	0.8909952606635071	0.09712270613867614	0.31164516062130043	0.02145453764338342	[[129, 11], [12, 59]]	211	140	71
63	spambase	BASELINE	-	-	-1	0	0.9918713034548812	0.9866445408048212	0.9447513812154696	0.9473684210526315	0.9421487603305785	0.9565689467969598	0.04154479682071489	0.20382540769176666	0.006716275532298318	[[539, 19], [21, 342]]	921	558	363
64	spambase	RelICL	reduced	gaussian_random_projection	32	0	0.9885882283242987	0.9810516278734983	0.9314685314685315	0.9460227272727273	0.9173553719008265	0.9467969598262758	0.05037247668999732	0.22443813555186498	0.007395488008056289	[[539, 19], [30, 333]]	921	558	363
65	spambase	RelICL	un-reduced	first_k	512	0	0.987637864470709	0.9810408257891989	0.9307479224376731	0.935933147632312	0.9256198347107438	0.9457111834961998	0.051341540906416946	0.22658671829217383	0.007466286216440972	[[535, 23], [27, 336]]	921	558	363
66	spambase	BASELINE	-	-	-1	1	0.9912665264571422	0.9828034700092918	0.946058091286307	0.95	0.9421487603305785	0.9576547231270358	0.04055215439951619	0.2013756549325568	0.006635553434385272	[[540, 18], [21, 342]]	921	558	363
67	spambase	RelICL	reduced	gaussian_random_projection	32	1	0.9891831314118704	0.9818999546799169	0.9401947148817803	0.949438202247191	0.931129476584022	0.9533116178067318	0.044508577161443526	0.21097055994010996	0.006951716303709237	[[540, 18], [25, 338]]	921	558	363
68	spambase	RelICL	un-reduced	first_k	512	1	0.9879143339553896	0.9813700175879707	0.9370629370629371	0.9517045454545454	0.9228650137741047	0.9511400651465798	0.04647264161953975	0.21557514146937198	0.007103442423684537	[[541, 17], [28, 335]]	921	558	363
69	spambase	BASELINE	-	-	-1	2	0.990168053951045	0.9867373655378077	0.9406896551724138	0.9419889502762431	0.9393939393939394	0.9533116178067318	0.044508577161443526	0.21097055994010996	0.006951716303709237	[[537, 21], [22, 341]]	921	558	363
70	spambase	RelICL	reduced	gaussian_random_projection	32	2	0.9875835579647896	0.983710762954587	0.9301675977653632	0.943342776203966	0.9173553719008265	0.9457111834961998	0.051341540906416946	0.22658671829217383	0.007466286216440972	[[538, 20], [30, 333]]	921	558	363
71	spambase	RelICL	un-reduced	first_k	512	2	0.9869590331467164	0.9828338583539177	0.9327731092436975	0.9487179487179487	0.9173553719008265	0.9478827361563518	0.04940105465309979	0.2222634802505796	0.0073238306795779225	[[540, 18], [30, 333]]	921	558	363
72	jasmine	BASELINE	-	-	-1	0	0.8799690242643262	0.8325637154472705	0.8338368580060423	0.7582417582417582	0.9261744966442953	0.8157453936348409	0.15030484639837938	0.38769168987531755	0.01586716458256114	[[211, 88], [22, 276]]	597	299	298
73	jasmine	RelICL	reduced	gaussian_random_projection	32	0	0.8491448003411819	0.7849886304501257	0.8191330343796711	0.738544474393531	0.9194630872483222	0.7973199329983249	0.16160085744187158	0.4019960913266093	0.016452604760955645	[[202, 97], [24, 274]]	597	299	298
74	jasmine	RelICL	un-reduced	first_k	512	0	0.8607438665798748	0.8205242814432518	0.8132530120481928	0.7377049180327869	0.9060402684563759	0.7922948073701842	0.1645637455844269	0.4056645727499838	0.016602745710666153	[[203, 96], [28, 270]]	597	299	298
75	jasmine	BASELINE	-	-	-1	1	0.8964557473457386	0.8696839124674001	0.8448540706605223	0.7790368271954674	0.9228187919463087	0.830820770519263	0.14055761779304116	0.3749101462924699	0.015344050827624984	[[221, 78], [23, 275]]	597	299	298
76	jasmine	RelICL	reduced	gaussian_random_projection	32	1	0.8688693856479092	0.8147488550411479	0.8340943683409436	0.7632311977715878	0.9194630872483222	0.8174204355108877	0.14924426712007838	0.38632145568176557	0.015811084630285833	[[214, 85], [24, 274]]	597	299	298
77	jasmine	RelICL	un-reduced	first_k	512	1	0.866563040111333	0.8241071923872544	0.823170731707317	0.7541899441340782	0.9060402684563759	0.8056951423785594	0.1565504799261523	0.3956646053492178	0.016193474290328955	[[211, 88], [28, 270]]	597	299	298
78	jasmine	BASELINE	-	-	-1	2	0.917347534286548	0.8985034467765147	0.8593272171253823	0.7915492957746478	0.939799331103679	0.8458961474036851	0.13035585521128812	0.36104827268841505	0.014776722108330193	[[224, 74], [18, 281]]	597	298	299
79	jasmine	RelICL	reduced	gaussian_random_projection	32	2	0.8767704428632354	0.8285779741813536	0.8367952522255193	0.752	0.9431438127090301	0.8157453936348409	0.15030484639837938	0.38769168987531755	0.01586716458256114	[[205, 93], [17, 282]]	597	298	299
80	jasmine	RelICL	un-reduced	first_k	512	2	0.875681802877601	0.8265686535936801	0.8298507462686567	0.7493261455525606	0.9297658862876255	0.8090452261306532	0.1544910482058534	0.39305349280454616	0.01608660856797308	[[205, 93], [21, 278]]	597	298	299
81	churn	BASELINE	-	-	-1	0	0.9437247665519035	0.9122522291472926	0.8973384030418251	0.9672131147540983	0.8368794326241135	0.973	0.026271000000000023	0.16208331191088127	0.005125524363418832	[[855, 4], [23, 118]]	1000	859	141
82	churn	RelICL	reduced	gaussian_random_projection	32	0	0.9265391887317432	0.8281543554273105	0.746031746031746	0.8468468468468469	0.6666666666666666	0.936	0.05990399999999995	0.24475293665245357	0.007739767438366605	[[842, 17], [47, 94]]	1000	859	141
83	churn	RelICL	un-reduced	first_k	512	0	0.9382590675286289	0.8768026288449412	0.7984790874524715	0.860655737704918	0.7446808510638298	0.947	0.05019100000000004	0.22403347964087877	0.007084560677981384	[[842, 17], [36, 105]]	1000	859	141
84	churn	BASELINE	-	-	-1	1	0.9187163038003946	0.8739323573103042	0.8461538461538461	0.9243697478991597	0.7801418439716312	0.96	0.03840000000000003	0.19595917942265434	0.00619677335393187	[[850, 9], [31, 110]]	1000	859	141
85	churn	RelICL	reduced	gaussian_random_projection	32	1	0.9052171831009173	0.7820266128396236	0.6693548387096774	0.7757009345794392	0.5886524822695035	0.918	0.07527599999999997	0.2743647207641682	0.008676174272108645	[[835, 24], [58, 83]]	1000	859	141
86	churn	RelICL	un-reduced	first_k	512	1	0.9170320098415607	0.8340060932262923	0.7729083665338645	0.8818181818181818	0.6879432624113475	0.943	0.05375100000000004	0.23184261903282588	0.007331507348424336	[[846, 13], [44, 97]]	1000	859	141
87	churn	BASELINE	-	-	-1	2	0.9223036848058521	0.8918406439563153	0.8947368421052632	0.952	0.8439716312056738	0.972	0.027216000000000025	0.16497272501841032	0.005216895628628201	[[853, 6], [22, 119]]	1000	859	141
88	churn	RelICL	reduced	gaussian_random_projection	32	2	0.9109718541269329	0.8348407797085021	0.7520661157024794	0.900990099009901	0.6453900709219859	0.94	0.05640000000000005	0.23748684174075843	0.007509993342207438	[[849, 10], [50, 91]]	1000	859	141
89	churn	RelICL	un-reduced	first_k	512	2	0.9237650575054286	0.8697559735769324	0.8262548262548263	0.9067796610169492	0.7588652482269503	0.955	0.042975000000000034	0.20730412441627888	0.00655553201502365	[[848, 11], [34, 107]]	1000	859	141
