number,value,datetime_start,datetime_complete,duration,duration_s,params_fusion.early.reduction_dim,params_fusion.early.reduction_method,params_fusion.key_pooling,params_rewrite.count_feature_window_days,params_rewrite.count_features_after_simplify,params_sampling.context_tables_sample_size,params_sampling.train.anchor_budget_fraction,params_sampling.train.sample_size,params_tabicl.outlier_threshold,params_vectorizer.relative_time,user_attrs_effective_context_tables_used,user_attrs_effective_restrict_to_test_keys_batches,user_attrs_trial_timeout_s,user_attrs_val_accuracy,user_attrs_val_accuracy_sem,user_attrs_val_accuracy_std,user_attrs_val_accuracy_var,user_attrs_val_ap,user_attrs_val_auroc,user_attrs_val_confusion_matrix,user_attrs_val_f1,user_attrs_val_n,user_attrs_val_n_0,user_attrs_val_n_1,user_attrs_val_precision,user_attrs_val_recall,state,test_value,test_auroc,test_ap,test_f1,test_precision,test_recall,test_accuracy,test_accuracy_var,test_accuracy_std,test_accuracy_sem,test_confusion_matrix,test_n,test_n_0,test_n_1
33,0.756438127090301,2026-08-24 18:30:16.534484,2026-08-24 18:32:06.944788,0 days 00:01:50.410304,110.410304,32,gaussian_random_projection,sum,null,True,65536,0.25,16384,8.0,True,7,1,448.079112,0.6828358208955224,0.028427116980820802,0.4653719615506079,0.21657106259746045,0.7324623916585782,0.756438127090301,"[[81, 57], [28, 102]]",0.7058823529411765,268,138,130,0.6415094339622641,0.7846153846153846,COMPLETE,0.8100601604278076,0.8100601604278076,0.8062623948416827,0.6942148760330579,0.6363636363636364,0.7636363636363637,0.6991869918699187,0.2103245422698129,0.4586115374364375,0.0292400036611647,"[[88, 48], [26, 84]]",246.0,136.0,110.0
56,0.753567447045708,2026-08-24 19:14:10.605962,2026-08-24 19:16:02.366567,0 days 00:01:51.760605,111.760605,32,pca,sum,null,False,32768,0.75,65536,4.0,False,7,1,447.72461,0.7052238805970149,0.027851093847104675,0.455942056442156,0.20788315883270217,0.7194477453803949,0.753567447045708,"[[80, 58], [21, 109]]",0.734006734006734,268,138,130,0.6526946107784432,0.8384615384615385,COMPLETE,,,,,,,,,,,,,,
9,0.7533166109253064,2026-08-24 17:44:23.956777,2026-08-24 17:45:59.372131,0 days 00:01:35.415354,95.415354,32,gaussian_random_projection,sum,null,True,32768,0.75,32768,8.0,True,7,1,410.536936,0.6902985074626866,0.028243773455762327,0.46237049868852337,0.2137864780574738,0.7226599799021841,0.7533166109253064,"[[83, 55], [28, 102]]",0.710801393728223,268,138,130,0.6496815286624203,0.7846153846153846,COMPLETE,,,,,,,,,,,,,,
72,0.7521181716833891,2026-08-24 19:44:03.364975,2026-08-24 19:45:56.185091,0 days 00:01:52.820116,112.820116,64,gaussian_random_projection,sum,null,False,65536,0.75,65536,4.0,False,7,1,447.72461,0.6940298507462687,0.028148885679502293,0.4608171188436696,0.2123524170193807,0.7145246073894829,0.7521181716833891,"[[83, 55], [27, 103]]",0.7152777777777778,268,138,130,0.6518987341772152,0.7923076923076923,COMPLETE,,,,,,,,,,,,,,
62,0.751978818283166,2026-08-24 19:24:18.474782,2026-08-24 19:26:26.473335,0 days 00:02:07.998553,127.998553,64,gaussian_random_projection,max,"[1,3,7,28]",False,65536,0.25,32768,8.0,False,7,1,445.38046599999996,0.6828358208955224,0.028427116980820802,0.4653719615506079,0.21657106259746045,0.7373047830828987,0.751978818283166,"[[81, 57], [28, 102]]",0.7058823529411765,268,138,130,0.6415094339622641,0.7846153846153846,COMPLETE,,,,,,,,,,,,,,
99,0.7518394648829432,2026-08-24 20:31:55.928837,2026-08-24 20:33:39.253779,0 days 00:01:43.324942,103.324942,64,gaussian_random_projection,sum,"[1,3,7,28]",True,32768,0.25,32768,4.0,False,7,1,447.04242,0.7014925373134329,0.027952568928948065,0.4576032751270415,0.20940075740699488,0.7196533625769983,0.7518394648829432,"[[80, 58], [22, 108]]",0.7297297297297297,268,138,130,0.6506024096385542,0.8307692307692308,COMPLETE,,,,,,,,,,,,,,
29,0.7509197324414716,2026-08-24 18:22:40.951848,2026-08-24 18:24:31.059728,0 days 00:01:50.107880,110.10788,64,gaussian_random_projection,sum,"[1,7,28]",False,32768,0.25,32768,8.0,False,7,1,448.079112,0.6940298507462687,0.028148885679502293,0.4608171188436696,0.2123524170193807,0.7202420008642643,0.7509197324414716,"[[78, 60], [22, 108]]",0.7248322147651006,268,138,130,0.6428571428571429,0.8307692307692308,COMPLETE,,,,,,,,,,,,,,
21,0.7508082497212932,2026-08-24 18:07:11.923943,2026-08-24 18:09:06.333975,0 days 00:01:54.410032,114.410032,64,gaussian_random_projection,mean,"[1,3,7,28]",False,32768,0.75,16384,8.0,False,7,1,447.370108,0.6940298507462687,0.028148885679502293,0.4608171188436696,0.2123524170193807,0.7317939669603328,0.7508082497212932,"[[88, 50], [32, 98]]",0.7050359712230215,268,138,130,0.6621621621621622,0.7538461538461538,COMPLETE,,,,,,,,,,,,,,
55,0.7500278706800445,2026-08-24 19:12:19.630874,2026-08-24 19:14:10.560502,0 days 00:01:50.929628,110.929628,32,gaussian_random_projection,sum,null,True,65536,0.25,65536,8.0,True,7,1,448.079112,0.6791044776119403,0.0285156140849076,0.46682072158308696,0.217921586099354,0.731046649129298,0.7500278706800445,"[[76, 62], [24, 106]]",0.7114093959731543,268,138,130,0.6309523809523809,0.8153846153846154,COMPLETE,,,,,,,,,,,,,,
7,0.7491638795986622,2026-08-24 17:41:11.213036,2026-08-24 17:43:03.362709,0 days 00:01:52.149673,112.149673,32,gaussian_random_projection,max,null,False,65536,0.25,16384,4.0,False,7,1,410.536936,0.6828358208955224,0.028427116980820802,0.4653719615506079,0.21657106259746045,0.7210435074312131,0.7491638795986622,"[[83, 55], [30, 100]]",0.7017543859649122,268,138,130,0.6451612903225806,0.7692307692307693,COMPLETE,,,,,,,,,,,,,,
41,0.7469620958751394,2026-08-24 18:45:37.227640,2026-08-24 18:47:18.273704,0 days 00:01:41.046064,101.046064,64,gaussian_random_projection,sum,"[1,7,28]",True,32768,0.25,16384,4.0,False,7,1,448.079112,0.7014925373134329,0.027952568928948065,0.4576032751270415,0.20940075740699488,0.720769128176622,0.7469620958751394,"[[83, 55], [25, 105]]",0.7241379310344828,268,138,130,0.65625,0.8076923076923077,COMPLETE,,,,,,,,,,,,,,
64,0.7455406911928651,2026-08-24 19:28:28.243887,2026-08-24 19:30:18.629350,0 days 00:01:50.385463,110.385463,64,gaussian_random_projection,mean,"[1,7,28]",False,32768,0.75,16384,8.0,False,7,1,447.20626400000003,0.6940298507462687,0.028148885679502293,0.4608171188436696,0.2123524170193807,0.7343803862796123,0.7455406911928651,"[[84, 54], [28, 102]]",0.7132867132867133,268,138,130,0.6538461538461539,0.7846153846153846,COMPLETE,,,,,,,,,,,,,,
87,0.7455406911928651,2026-08-24 20:09:53.246588,2026-08-24 20:11:45.197374,0 days 00:01:51.950786,111.950786,32,gaussian_random_projection,mean,"[1,3,7,28]",False,32768,0.25,16384,8.0,False,7,1,443.718512,0.6791044776119403,0.0285156140849076,0.46682072158308696,0.217921586099354,0.723708372117897,0.7455406911928651,"[[80, 58], [28, 102]]",0.7034482758620689,268,138,130,0.6375,0.7846153846153846,COMPLETE,,,,,,,,,,,,,,
82,0.7439241917502788,2026-08-24 20:01:17.096930,2026-08-24 20:02:55.604493,0 days 00:01:38.507563,98.507563,64,gaussian_random_projection,sum,null,True,32768,0.25,16384,8.0,True,7,1,447.12331,0.7052238805970149,0.027851093847104675,0.455942056442156,0.20788315883270217,0.7186128814497863,0.7439241917502788,"[[83, 55], [24, 106]]",0.7285223367697594,268,138,130,0.6583850931677019,0.8153846153846154,COMPLETE,,,,,,,,,,,,,,
88,0.743561872909699,2026-08-24 20:11:45.245332,2026-08-24 20:13:39.816181,0 days 00:01:54.570849,114.570849,64,gaussian_random_projection,sum,"[1,3,7,28]",False,32768,0.25,16384,4.0,True,7,1,445.38046599999996,0.6977611940298507,0.028051825048769026,0.45922816783804515,0.21089051013588775,0.7062506727214566,0.743561872909699,"[[79, 59], [22, 108]]",0.7272727272727273,268,138,130,0.6467065868263473,0.8307692307692308,COMPLETE,,,,,,,,,,,,,,
68,0.7433946488294315,2026-08-24 19:36:16.194442,2026-08-24 19:38:10.675703,0 days 00:01:54.481261,114.481261,32,gaussian_random_projection,sum,"[1,7,28]",True,65536,0.25,65536,4.0,False,7,1,447.20626400000003,0.6865671641791045,0.028336510205650797,0.46388866471403145,0.21519269325016707,0.7137093390314208,0.7433946488294315,"[[88, 50], [34, 96]]",0.6956521739130435,268,138,130,0.6575342465753424,0.7384615384615385,COMPLETE,,,,,,,,,,,,,,
76,0.743283166109253,2026-08-24 19:51:17.013374,2026-08-24 19:53:08.814424,0 days 00:01:51.801050,111.80105,32,pca,sum,null,True,32768,0.75,16384,8.0,True,7,1,447.72461,0.6604477611940298,0.02892711607656049,0.473557299519101,0.22425651592782359,0.7092282743207298,0.743283166109253,"[[73, 65], [26, 104]]",0.6956521739130435,268,138,130,0.6153846153846154,0.8,COMPLETE,,,,,,,,,,,,,,
78,0.7431716833890747,2026-08-24 19:54:50.977642,2026-08-24 19:56:21.252144,0 days 00:01:30.274502,90.274502,64,first_k,max,null,False,65536,0.25,32768,8.0,True,7,1,447.287154,0.6977611940298507,0.028051825048769026,0.45922816783804515,0.21089051013588775,0.7062496584743712,0.7431716833890747,"[[76, 62], [19, 111]]",0.7326732673267327,268,138,130,0.6416184971098265,0.8538461538461538,COMPLETE,,,,,,,,,,,,,,
47,0.7431438127090302,2026-08-24 18:56:46.692531,2026-08-24 18:59:20.699782,0 days 00:02:34.007251,154.007251,64,pca,sum,"[1,3,7,28]",False,65536,0.75,65536,8.0,False,7,1,448.079112,0.667910447761194,0.028768639741643336,0.4709629301045204,0.22180608153263534,0.7096239370896409,0.7431438127090302,"[[77, 61], [28, 102]]",0.6962457337883959,268,138,130,0.6257668711656442,0.7846153846153846,COMPLETE,,,,,,,,,,,,,,
74,0.7430323299888518,2026-08-24 19:47:19.247179,2026-08-24 19:49:48.472348,0 days 00:02:29.225169,149.225169,32,pca,mean,"[1,7,28]",False,65536,0.25,32768,4.0,True,7,1,447.72461,0.6529850746268657,0.029077583235136904,0.4760205530661595,0.22659556694141234,0.7295289569306975,0.7430323299888518,"[[71, 67], [26, 104]]",0.6910299003322259,268,138,130,0.6081871345029239,0.8,COMPLETE,,,,,,,,,,,,,,
94,0.7430044593088071,2026-08-24 20:23:17.737025,2026-08-24 20:25:16.220172,0 days 00:01:58.483147,118.483147,64,gaussian_random_projection,mean,"[1,3,7,28]",True,65536,0.75,16384,8.0,True,7,1,447.12331,0.6940298507462687,0.028148885679502293,0.4608171188436696,0.2123524170193807,0.712261354234527,0.7430044593088071,"[[83, 55], [27, 103]]",0.7152777777777778,268,138,130,0.6518987341772152,0.7923076923076923,COMPLETE,,,,,,,,,,,,,,
31,0.7429765886287625,2026-08-24 18:26:35.779527,2026-08-24 18:28:30.620938,0 days 00:01:54.841411,114.841411,64,gaussian_random_projection,sum,"[1,3,7,28]",False,32768,0.25,65536,4.0,True,7,1,448.079112,0.6791044776119403,0.0285156140849076,0.46682072158308696,0.217921586099354,0.7117215665412515,0.7429765886287625,"[[78, 60], [26, 104]]",0.7074829931972789,268,138,130,0.6341463414634146,0.8,COMPLETE,,,,,,,,,,,,,,
22,0.7417224080267558,2026-08-24 18:09:06.379910,2026-08-24 18:10:58.601728,0 days 00:01:52.221818,112.221818,32,gaussian_random_projection,mean,"[1,3,7,28]",False,32768,0.75,65536,4.0,False,7,1,447.98440000000005,0.6828358208955224,0.028427116980820802,0.4653719615506079,0.21657106259746045,0.716503745009605,0.7417224080267558,"[[81, 57], [28, 102]]",0.7058823529411765,268,138,130,0.6415094339622641,0.7846153846153846,COMPLETE,,,,,,,,,,,,,,
58,0.7409977703455966,2026-08-24 19:17:30.290487,2026-08-24 19:19:10.518190,0 days 00:01:40.227703,100.227703,32,gaussian_random_projection,mean,"[1,3,7,28]",True,32768,0.75,16384,4.0,True,7,1,447.20626400000003,0.6902985074626866,0.028243773455762327,0.46237049868852337,0.2137864780574738,0.7109194033861921,0.7409977703455966,"[[88, 50], [33, 97]]",0.7003610108303249,268,138,130,0.6598639455782312,0.7461538461538462,COMPLETE,,,,,,,,,,,,,,
45,0.7401895206243032,2026-08-24 18:53:21.609127,2026-08-24 18:55:22.587995,0 days 00:02:00.978868,120.978868,64,pca,sum,null,False,32768,0.75,32768,8.0,False,7,1,448.079112,0.6902985074626866,0.028243773455762327,0.46237049868852337,0.2137864780574738,0.7058170371134412,0.7401895206243032,"[[75, 63], [20, 110]]",0.7260726072607261,268,138,130,0.6358381502890174,0.8461538461538461,COMPLETE,,,,,,,,,,,,,,
23,0.7401337792642141,2026-08-24 18:10:58.649953,2026-08-24 18:13:30.129402,0 days 00:02:31.479449,151.479449,64,pca,sum,"[1,7,28]",True,65536,0.75,16384,4.0,False,7,1,448.598692,0.6865671641791045,0.028336510205650797,0.46388866471403145,0.21519269325016707,0.7085771623323924,0.7401337792642141,"[[80, 58], [26, 104]]",0.7123287671232876,268,138,130,0.6419753086419753,0.8,COMPLETE,,,,,,,,,,,,,,
90,0.7398829431438126,2026-08-24 20:15:54.389495,2026-08-24 20:17:17.308238,0 days 00:01:22.918743,82.918743,64,first_k,max,null,False,32768,0.75,65536,4.0,False,7,1,447.12331,0.6716417910447762,0.028686356914236693,0.4696159021657395,0.2205390955669414,0.6966456193072814,0.7398829431438126,"[[74, 64], [24, 106]]",0.7066666666666667,268,138,130,0.6235294117647059,0.8153846153846154,COMPLETE,,,,,,,,,,,,,,
16,0.7391861761426979,2026-08-24 17:58:26.222793,2026-08-24 18:00:31.992139,0 days 00:02:05.769346,125.769346,64,pca,mean,"[1,3,7,28]",True,32768,0.75,16384,4.0,False,7,1,429.567814,0.6828358208955224,0.028427116980820802,0.4653719615506079,0.21657106259746045,0.7130499085857347,0.7391861761426979,"[[81, 57], [28, 102]]",0.7058823529411765,268,138,130,0.6415094339622641,0.7846153846153846,COMPLETE,,,,,,,,,,,,,,
0,0.7389910813823858,2026-08-24 17:27:56.283198,2026-08-24 17:30:24.557762,0 days 00:02:28.274564,148.274564,64,pca,max,"[1,7,28]",False,32768,0.75,16384,8.0,False,7,1,170999.85656465497,0.6753731343283582,0.02860202110042719,0.468235265391072,0.21924426375584763,0.7096222029140871,0.7389910813823858,"[[72, 66], [21, 109]]",0.7147540983606557,268,138,130,0.6228571428571429,0.8384615384615385,COMPLETE,,,,,,,,,,,,,,
44,0.738768115942029,2026-08-24 18:51:41.936391,2026-08-24 18:53:21.551434,0 days 00:01:39.615043,99.615043,64,first_k,sum,"[1,3,7,28]",False,32768,0.75,16384,4.0,True,7,1,448.338902,0.6828358208955224,0.028427116980820802,0.4653719615506079,0.21657106259746045,0.7010597696960722,0.738768115942029,"[[80, 58], [27, 103]]",0.7079037800687286,268,138,130,0.639751552795031,0.7923076923076923,COMPLETE,,,,,,,,,,,,,,
24,0.7386566332218506,2026-08-24 18:13:30.177477,2026-08-24 18:15:07.758683,0 days 00:01:37.581206,97.581206,64,gaussian_random_projection,mean,null,False,32768,0.75,32768,8.0,False,7,1,448.742982,0.6791044776119403,0.0285156140849076,0.46682072158308696,0.217921586099354,0.7161498506691468,0.7386566332218506,"[[78, 60], [26, 104]]",0.7074829931972789,268,138,130,0.6341463414634146,0.8,COMPLETE,,,,,,,,,,,,,,
65,0.7381828316610926,2026-08-24 19:30:18.672768,2026-08-24 19:32:36.724863,0 days 00:02:18.052095,138.052095,64,pca,sum,"[1,3,7,28]",False,32768,0.75,65536,8.0,False,7,1,447.04242,0.6791044776119403,0.0285156140849076,0.46682072158308696,0.217921586099354,0.7077892298971544,0.7381828316610926,"[[75, 63], [23, 107]]",0.7133333333333334,268,138,130,0.6294117647058823,0.823076923076923,COMPLETE,,,,,,,,,,,,,,
80,0.737820512820513,2026-08-24 19:57:57.609296,2026-08-24 19:59:20.803616,0 days 00:01:23.194320,83.19432,64,first_k,sum,null,False,32768,0.75,65536,8.0,False,7,1,447.12331,0.7089552238805971,0.027747375458314297,0.454244113239797,0.20633771441300955,0.6957286128838602,0.737820512820513,"[[80, 58], [20, 110]]",0.738255033557047,268,138,130,0.6547619047619048,0.8461538461538461,COMPLETE,,,,,,,,,,,,,,
30,0.7377647714604236,2026-08-24 18:24:31.100534,2026-08-24 18:26:35.731079,0 days 00:02:04.630545,124.630545,64,pca,sum,"[1,7,28]",True,32768,0.75,32768,8.0,True,7,1,447.72461,0.6791044776119403,0.0285156140849076,0.46682072158308696,0.217921586099354,0.706969257064787,0.7377647714604236,"[[77, 61], [25, 105]]",0.7094594594594594,268,138,130,0.6325301204819277,0.8076923076923077,COMPLETE,,,,,,,,,,,,,,
15,0.7376532887402454,2026-08-24 17:56:07.963019,2026-08-24 17:58:26.173261,0 days 00:02:18.210242,138.210242,32,pca,max,"[1,7,28]",False,65536,0.75,65536,4.0,True,7,1,410.536936,0.6865671641791045,0.028336510205650797,0.46388866471403145,0.21519269325016707,0.719234988907335,0.7376532887402454,"[[79, 59], [25, 105]]",0.7142857142857143,268,138,130,0.6402439024390244,0.8076923076923077,COMPLETE,,,,,,,,,,,,,,
3,0.7375418060200669,2026-08-24 17:33:33.619866,2026-08-24 17:35:57.493869,0 days 00:02:23.874003,143.874003,32,pca,sum,"[1,3,7,28]",False,65536,0.25,16384,4.0,True,7,1,410.536936,0.6902985074626866,0.028243773455762327,0.46237049868852337,0.2137864780574738,0.6935384408159757,0.7375418060200669,"[[77, 61], [22, 108]]",0.7224080267558528,268,138,130,0.6390532544378699,0.8307692307692308,COMPLETE,,,,,,,,,,,,,,
84,0.7375418060200669,2026-08-24 20:04:38.095285,2026-08-24 20:06:08.787692,0 days 00:01:30.692407,90.692407,64,first_k,mean,null,False,65536,0.75,32768,4.0,True,7,1,445.38046599999996,0.7052238805970149,0.027851093847104675,0.455942056442156,0.20788315883270217,0.7080063817711987,0.7375418060200669,"[[78, 60], [19, 111]]",0.7375415282392026,268,138,130,0.6491228070175439,0.8538461538461538,COMPLETE,,,,,,,,,,,,,,
85,0.7370680044593088,2026-08-24 20:06:08.832496,2026-08-24 20:08:13.228178,0 days 00:02:04.395682,124.395682,32,pca,max,"[1,7,28]",False,32768,0.25,32768,8.0,True,7,1,443.718512,0.6716417910447762,0.028686356914236693,0.4696159021657395,0.2205390955669414,0.7249279894468363,0.7370680044593088,"[[77, 61], [27, 103]]",0.7006802721088435,268,138,130,0.6280487804878049,0.7923076923076923,COMPLETE,,,,,,,,,,,,,,
17,0.7370122630992196,2026-08-24 18:00:32.036552,2026-08-24 18:01:57.132001,0 days 00:01:25.095449,85.095449,32,first_k,max,"[1,3,7,28]",True,32768,0.25,32768,8.0,False,7,1,448.598692,0.6902985074626866,0.028243773455762327,0.46237049868852337,0.2137864780574738,0.701113444261521,0.7370122630992196,"[[74, 64], [19, 111]]",0.7278688524590164,268,138,130,0.6342857142857142,0.8538461538461538,COMPLETE,,,,,,,,,,,,,,
20,0.7362876254180603,2026-08-24 18:05:20.035278,2026-08-24 18:07:11.877805,0 days 00:01:51.842527,111.842527,32,gaussian_random_projection,mean,"[1,3,7,28]",False,32768,0.75,32768,8.0,True,7,1,429.567814,0.664179104477612,0.02884888714924263,0.4722766367849773,0.22304522165292937,0.7125533468602072,0.7362876254180603,"[[79, 59], [31, 99]]",0.6875,268,138,130,0.6265822784810127,0.7615384615384615,COMPLETE,,,,,,,,,,,,,,
92,0.736092530657748,2026-08-24 20:19:46.564620,2026-08-24 20:21:54.214401,0 days 00:02:07.649781,127.649781,64,gaussian_random_projection,max,"[1,3,7,28]",False,65536,0.25,65536,4.0,True,7,1,447.12331,0.6753731343283582,0.02860202110042719,0.468235265391072,0.21924426375584763,0.7113329727796646,0.736092530657748,"[[73, 65], [22, 108]]",0.7128712871287128,268,138,130,0.6242774566473989,0.8307692307692308,COMPLETE,,,,,,,,,,,,,,
39,0.7350613154960981,2026-08-24 18:41:40.508801,2026-08-24 18:43:46.315209,0 days 00:02:05.806408,125.806408,64,pca,sum,"[1,7,28]",True,32768,0.25,32768,8.0,False,7,1,448.079112,0.667910447761194,0.028768639741643336,0.4709629301045204,0.22180608153263534,0.705871348353243,0.7350613154960981,"[[76, 62], [27, 103]]",0.6983050847457627,268,138,130,0.6242424242424243,0.7923076923076923,COMPLETE,,,,,,,,,,,,,,
53,0.7350613154960981,2026-08-24 19:08:23.132939,2026-08-24 19:10:51.837403,0 days 00:02:28.704464,148.704464,64,pca,mean,null,True,65536,0.25,65536,8.0,False,7,1,448.079112,0.6753731343283582,0.02860202110042719,0.468235265391072,0.21924426375584763,0.7111256569771311,0.7350613154960981,"[[85, 53], [34, 96]]",0.6881720430107527,268,138,130,0.6442953020134228,0.7384615384615385,COMPLETE,,,,,,,,,,,,,,
91,0.7341694537346712,2026-08-24 20:17:17.350721,2026-08-24 20:19:46.521483,0 days 00:02:29.170762,149.170762,64,pca,mean,null,False,65536,0.25,65536,8.0,False,7,1,447.04242,0.6753731343283582,0.02860202110042719,0.468235265391072,0.21924426375584763,0.7128031694348462,0.7341694537346712,"[[84, 54], [33, 97]]",0.6903914590747331,268,138,130,0.6423841059602649,0.7461538461538462,COMPLETE,,,,,,,,,,,,,,
93,0.7341415830546266,2026-08-24 20:21:54.261266,2026-08-24 20:23:17.681838,0 days 00:01:23.420572,83.420572,64,first_k,mean,null,False,32768,0.75,16384,8.0,False,7,1,447.2042,0.6977611940298507,0.028051825048769026,0.45922816783804515,0.21089051013588775,0.701914816872207,0.7341415830546266,"[[85, 53], [28, 102]]",0.7157894736842105,268,138,130,0.6580645161290323,0.7846153846153846,COMPLETE,,,,,,,,,,,,,,
11,0.733416945373467,2026-08-24 17:47:31.552708,2026-08-24 17:49:59.096226,0 days 00:02:27.543518,147.543518,64,pca,max,null,True,65536,0.75,32768,4.0,True,7,1,381.661416,0.6791044776119403,0.0285156140849076,0.46682072158308696,0.217921586099354,0.7108581141470645,0.733416945373467,"[[77, 61], [25, 105]]",0.7094594594594594,268,138,130,0.6325301204819277,0.8076923076923077,COMPLETE,,,,,,,,,,,,,,
86,0.7329431438127091,2026-08-24 20:08:13.283827,2026-08-24 20:09:53.196406,0 days 00:01:39.912579,99.912579,64,first_k,max,"[1,3,7,28]",False,32768,0.25,65536,4.0,True,7,1,445.38046599999996,0.6865671641791045,0.028336510205650797,0.46388866471403145,0.21519269325016707,0.6845767160535022,0.7329431438127091,"[[72, 66], [18, 112]]",0.7272727272727273,268,138,130,0.6292134831460674,0.8615384615384616,COMPLETE,,,,,,,,,,,,,,
2,0.7327759197324415,2026-08-24 17:31:50.932769,2026-08-24 17:33:33.567003,0 days 00:01:42.634234,102.634234,32,first_k,max,"[1,7,28]",False,65536,0.75,65536,4.0,True,7,1,170765.20515759592,0.6791044776119403,0.0285156140849076,0.46682072158308696,0.217921586099354,0.6956127193587626,0.7327759197324415,"[[76, 62], [24, 106]]",0.7114093959731543,268,138,130,0.6309523809523809,0.8153846153846154,COMPLETE,,,,,,,,,,,,,,
8,0.7323299888517281,2026-08-24 17:43:03.416069,2026-08-24 17:44:23.917386,0 days 00:01:20.501317,80.501317,32,first_k,max,null,True,32768,0.75,16384,8.0,False,7,1,429.567814,0.6791044776119403,0.0285156140849076,0.46682072158308696,0.217921586099354,0.7017857070307667,0.7323299888517281,"[[75, 63], [23, 107]]",0.7133333333333334,268,138,130,0.6294117647058823,0.823076923076923,COMPLETE,,,,,,,,,,,,,,
51,0.7323021181716833,2026-08-24 19:04:27.285362,2026-08-24 19:06:04.656584,0 days 00:01:37.371222,97.371222,32,first_k,max,"[1,3,7,28]",False,32768,0.25,32768,4.0,True,7,1,448.079112,0.6753731343283582,0.02860202110042719,0.468235265391072,0.21924426375584763,0.6901514738277232,0.7323021181716833,"[[77, 61], [26, 104]]",0.7050847457627119,268,138,130,0.6303030303030303,0.8,COMPLETE,,,,,,,,,,,,,,
1,0.7321906354515051,2026-08-24 17:30:24.756541,2026-08-24 17:31:50.884382,0 days 00:01:26.127841,86.127841,32,first_k,sum,"[1,3,7,28]",True,32768,0.75,32768,4.0,False,7,1,170851.39142666105,0.6716417910447762,0.028686356914236693,0.4696159021657395,0.2205390955669414,0.6882338937142465,0.7321906354515051,"[[72, 66], [22, 108]]",0.7105263157894737,268,138,130,0.6206896551724138,0.8307692307692308,COMPLETE,,,,,,,,,,,,,,
70,0.7321070234113712,2026-08-24 19:39:56.717243,2026-08-24 19:42:01.631203,0 days 00:02:04.913960,124.91396,64,pca,max,"[1,7,28]",True,32768,0.75,16384,4.0,True,7,1,447.20626400000003,0.6417910447761194,0.029288534995267634,0.4794739822151943,0.2298952996212965,0.7282280473073606,0.7321070234113712,"[[72, 66], [30, 100]]",0.6756756756756757,268,138,130,0.6024096385542169,0.7692307692307693,COMPLETE,,,,,,,,,,,,,,
75,0.7320791527313266,2026-08-24 19:49:48.514222,2026-08-24 19:51:16.967409,0 days 00:01:28.453187,88.453187,32,first_k,mean,null,False,65536,0.25,16384,8.0,False,7,1,448.079112,0.6940298507462687,0.028148885679502293,0.4608171188436696,0.2123524170193807,0.6964878354350603,0.7320791527313266,"[[84, 54], [28, 102]]",0.7132867132867133,268,138,130,0.6538461538461539,0.7846153846153846,COMPLETE,,,,,,,,,,,,,,
48,0.7320512820512821,2026-08-24 18:59:20.744094,2026-08-24 19:01:28.773002,0 days 00:02:08.028908,128.028908,32,pca,sum,"[1,3,7,28]",False,32768,0.75,32768,4.0,True,7,1,448.338902,0.6865671641791045,0.028336510205650797,0.46388866471403145,0.21519269325016707,0.6898545021346989,0.7320512820512821,"[[77, 61], [23, 107]]",0.7181208053691275,268,138,130,0.6369047619047619,0.823076923076923,COMPLETE,,,,,,,,,,,,,,
98,0.7320234113712375,2026-08-24 20:30:34.324684,2026-08-24 20:31:55.886242,0 days 00:01:21.561558,81.561558,32,first_k,sum,null,False,32768,0.25,65536,8.0,False,7,1,447.12331,0.7014925373134329,0.027952568928948065,0.4576032751270415,0.20940075740699488,0.6847100170227417,0.7320234113712375,"[[82, 56], [24, 106]]",0.726027397260274,268,138,130,0.654320987654321,0.8153846153846154,COMPLETE,,,,,,,,,,,,,,
26,0.7318561872909699,2026-08-24 18:17:21.552171,2026-08-24 18:19:01.099129,0 days 00:01:39.546958,99.546958,64,first_k,mean,"[1,3,7,28]",False,32768,0.25,16384,4.0,True,7,1,448.742982,0.6567164179104478,0.029003342856568512,0.4748051856891602,0.2254399643573179,0.6978665446112717,0.7318561872909699,"[[70, 68], [24, 106]]",0.6973684210526315,268,138,130,0.6091954022988506,0.8153846153846154,COMPLETE,,,,,,,,,,,,,,
50,0.7314102564102565,2026-08-24 19:02:55.398177,2026-08-24 19:04:27.243726,0 days 00:01:31.845549,91.845549,32,first_k,max,"[1,3,7,28]",True,65536,0.75,16384,4.0,True,7,1,448.338902,0.6791044776119403,0.0285156140849076,0.46682072158308696,0.217921586099354,0.6871858855954666,0.7314102564102565,"[[74, 64], [22, 108]]",0.7152317880794702,268,138,130,0.627906976744186,0.8307692307692308,COMPLETE,,,,,,,,,,,,,,
59,0.731382385730212,2026-08-24 19:19:10.570141,2026-08-24 19:20:42.936073,0 days 00:01:32.365932,92.365932,32,first_k,sum,"[1,3,7,28]",True,65536,0.25,32768,4.0,False,7,1,447.04242,0.6753731343283582,0.02860202110042719,0.468235265391072,0.21924426375584763,0.6890703701608439,0.731382385730212,"[[76, 62], [25, 105]]",0.7070707070707071,268,138,130,0.6287425149700598,0.8076923076923077,COMPLETE,,,,,,,,,,,,,,
12,0.7313545150501671,2026-08-24 17:49:59.137981,2026-08-24 17:51:53.639044,0 days 00:01:54.501063,114.501063,32,gaussian_random_projection,max,"[1,7,28]",True,65536,0.75,65536,4.0,True,7,1,396.099176,0.664179104477612,0.02884888714924263,0.4722766367849773,0.22304522165292937,0.7112542108211654,0.7313545150501671,"[[78, 60], [30, 100]]",0.6896551724137931,268,138,130,0.625,0.7692307692307693,COMPLETE,,,,,,,,,,,,,,
32,0.7313266443701226,2026-08-24 18:28:30.670173,2026-08-24 18:30:16.492023,0 days 00:01:45.821850,105.82185,32,first_k,max,"[1,3,7,28]",False,65536,0.25,16384,4.0,False,7,1,448.338902,0.667910447761194,0.028768639741643336,0.4709629301045204,0.22180608153263534,0.6915224570809171,0.7313266443701226,"[[72, 66], [23, 107]]",0.7062706270627063,268,138,130,0.6184971098265896,0.823076923076923,COMPLETE,,,,,,,,,,,,,,
14,0.7311872909698997,2026-08-24 17:54:26.482913,2026-08-24 17:56:07.915078,0 days 00:01:41.432165,101.432165,32,first_k,mean,"[1,7,28]",False,65536,0.75,16384,8.0,False,7,1,429.567814,0.6567164179104478,0.029003342856568512,0.4748051856891602,0.2254399643573179,0.6917575686672013,0.7311872909698997,"[[67, 71], [21, 109]]",0.7032258064516129,268,138,130,0.6055555555555555,0.8384615384615385,COMPLETE,,,,,,,,,,,,,,
18,0.73082497212932,2026-08-24 18:01:57.175373,2026-08-24 18:03:53.665070,0 days 00:01:56.489697,116.489697,64,gaussian_random_projection,mean,"[1,7,28]",True,65536,0.75,65536,4.0,False,7,1,429.567814,0.6865671641791045,0.028336510205650797,0.46388866471403145,0.21519269325016707,0.703839386966437,0.73082497212932,"[[85, 53], [31, 99]]",0.7021276595744681,268,138,130,0.6513157894736842,0.7615384615384615,COMPLETE,,,,,,,,,,,,,,
5,0.7298773690078038,2026-08-24 17:37:31.309428,2026-08-24 17:39:45.547735,0 days 00:02:14.238307,134.238307,64,pca,max,"[1,7,28]",False,32768,0.25,16384,8.0,False,7,1,410.536936,0.6529850746268657,0.029077583235136904,0.4760205530661595,0.22659556694141234,0.7016562866035597,0.7298773690078038,"[[73, 65], [28, 102]]",0.6868686868686869,268,138,130,0.6107784431137725,0.7846153846153846,COMPLETE,,,,,,,,,,,,,,
61,0.7297658862876254,2026-08-24 19:22:16.508201,2026-08-24 19:24:18.424694,0 days 00:02:01.916493,121.916493,64,pca,sum,null,True,32768,0.25,65536,8.0,True,7,1,443.718512,0.6567164179104478,0.029003342856568512,0.4748051856891602,0.2254399643573179,0.70135159105179,0.7297658862876254,"[[74, 64], [28, 102]]",0.6891891891891891,268,138,130,0.6144578313253012,0.7846153846153846,COMPLETE,,,,,,,,,,,,,,
27,0.7295429208472688,2026-08-24 18:19:01.141138,2026-08-24 18:20:48.840346,0 days 00:01:47.699208,107.699208,64,first_k,max,"[1,3,7,28]",False,65536,0.25,32768,8.0,False,7,1,448.598692,0.667910447761194,0.028768639741643336,0.4709629301045204,0.22180608153263534,0.6934846902254375,0.7295429208472688,"[[74, 64], [25, 105]]",0.7023411371237458,268,138,130,0.621301775147929,0.8076923076923077,COMPLETE,,,,,,,,,,,,,,
63,0.7287346711259755,2026-08-24 19:26:26.523356,2026-08-24 19:28:28.200219,0 days 00:02:01.676863,121.676863,64,pca,mean,null,True,32768,0.75,16384,8.0,False,7,1,447.04242,0.6753731343283582,0.02860202110042719,0.468235265391072,0.21924426375584763,0.7167582502886791,0.7287346711259755,"[[82, 56], [31, 99]]",0.6947368421052632,268,138,130,0.6387096774193548,0.7615384615384615,COMPLETE,,,,,,,,,,,,,,
36,0.728010033444816,2026-08-24 18:35:31.035164,2026-08-24 18:37:36.509715,0 days 00:02:05.474551,125.474551,32,gaussian_random_projection,max,"[1,3,7,28]",False,65536,0.75,65536,4.0,True,7,1,447.72461,0.6865671641791045,0.028336510205650797,0.46388866471403145,0.21519269325016707,0.6948757240715557,0.728010033444816,"[[76, 62], [22, 108]]",0.72,268,138,130,0.6352941176470588,0.8307692307692308,COMPLETE,,,,,,,,,,,,,,
60,0.7277870680044594,2026-08-24 19:20:42.983869,2026-08-24 19:22:16.455918,0 days 00:01:33.472049,93.472049,64,first_k,max,"[1,7,28]",True,65536,0.25,32768,8.0,False,7,1,445.38046599999996,0.667910447761194,0.028768639741643336,0.4709629301045204,0.22180608153263534,0.6982782364765224,0.7277870680044594,"[[72, 66], [23, 107]]",0.7062706270627063,268,138,130,0.6184971098265896,0.823076923076923,COMPLETE,,,,,,,,,,,,,,
38,0.7271181716833891,2026-08-24 18:39:53.377568,2026-08-24 18:41:40.453535,0 days 00:01:47.075967,107.075967,32,first_k,max,"[1,3,7,28]",False,65536,0.25,16384,8.0,False,7,1,448.338902,0.6716417910447762,0.028686356914236693,0.4696159021657395,0.2205390955669414,0.6858789484410172,0.7271181716833891,"[[71, 67], [21, 109]]",0.7124183006535948,268,138,130,0.6193181818181818,0.8384615384615385,COMPLETE,,,,,,,,,,,,,,
37,0.7269509476031215,2026-08-24 18:37:36.559594,2026-08-24 18:39:53.337429,0 days 00:02:16.777835,136.777835,32,pca,mean,null,False,65536,0.75,32768,4.0,True,7,1,448.079112,0.6492537313432836,0.02914985238948488,0.4772036501118856,0.22772332368010692,0.6998994814790744,0.7269509476031215,"[[78, 60], [34, 96]]",0.6713286713286714,268,138,130,0.6153846153846154,0.7384615384615385,COMPLETE,,,,,,,,,,,,,,
81,0.726923076923077,2026-08-24 19:59:20.847920,2026-08-24 20:01:17.046714,0 days 00:01:56.198794,116.198794,32,pca,max,"[1,3,7,28]",True,32768,0.25,65536,8.0,False,7,1,447.04242,0.6529850746268657,0.029077583235136904,0.4760205530661595,0.22659556694141234,0.7011228381351672,0.726923076923077,"[[78, 60], [33, 97]]",0.6759581881533101,268,138,130,0.6178343949044586,0.7461538461538462,COMPLETE,,,,,,,,,,,,,,
13,0.726226309921962,2026-08-24 17:51:53.678058,2026-08-24 17:54:26.439417,0 days 00:02:32.761359,152.761359,64,pca,mean,"[1,3,7,28]",True,65536,0.75,16384,4.0,False,7,1,410.536936,0.6716417910447762,0.028686356914236693,0.4696159021657395,0.2205390955669414,0.7033548684513505,0.726226309921962,"[[79, 59], [29, 101]]",0.696551724137931,268,138,130,0.63125,0.7769230769230769,COMPLETE,,,,,,,,,,,,,,
96,0.7260312151616499,2026-08-24 20:26:39.423035,2026-08-24 20:28:11.128178,0 days 00:01:31.705143,91.705143,32,first_k,mean,"[1,7,28]",True,65536,0.75,65536,8.0,True,7,1,447.12331,0.6865671641791045,0.028336510205650797,0.46388866471403145,0.21519269325016707,0.6871385105814516,0.7260312151616499,"[[87, 51], [33, 97]]",0.697841726618705,268,138,130,0.6554054054054054,0.7461538461538462,COMPLETE,,,,,,,,,,,,,,
83,0.7250557413600892,2026-08-24 20:02:55.648049,2026-08-24 20:04:38.051971,0 days 00:01:42.403922,102.403922,32,first_k,mean,"[1,7,28]",False,65536,0.75,32768,8.0,True,7,1,447.04242,0.6791044776119403,0.0285156140849076,0.46682072158308696,0.217921586099354,0.6806972284868782,0.7250557413600892,"[[78, 60], [26, 104]]",0.7074829931972789,268,138,130,0.6341463414634146,0.8,COMPLETE,,,,,,,,,,,,,,
10,0.7248327759197324,2026-08-24 17:45:59.423140,2026-08-24 17:47:31.503337,0 days 00:01:32.080197,92.080197,32,first_k,mean,"[1,3,7,28]",True,65536,0.25,65536,8.0,True,7,1,396.099176,0.6865671641791045,0.028336510205650797,0.46388866471403145,0.21519269325016707,0.6814344349397836,0.7248327759197324,"[[89, 49], [35, 95]]",0.6934306569343066,268,138,130,0.6597222222222222,0.7307692307692307,COMPLETE,,,,,,,,,,,,,,
52,0.7245540691192864,2026-08-24 19:06:04.698469,2026-08-24 19:08:23.087889,0 days 00:02:18.389420,138.38942,64,pca,max,"[1,3,7,28]",False,32768,0.25,16384,4.0,False,7,1,447.72461,0.6791044776119403,0.0285156140849076,0.46682072158308696,0.217921586099354,0.6967507289537118,0.7245540691192864,"[[80, 58], [28, 102]]",0.7034482758620689,268,138,130,0.6375,0.7846153846153846,COMPLETE,,,,,,,,,,,,,,
25,0.7242474916387961,2026-08-24 18:15:07.801135,2026-08-24 18:17:21.498748,0 days 00:02:13.697613,133.697613,64,pca,mean,"[1,7,28]",False,32768,0.75,16384,8.0,True,7,1,448.598692,0.6343283582089553,0.02941950136179134,0.4816179940376881,0.2319558921808866,0.7054835037523789,0.7242474916387961,"[[75, 63], [35, 95]]",0.6597222222222222,268,138,130,0.6012658227848101,0.7307692307692307,COMPLETE,,,,,,,,,,,,,,
40,0.7241638795986624,2026-08-24 18:43:46.367615,2026-08-24 18:45:37.188697,0 days 00:01:50.821082,110.821082,32,gaussian_random_projection,max,null,True,65536,0.75,32768,4.0,True,7,1,448.338902,0.664179104477612,0.02884888714924263,0.4722766367849773,0.22304522165292937,0.7022209807334088,0.7241638795986624,"[[70, 68], [22, 108]]",0.7058823529411765,268,138,130,0.6136363636363636,0.8307692307692308,COMPLETE,,,,,,,,,,,,,,
69,0.72396878483835,2026-08-24 19:38:10.716193,2026-08-24 19:39:56.672863,0 days 00:01:45.956670,105.95667,32,first_k,mean,"[1,3,7,28]",False,65536,0.25,32768,8.0,False,7,1,447.370108,0.6567164179104478,0.029003342856568512,0.4748051856891602,0.2254399643573179,0.6878992327048234,0.72396878483835,"[[67, 71], [21, 109]]",0.7032258064516129,268,138,130,0.6055555555555555,0.8384615384615385,COMPLETE,,,,,,,,,,,,,,
4,0.7238851727982163,2026-08-24 17:35:57.539973,2026-08-24 17:37:31.262780,0 days 00:01:33.722807,93.722807,64,first_k,max,"[1,7,28]",True,65536,0.25,16384,4.0,False,7,1,493.016474,0.664179104477612,0.02884888714924263,0.4722766367849773,0.22304522165292937,0.6875788852311773,0.7238851727982163,"[[67, 71], [19, 111]]",0.7115384615384616,268,138,130,0.6098901098901099,0.8538461538461538,COMPLETE,,,,,,,,,,,,,,
35,0.7234392419175028,2026-08-24 18:33:34.972891,2026-08-24 18:35:30.992624,0 days 00:01:56.019733,116.019733,32,pca,max,"[1,7,28]",True,32768,0.25,32768,8.0,False,7,1,447.370108,0.667910447761194,0.028768639741643336,0.4709629301045204,0.22180608153263534,0.698938934566748,0.7234392419175028,"[[81, 57], [32, 98]]",0.6877192982456141,268,138,130,0.632258064516129,0.7538461538461538,COMPLETE,,,,,,,,,,,,,,
71,0.7231605351170568,2026-08-24 19:42:01.680148,2026-08-24 19:44:03.322509,0 days 00:02:01.642361,121.642361,64,pca,max,null,True,32768,0.75,16384,4.0,False,7,1,447.370108,0.6529850746268657,0.029077583235136904,0.4760205530661595,0.22659556694141234,0.7016163267386156,0.7231605351170568,"[[71, 67], [26, 104]]",0.6910299003322259,268,138,130,0.6081871345029239,0.8,COMPLETE,,,,,,,,,,,,,,
49,0.7231605351170568,2026-08-24 19:01:28.820885,2026-08-24 19:02:55.349587,0 days 00:01:26.528702,86.528702,64,first_k,max,"[1,7,28]",True,32768,0.25,16384,8.0,True,7,1,448.598692,0.6791044776119403,0.0285156140849076,0.46682072158308696,0.217921586099354,0.6957393483444497,0.7231605351170568,"[[81, 57], [29, 101]]",0.7013888888888888,268,138,130,0.6392405063291139,0.7769230769230769,COMPLETE,,,,,,,,,,,,,,
43,0.7229933110367892,2026-08-24 18:49:35.700950,2026-08-24 18:51:41.893741,0 days 00:02:06.192791,126.192791,64,pca,max,"[1,3,7,28]",True,32768,0.75,16384,4.0,False,7,1,448.079112,0.6828358208955224,0.028427116980820802,0.4653719615506079,0.21657106259746045,0.691191817419077,0.7229933110367892,"[[81, 57], [28, 102]]",0.7058823529411765,268,138,130,0.6415094339622641,0.7846153846153846,COMPLETE,,,,,,,,,,,,,,
57,0.7226588628762541,2026-08-24 19:16:02.409842,2026-08-24 19:17:30.246455,0 days 00:01:27.836613,87.836613,32,first_k,mean,null,True,65536,0.25,65536,8.0,True,7,1,447.370108,0.6940298507462687,0.028148885679502293,0.4608171188436696,0.2123524170193807,0.669438030402792,0.7226588628762541,"[[88, 50], [32, 98]]",0.7050359712230215,268,138,130,0.6621621621621622,0.7538461538461538,COMPLETE,,,,,,,,,,,,,,
66,0.7222965440356744,2026-08-24 19:32:36.768930,2026-08-24 19:34:32.034029,0 days 00:01:55.265099,115.265099,32,gaussian_random_projection,max,"[1,3,7,28]",True,65536,0.25,65536,4.0,False,7,1,447.20626400000003,0.6791044776119403,0.0285156140849076,0.46682072158308696,0.217921586099354,0.6974126840672166,0.7222965440356744,"[[76, 62], [24, 106]]",0.7114093959731543,268,138,130,0.6309523809523809,0.8153846153846154,COMPLETE,,,,,,,,,,,,,,
34,0.7221014492753622,2026-08-24 18:32:06.992695,2026-08-24 18:33:34.926903,0 days 00:01:27.934208,87.934208,32,first_k,max,null,False,65536,0.75,16384,8.0,True,7,1,447.72461,0.6828358208955224,0.028427116980820802,0.4653719615506079,0.21657106259746045,0.6789661961671378,0.7221014492753622,"[[76, 62], [23, 107]]",0.7157190635451505,268,138,130,0.6331360946745562,0.823076923076923,COMPLETE,,,,,,,,,,,,,,
28,0.721850613154961,2026-08-24 18:20:48.883309,2026-08-24 18:22:40.903087,0 days 00:01:52.019778,112.019778,32,gaussian_random_projection,max,"[1,3,7,28]",False,32768,0.25,16384,4.0,False,7,1,447.98440000000005,0.6753731343283582,0.02860202110042719,0.468235265391072,0.21924426375584763,0.6856871978898125,0.721850613154961,"[[77, 61], [26, 104]]",0.7050847457627119,268,138,130,0.6303030303030303,0.8,COMPLETE,,,,,,,,,,,,,,
89,0.7215440356744705,2026-08-24 20:13:39.858601,2026-08-24 20:15:54.344158,0 days 00:02:14.485557,134.485557,64,pca,max,"[1,7,28]",False,32768,0.25,65536,8.0,True,7,1,447.04242,0.667910447761194,0.028768639741643336,0.4709629301045204,0.22180608153263534,0.7028186820621296,0.7215440356744705,"[[80, 58], [31, 99]]",0.6898954703832753,268,138,130,0.6305732484076433,0.7615384615384615,COMPLETE,,,,,,,,,,,,,,
97,0.721516164994426,2026-08-24 20:28:11.172672,2026-08-24 20:30:34.278682,0 days 00:02:23.106010,143.10601,32,pca,max,"[1,3,7,28]",False,65536,0.25,16384,8.0,False,7,1,447.04242,0.6753731343283582,0.02860202110042719,0.468235265391072,0.21924426375584763,0.6968683876449692,0.721516164994426,"[[80, 58], [29, 101]]",0.698961937716263,268,138,130,0.6352201257861635,0.7769230769230769,COMPLETE,,,,,,,,,,,,,,
42,0.7214882943143813,2026-08-24 18:47:18.321950,2026-08-24 18:49:35.655949,0 days 00:02:17.333999,137.333999,64,pca,max,"[1,3,7,28]",False,32768,0.75,16384,4.0,False,7,1,447.72461,0.6604477611940298,0.02892711607656049,0.473557299519101,0.22425651592782359,0.6980732941742547,0.7214882943143813,"[[71, 67], [24, 106]]",0.6996699669966997,268,138,130,0.6127167630057804,0.8153846153846154,COMPLETE,,,,,,,,,,,,,,
67,0.7213210702341137,2026-08-24 19:34:32.082873,2026-08-24 19:36:16.149784,0 days 00:01:44.066911,104.066911,64,first_k,max,"[1,7,28]",False,65536,0.75,16384,8.0,False,7,1,447.370108,0.6753731343283582,0.02860202110042719,0.468235265391072,0.21924426375584763,0.6802539263502723,0.7213210702341137,"[[74, 64], [23, 107]]",0.7109634551495017,268,138,130,0.6257309941520468,0.823076923076923,COMPLETE,,,,,,,,,,,,,,
95,0.7207636566332218,2026-08-24 20:25:16.266113,2026-08-24 20:26:39.373680,0 days 00:01:23.107567,83.107567,64,first_k,sum,null,True,32768,0.75,16384,4.0,False,7,1,447.2042,0.6567164179104478,0.029003342856568512,0.4748051856891602,0.2254399643573179,0.6791735383634697,0.7207636566332218,"[[68, 70], [22, 108]]",0.7012987012987013,268,138,130,0.6067415730337079,0.8307692307692308,COMPLETE,,,,,,,,,,,,,,
79,0.715691192865106,2026-08-24 19:56:21.307350,2026-08-24 19:57:57.565730,0 days 00:01:36.258380,96.25838,64,first_k,sum,"[1,7,28]",False,32768,0.75,65536,4.0,True,7,1,447.2042,0.667910447761194,0.028768639741643336,0.4709629301045204,0.22180608153263534,0.6763505162973891,0.715691192865106,"[[74, 64], [25, 105]]",0.7023411371237458,268,138,130,0.621301775147929,0.8076923076923077,COMPLETE,,,,,,,,,,,,,,
77,0.7154403567447046,2026-08-24 19:53:08.859161,2026-08-24 19:54:50.928847,0 days 00:01:42.069686,102.069686,32,first_k,max,"[1,7,28]",False,65536,0.75,32768,4.0,True,7,1,447.370108,0.667910447761194,0.028768639741643336,0.4709629301045204,0.22180608153263534,0.6749293846074248,0.7154403567447046,"[[81, 57], [32, 98]]",0.6877192982456141,268,138,130,0.632258064516129,0.7538461538461538,COMPLETE,,,,,,,,,,,,,,
6,0.7144370122630992,2026-08-24 17:39:45.590081,2026-08-24 17:41:11.168064,0 days 00:01:25.577983,85.577983,32,first_k,max,"[1,3,7,28]",True,32768,0.25,32768,8.0,True,7,1,473.745082,0.667910447761194,0.028768639741643336,0.4709629301045204,0.22180608153263534,0.6731716535154266,0.7144370122630992,"[[76, 62], [27, 103]]",0.6983050847457627,268,138,130,0.6242424242424243,0.7923076923076923,COMPLETE,,,,,,,,,,,,,,
54,0.7130713489409142,2026-08-24 19:10:51.884043,2026-08-24 19:12:19.585093,0 days 00:01:27.701050,87.70105,32,first_k,sum,null,True,65536,0.25,16384,8.0,True,7,1,448.338902,0.6716417910447762,0.028686356914236693,0.4696159021657395,0.2205390955669414,0.6740552744035717,0.7130713489409142,"[[77, 61], [27, 103]]",0.7006802721088435,268,138,130,0.6280487804878049,0.7923076923076923,COMPLETE,,,,,,,,,,,,,,
19,0.7114269788182831,2026-08-24 18:03:53.709348,2026-08-24 18:05:19.985468,0 days 00:01:26.276120,86.27612,64,first_k,sum,"[1,7,28]",True,32768,0.25,32768,4.0,True,7,1,448.598692,0.6417910447761194,0.029288534995267634,0.4794739822151943,0.2298952996212965,0.6784644883670061,0.7114269788182831,"[[76, 62], [34, 96]]",0.6666666666666666,268,138,130,0.6075949367088608,0.7384615384615385,COMPLETE,,,,,,,,,,,,,,
73,0.7109810479375698,2026-08-24 19:45:56.232849,2026-08-24 19:47:19.200777,0 days 00:01:22.967928,82.967928,64,first_k,sum,null,True,32768,0.25,65536,4.0,False,7,1,448.079112,0.664179104477612,0.02884888714924263,0.4722766367849773,0.22304522165292937,0.6649877543921732,0.7109810479375698,"[[73, 65], [25, 105]]",0.7,268,138,130,0.6176470588235294,0.8076923076923077,COMPLETE,,,,,,,,,,,,,,
46,0.6951783723522854,2026-08-24 18:55:22.636859,2026-08-24 18:56:46.649151,0 days 00:01:24.012292,84.012292,32,first_k,sum,"[1,7,28]",True,32768,0.25,16384,4.0,True,7,1,448.338902,0.6567164179104478,0.029003342856568512,0.4748051856891602,0.2254399643573179,0.6507037487381664,0.6951783723522854,"[[81, 57], [35, 95]]",0.6737588652482269,268,138,130,0.625,0.7307692307692307,COMPLETE,,,,,,,,,,,,,,
