dataset,task,split,rows,pos_rate
rel-amazon,user-churn,train,4708383,0.6239566747225109
rel-amazon,user-churn,val,409792,0.6420281508667812
rel-amazon,user-churn,test,351885,0.6064481293604445
rel-amazon,item-churn,train,2536014,0.43346448402887366
rel-amazon,item-churn,val,177689,0.41219208842415683
rel-amazon,item-churn,test,166842,0.3694932930557054
rel-avito,user-visits,train,86619,0.9058866992230342
rel-avito,user-visits,val,29979,0.9034991160479002
rel-avito,user-visits,test,36129,0.8505909380276232
rel-avito,user-clicks,train,59454,0.038719009654522824
rel-avito,user-clicks,val,21183,0.03516971156115753
rel-avito,user-clicks,test,47996,0.015417951495957996
rel-event,user-repeat,train,3842,0.4898490369599167
rel-event,user-repeat,val,268,0.48507462686567165
rel-event,user-repeat,test,246,0.44715447154471544
rel-event,user-ignore,train,19239,0.16877176568428712
rel-event,user-ignore,val,2013,0.1107799304520616
rel-event,user-ignore,test,1958,0.1302349336057201
rel-f1,driver-dnf,train,11411,0.8803785820699325
rel-f1,driver-dnf,val,566,0.7791519434628975
rel-f1,driver-dnf,test,702,0.7051282051282052
rel-f1,driver-top3,train,1353,0.17073170731707318
rel-f1,driver-top3,val,588,0.20238095238095238
rel-f1,driver-top3,test,726,0.1763085399449036
rel-hm,user-churn,train,3832692,0.8187323687893522
rel-hm,user-churn,val,76556,0.8128036992528346
rel-hm,user-churn,test,74575,0.8261347636607442
rel-stack,user-engagement,train,1360850,0.04998346621596796
rel-stack,user-engagement,val,85838,0.02808779328502528
rel-stack,user-engagement,test,88137,0.027355140292953016
rel-stack,user-badge,train,3386276,0.048149648758695394
rel-stack,user-badge,val,247398,0.029511152070752392
rel-stack,user-badge,test,255360,0.02637453007518797
rel-trial,study-outcome,train,11994,0.6375687843921961
rel-trial,study-outcome,val,960,0.584375
rel-trial,study-outcome,test,825,0.5854545454545454
