dataset,task,split,rows,mean,std
rel-amazon,user-ltv,train,4708383,16.965935298806407,57.50519574348794
rel-amazon,user-ltv,val,409792,14.140715240902702,48.92365697715401
rel-amazon,user-ltv,test,351885,16.78297941088708,55.44218849512533
rel-amazon,item-ltv,train,2707679,67.57190410310822,590.9188248003882
rel-amazon,item-ltv,val,166978,72.09635778366012,452.0176398135224
rel-amazon,item-ltv,test,178334,77.1255633249969,664.6141083072528
rel-avito,ad-ctr,train,5100,0.04456519150977653,0.09567494340715577
rel-avito,ad-ctr,val,1766,0.048414460851862066,0.09922922845381675
rel-avito,ad-ctr,test,1816,0.052209855666190366,0.10978325034645917
rel-event,user-attendance,train,19239,0.36270076407297674,0.7651533955340627
rel-event,user-attendance,val,2013,0.26179831097863887,0.5242775442423109
rel-event,user-attendance,test,1958,0.2635342185903984,0.6425614394580991
rel-f1,driver-position,train,7453,13.901437899727178,7.025733902396073
rel-f1,driver-position,val,499,11.083199732798931,4.640725612219184
rel-f1,driver-position,test,760,11.926206140350875,5.213816762826047
rel-hm,item-sales,train,5488184,0.07596521383369131,0.4953213269368181
rel-hm,item-sales,val,105542,0.08569022180582607,0.6622938017339951
rel-hm,item-sales,test,105542,0.07608704511241236,0.5827104213255856
rel-stack,post-votes,train,2453921,0.09305108029150083,0.5104313497537508
rel-stack,post-votes,val,156216,0.06169022379269729,0.3660398299097635
rel-stack,post-votes,test,160903,0.0679042653026979,0.3690800007699657
rel-trial,study-adverse,train,43335,39.84326756663205,339.1105326780317
rel-trial,study-adverse,val,3596,57.08286985539488,391.1700942606549
rel-trial,study-adverse,test,3098,57.930277598450616,249.7265401003037
rel-trial,site-success,train,151407,0.4423955379010611,0.4758632591493917
rel-trial,site-success,val,19740,0.47493716818532633,0.4777060822663025
rel-trial,site-success,test,22617,0.46222197509331003,0.48123099498521854
